backend,depth,j,proof_id,leaf_index,root,proof_file,proof_sha256,public_file,public_sha256,input_sha256,zkey_sha256,vkey_sha256,wasm_sha256,verified_offchain,root_matches_committed,generated_at_utc,prove_wall_ms_engineering
groth16,5,0,G16-d5-p0,2,8772061116891597512098326450504850663371859585885077427179882578819842555696,groth16/d5/p0.proof.json,6470af472b8d2978560b7db24a3386245611afa6cc5a2dd00c193e462ebc7326,groth16/d5/p0.public.json,f5538363769f4c909cbc124cc35db980fcd98991f60292f281b0d0bb04a49e74,755a048a87d68abc89dc7a85b10f96bb78a264cd0380270bb690b3e5bc4a3d5c,41c7636150900ee72cf6323930dd506bd0fc015a94a20905cc61c856b4fe919a,29db25872edc00211232ad17b7823af28973552a03e201a1929adb695c750560,d55a45dca0a237648b31a53a5b8c9694489748ca4ac7359bd3898e68cb7ccfb2,1,1,2026-09-25T09:36:53.146Z,263
plonk,5,0,PLK-d5-p0,2,8772061116891597512098326450504850663371859585885077427179882578819842555696,plonk/d5/p0.proof.json,9e63bed3c62c431475178aea053940da3c8f27bffd365caea3c10ebf2a7a39b1,plonk/d5/p0.public.json,f5538363769f4c909cbc124cc35db980fcd98991f60292f281b0d0bb04a49e74,755a048a87d68abc89dc7a85b10f96bb78a264cd0380270bb690b3e5bc4a3d5c,8b7d89ef154d0704a4a5fb8df978ea728f0decad61374b1d3a80a026ad357fec,9424cc86468f25ed703a6a03b759ffde4ecbbd6b2fe07d8cebda7af5af748849,d55a45dca0a237648b31a53a5b8c9694489748ca4ac7359bd3898e68cb7ccfb2,1,1,2026-09-25T09:37:01.284Z,8137
groth16,5,1,G16-d5-p1,6,8772061116891597512098326450504850663371859585885077427179882578819842555696,groth16/d5/p1.proof.json,01a558311364d0d603ca0516552f9b16709e0ec6eddd7395d3cf038620cd2b19,groth16/d5/p1.public.json,f5538363769f4c909cbc124cc35db980fcd98991f60292f281b0d0bb04a49e74,90ffcab56c98cf23d5c81078c5fa00cba35b552954481884211ba4eda8a7e3a8,41c7636150900ee72cf6323930dd506bd0fc015a94a20905cc61c856b4fe919a,29db25872edc00211232ad17b7823af28973552a03e201a1929adb695c750560,d55a45dca0a237648b31a53a5b8c9694489748ca4ac7359bd3898e68cb7ccfb2,1,1,2026-09-25T09:37:01.446Z,160
plonk,5,1,PLK-d5-p1,6,8772061116891597512098326450504850663371859585885077427179882578819842555696,plonk/d5/p1.proof.json,4ecb32f53244f69f33a94013db9840b0863b3bae59018f82aad556a22c467b27,plonk/d5/p1.public.json,f5538363769f4c909cbc124cc35db980fcd98991f60292f281b0d0bb04a49e74,90ffcab56c98cf23d5c81078c5fa00cba35b552954481884211ba4eda8a7e3a8,8b7d89ef154d0704a4a5fb8df978ea728f0decad61374b1d3a80a026ad357fec,9424cc86468f25ed703a6a03b759ffde4ecbbd6b2fe07d8cebda7af5af748849,d55a45dca0a237648b31a53a5b8c9694489748ca4ac7359bd3898e68cb7ccfb2,1,1,2026-09-25T09:37:09.605Z,8158
groth16,5,2,G16-d5-p2,10,8772061116891597512098326450504850663371859585885077427179882578819842555696,groth16/d5/p2.proof.json,3fc013893aa8831bafeadfa0346939e28a7513432e2c1b9ba4c6e7ec9d1bc5e9,groth16/d5/p2.public.json,f5538363769f4c909cbc124cc35db980fcd98991f60292f281b0d0bb04a49e74,c4021c879afa01c0b8e4ae0e6eaa56fa44340f601ba0a0df6ced45a025c04555,41c7636150900ee72cf6323930dd506bd0fc015a94a20905cc61c856b4fe919a,29db25872edc00211232ad17b7823af28973552a03e201a1929adb695c750560,d55a45dca0a237648b31a53a5b8c9694489748ca4ac7359bd3898e68cb7ccfb2,1,1,2026-09-25T09:37:09.769Z,163
plonk,5,2,PLK-d5-p2,10,8772061116891597512098326450504850663371859585885077427179882578819842555696,plonk/d5/p2.proof.json,c90d38f8bd09480bc8f49ee4f1543a3dc19049b10b53f43b7f552e6e422d11d9,plonk/d5/p2.public.json,f5538363769f4c909cbc124cc35db980fcd98991f60292f281b0d0bb04a49e74,c4021c879afa01c0b8e4ae0e6eaa56fa44340f601ba0a0df6ced45a025c04555,8b7d89ef154d0704a4a5fb8df978ea728f0decad61374b1d3a80a026ad357fec,9424cc86468f25ed703a6a03b759ffde4ecbbd6b2fe07d8cebda7af5af748849,d55a45dca0a237648b31a53a5b8c9694489748ca4ac7359bd3898e68cb7ccfb2,1,1,2026-09-25T09:37:17.951Z,8181
groth16,5,3,G16-d5-p3,14,8772061116891597512098326450504850663371859585885077427179882578819842555696,groth16/d5/p3.proof.json,b456a5a54524c342800b9cd2d133a8aa16e21e4d28c46213d969e35be9e05530,groth16/d5/p3.public.json,f5538363769f4c909cbc124cc35db980fcd98991f60292f281b0d0bb04a49e74,09db843afb8cd2eaf6d10672a9126bbe135d09647d1dd1c6a5a229049deda60c,41c7636150900ee72cf6323930dd506bd0fc015a94a20905cc61c856b4fe919a,29db25872edc00211232ad17b7823af28973552a03e201a1929adb695c750560,d55a45dca0a237648b31a53a5b8c9694489748ca4ac7359bd3898e68cb7ccfb2,1,1,2026-09-25T09:37:18.117Z,165
plonk,5,3,PLK-d5-p3,14,8772061116891597512098326450504850663371859585885077427179882578819842555696,plonk/d5/p3.proof.json,97c353d14ca4f434a4b415cd5e9a6b0a8e67dda2fea850ba0a5570a8468be4d3,plonk/d5/p3.public.json,f5538363769f4c909cbc124cc35db980fcd98991f60292f281b0d0bb04a49e74,09db843afb8cd2eaf6d10672a9126bbe135d09647d1dd1c6a5a229049deda60c,8b7d89ef154d0704a4a5fb8df978ea728f0decad61374b1d3a80a026ad357fec,9424cc86468f25ed703a6a03b759ffde4ecbbd6b2fe07d8cebda7af5af748849,d55a45dca0a237648b31a53a5b8c9694489748ca4ac7359bd3898e68cb7ccfb2,1,1,2026-09-25T09:37:26.452Z,8334
groth16,5,4,G16-d5-p4,18,8772061116891597512098326450504850663371859585885077427179882578819842555696,groth16/d5/p4.proof.json,7698076bd7186eec4fdf0b10fa013da3f17713388820ffad579d757fe24b6c35,groth16/d5/p4.public.json,f5538363769f4c909cbc124cc35db980fcd98991f60292f281b0d0bb04a49e74,58f8647c2916e91b0ff4abda26c74a9ee34339a66e8f3283707404c9ce599b8a,41c7636150900ee72cf6323930dd506bd0fc015a94a20905cc61c856b4fe919a,29db25872edc00211232ad17b7823af28973552a03e201a1929adb695c750560,d55a45dca0a237648b31a53a5b8c9694489748ca4ac7359bd3898e68cb7ccfb2,1,1,2026-09-25T09:37:26.616Z,162
plonk,5,4,PLK-d5-p4,18,8772061116891597512098326450504850663371859585885077427179882578819842555696,plonk/d5/p4.proof.json,18044fe7f015f2c3c3e3ec9f0325769b4b457eae601111955647e7b8733dc62e,plonk/d5/p4.public.json,f5538363769f4c909cbc124cc35db980fcd98991f60292f281b0d0bb04a49e74,58f8647c2916e91b0ff4abda26c74a9ee34339a66e8f3283707404c9ce599b8a,8b7d89ef154d0704a4a5fb8df978ea728f0decad61374b1d3a80a026ad357fec,9424cc86468f25ed703a6a03b759ffde4ecbbd6b2fe07d8cebda7af5af748849,d55a45dca0a237648b31a53a5b8c9694489748ca4ac7359bd3898e68cb7ccfb2,1,1,2026-09-25T09:37:35.191Z,8574
groth16,5,5,G16-d5-p5,22,8772061116891597512098326450504850663371859585885077427179882578819842555696,groth16/d5/p5.proof.json,1ad278ad2b1272f849c74622ab0d351849f54a3b00dde1e7a8785774eca23a14,groth16/d5/p5.public.json,f5538363769f4c909cbc124cc35db980fcd98991f60292f281b0d0bb04a49e74,9f48f9cfb0d15acceab15900f45dd55612024b555d70f8dd83f1be9f807da09b,41c7636150900ee72cf6323930dd506bd0fc015a94a20905cc61c856b4fe919a,29db25872edc00211232ad17b7823af28973552a03e201a1929adb695c750560,d55a45dca0a237648b31a53a5b8c9694489748ca4ac7359bd3898e68cb7ccfb2,1,1,2026-09-25T09:37:35.353Z,160
plonk,5,5,PLK-d5-p5,22,8772061116891597512098326450504850663371859585885077427179882578819842555696,plonk/d5/p5.proof.json,cc671da68e1e6a94b498e624a556387e1c2eb80b1e693e3885538f65e752cb50,plonk/d5/p5.public.json,f5538363769f4c909cbc124cc35db980fcd98991f60292f281b0d0bb04a49e74,9f48f9cfb0d15acceab15900f45dd55612024b555d70f8dd83f1be9f807da09b,8b7d89ef154d0704a4a5fb8df978ea728f0decad61374b1d3a80a026ad357fec,9424cc86468f25ed703a6a03b759ffde4ecbbd6b2fe07d8cebda7af5af748849,d55a45dca0a237648b31a53a5b8c9694489748ca4ac7359bd3898e68cb7ccfb2,1,1,2026-09-25T09:37:43.598Z,8244
groth16,5,6,G16-d5-p6,26,8772061116891597512098326450504850663371859585885077427179882578819842555696,groth16/d5/p6.proof.json,3ac4fde0ac621de87abc774daf4e8642f51d65b14d21bdd5a75e9b75fa19db38,groth16/d5/p6.public.json,f5538363769f4c909cbc124cc35db980fcd98991f60292f281b0d0bb04a49e74,b38189120a47c9346cf1d330e144f0a404c23f0f8514ac7ee88b5ad00a137cfb,41c7636150900ee72cf6323930dd506bd0fc015a94a20905cc61c856b4fe919a,29db25872edc00211232ad17b7823af28973552a03e201a1929adb695c750560,d55a45dca0a237648b31a53a5b8c9694489748ca4ac7359bd3898e68cb7ccfb2,1,1,2026-09-25T09:37:43.763Z,163
plonk,5,6,PLK-d5-p6,26,8772061116891597512098326450504850663371859585885077427179882578819842555696,plonk/d5/p6.proof.json,aee22d0aa30835c09fe728f61b0f01ed2a1855665290699947d58173e61a99db,plonk/d5/p6.public.json,f5538363769f4c909cbc124cc35db980fcd98991f60292f281b0d0bb04a49e74,b38189120a47c9346cf1d330e144f0a404c23f0f8514ac7ee88b5ad00a137cfb,8b7d89ef154d0704a4a5fb8df978ea728f0decad61374b1d3a80a026ad357fec,9424cc86468f25ed703a6a03b759ffde4ecbbd6b2fe07d8cebda7af5af748849,d55a45dca0a237648b31a53a5b8c9694489748ca4ac7359bd3898e68cb7ccfb2,1,1,2026-09-25T09:37:51.977Z,8213
groth16,5,7,G16-d5-p7,30,8772061116891597512098326450504850663371859585885077427179882578819842555696,groth16/d5/p7.proof.json,3cebb7342df5d4818404f31867f3e75476a392e50c88adb46ed64d85802555a4,groth16/d5/p7.public.json,f5538363769f4c909cbc124cc35db980fcd98991f60292f281b0d0bb04a49e74,0a4df60a99e21516797137f99758f93df8681309b271e925a8b28d5a9fde606d,41c7636150900ee72cf6323930dd506bd0fc015a94a20905cc61c856b4fe919a,29db25872edc00211232ad17b7823af28973552a03e201a1929adb695c750560,d55a45dca0a237648b31a53a5b8c9694489748ca4ac7359bd3898e68cb7ccfb2,1,1,2026-09-25T09:37:52.138Z,159
plonk,5,7,PLK-d5-p7,30,8772061116891597512098326450504850663371859585885077427179882578819842555696,plonk/d5/p7.proof.json,7f60f04121eae2cc9eec86a88b9d42e5d13a388058d743f4cb7dbce1075473b3,plonk/d5/p7.public.json,f5538363769f4c909cbc124cc35db980fcd98991f60292f281b0d0bb04a49e74,0a4df60a99e21516797137f99758f93df8681309b271e925a8b28d5a9fde606d,8b7d89ef154d0704a4a5fb8df978ea728f0decad61374b1d3a80a026ad357fec,9424cc86468f25ed703a6a03b759ffde4ecbbd6b2fe07d8cebda7af5af748849,d55a45dca0a237648b31a53a5b8c9694489748ca4ac7359bd3898e68cb7ccfb2,1,1,2026-09-25T09:38:00.435Z,8296
groth16,10,0,G16-d10-p0,64,5493694120516454304625833950804950714434791624469988248149691492887491269863,groth16/d10/p0.proof.json,df2ac26cb757c395fcd1dd55efb8b6c9b63d547a177391e4721657d54165344e,groth16/d10/p0.public.json,17fe2afc218f62d38b427b4f9d23995e18d037fc22e02210b8752d14888034e6,2c307fd2552452840debe4ca24f54d0d54b0b7f81c65cfea241956af014192fe,656d9ee8dd285db6410e0a4b4317201829a1347f7cc3ef6d8de625e8f99f432a,b2e0c372701c111d3223221d2f2e30ce69644bc52b548c596f97298a6a990da0,bb2286e24a3b4fdffe9dc2bebe8c1afff86c7853d7b478cd5714ca9c555593e6,1,1,2026-09-25T09:38:00.672Z,235
plonk,10,0,PLK-d10-p0,64,5493694120516454304625833950804950714434791624469988248149691492887491269863,plonk/d10/p0.proof.json,acd0a0184ef41e3529c7d925ecc166f2456fcb94b347f25373c27e8bbd36207f,plonk/d10/p0.public.json,17fe2afc218f62d38b427b4f9d23995e18d037fc22e02210b8752d14888034e6,2c307fd2552452840debe4ca24f54d0d54b0b7f81c65cfea241956af014192fe,bebeabf9a0c71095a0054d8bd4225201a55744b4b0560ef0825703d4931d0ced,51246dbf5c96101372f9f2609a7b14971ea126d2955dd0e21cfa79bb450663e1,bb2286e24a3b4fdffe9dc2bebe8c1afff86c7853d7b478cd5714ca9c555593e6,1,1,2026-09-25T09:38:08.955Z,8282
groth16,10,1,G16-d10-p1,192,5493694120516454304625833950804950714434791624469988248149691492887491269863,groth16/d10/p1.proof.json,eb1cec6e1b5508e34dc71a213e85ed3f4ccd2bef6636854f3937a8b13812f1bc,groth16/d10/p1.public.json,17fe2afc218f62d38b427b4f9d23995e18d037fc22e02210b8752d14888034e6,a15a8b661c775cd99e040a35cd39d49ae7ac07b89ac2b839cca96009293fae98,656d9ee8dd285db6410e0a4b4317201829a1347f7cc3ef6d8de625e8f99f432a,b2e0c372701c111d3223221d2f2e30ce69644bc52b548c596f97298a6a990da0,bb2286e24a3b4fdffe9dc2bebe8c1afff86c7853d7b478cd5714ca9c555593e6,1,1,2026-09-25T09:38:09.186Z,229
plonk,10,1,PLK-d10-p1,192,5493694120516454304625833950804950714434791624469988248149691492887491269863,plonk/d10/p1.proof.json,007504459db581d7d063f49d7471a5449df56953af5e13b7d71c88a7d67f4d65,plonk/d10/p1.public.json,17fe2afc218f62d38b427b4f9d23995e18d037fc22e02210b8752d14888034e6,a15a8b661c775cd99e040a35cd39d49ae7ac07b89ac2b839cca96009293fae98,bebeabf9a0c71095a0054d8bd4225201a55744b4b0560ef0825703d4931d0ced,51246dbf5c96101372f9f2609a7b14971ea126d2955dd0e21cfa79bb450663e1,bb2286e24a3b4fdffe9dc2bebe8c1afff86c7853d7b478cd5714ca9c555593e6,1,1,2026-09-25T09:38:17.520Z,8333
groth16,10,2,G16-d10-p2,320,5493694120516454304625833950804950714434791624469988248149691492887491269863,groth16/d10/p2.proof.json,6729c44d3dd622b734b7df70a870e8a7ee8cb7b506c36b7d5c72bc911afee368,groth16/d10/p2.public.json,17fe2afc218f62d38b427b4f9d23995e18d037fc22e02210b8752d14888034e6,fbb8bda7adcb57861c2d4ef1367ca6fb9b16fa07db67a3d9a217d45467a26449,656d9ee8dd285db6410e0a4b4317201829a1347f7cc3ef6d8de625e8f99f432a,b2e0c372701c111d3223221d2f2e30ce69644bc52b548c596f97298a6a990da0,bb2286e24a3b4fdffe9dc2bebe8c1afff86c7853d7b478cd5714ca9c555593e6,1,1,2026-09-25T09:38:17.756Z,234
plonk,10,2,PLK-d10-p2,320,5493694120516454304625833950804950714434791624469988248149691492887491269863,plonk/d10/p2.proof.json,f22f0cc94f64471f571d92e2868b8190d192cc8fdff44172a3367fa2c192f435,plonk/d10/p2.public.json,17fe2afc218f62d38b427b4f9d23995e18d037fc22e02210b8752d14888034e6,fbb8bda7adcb57861c2d4ef1367ca6fb9b16fa07db67a3d9a217d45467a26449,bebeabf9a0c71095a0054d8bd4225201a55744b4b0560ef0825703d4931d0ced,51246dbf5c96101372f9f2609a7b14971ea126d2955dd0e21cfa79bb450663e1,bb2286e24a3b4fdffe9dc2bebe8c1afff86c7853d7b478cd5714ca9c555593e6,1,1,2026-09-25T09:38:26.103Z,8346
groth16,10,3,G16-d10-p3,448,5493694120516454304625833950804950714434791624469988248149691492887491269863,groth16/d10/p3.proof.json,008869eedd403179fc6acb4c1bd391f5df02dd8aeffb4b243ef21166ac6e346c,groth16/d10/p3.public.json,17fe2afc218f62d38b427b4f9d23995e18d037fc22e02210b8752d14888034e6,c073d02e195e9fbf63654c700943ab4d31f66e075f9cd8bd1d35043c8d9fd4aa,656d9ee8dd285db6410e0a4b4317201829a1347f7cc3ef6d8de625e8f99f432a,b2e0c372701c111d3223221d2f2e30ce69644bc52b548c596f97298a6a990da0,bb2286e24a3b4fdffe9dc2bebe8c1afff86c7853d7b478cd5714ca9c555593e6,1,1,2026-09-25T09:38:26.381Z,277
plonk,10,3,PLK-d10-p3,448,5493694120516454304625833950804950714434791624469988248149691492887491269863,plonk/d10/p3.proof.json,059c842a7ecac318607cf8e60411e0e1231136e1162badc03d024ae6864a2996,plonk/d10/p3.public.json,17fe2afc218f62d38b427b4f9d23995e18d037fc22e02210b8752d14888034e6,c073d02e195e9fbf63654c700943ab4d31f66e075f9cd8bd1d35043c8d9fd4aa,bebeabf9a0c71095a0054d8bd4225201a55744b4b0560ef0825703d4931d0ced,51246dbf5c96101372f9f2609a7b14971ea126d2955dd0e21cfa79bb450663e1,bb2286e24a3b4fdffe9dc2bebe8c1afff86c7853d7b478cd5714ca9c555593e6,1,1,2026-09-25T09:38:34.684Z,8302
groth16,10,4,G16-d10-p4,576,5493694120516454304625833950804950714434791624469988248149691492887491269863,groth16/d10/p4.proof.json,e7a2713d71a8b4c4a6f0f321e23df566f6be24c1ca5b43a64d66f33c88185699,groth16/d10/p4.public.json,17fe2afc218f62d38b427b4f9d23995e18d037fc22e02210b8752d14888034e6,20a6a2c0ca25fe4d3d285c23f2f3b37495cd4af0a495b415a92becaabbbfe8cc,656d9ee8dd285db6410e0a4b4317201829a1347f7cc3ef6d8de625e8f99f432a,b2e0c372701c111d3223221d2f2e30ce69644bc52b548c596f97298a6a990da0,bb2286e24a3b4fdffe9dc2bebe8c1afff86c7853d7b478cd5714ca9c555593e6,1,1,2026-09-25T09:38:34.921Z,235
plonk,10,4,PLK-d10-p4,576,5493694120516454304625833950804950714434791624469988248149691492887491269863,plonk/d10/p4.proof.json,953ae63a5f25db380a69845c03b18eb61e63e7ffeda55208ec6252408056b4bf,plonk/d10/p4.public.json,17fe2afc218f62d38b427b4f9d23995e18d037fc22e02210b8752d14888034e6,20a6a2c0ca25fe4d3d285c23f2f3b37495cd4af0a495b415a92becaabbbfe8cc,bebeabf9a0c71095a0054d8bd4225201a55744b4b0560ef0825703d4931d0ced,51246dbf5c96101372f9f2609a7b14971ea126d2955dd0e21cfa79bb450663e1,bb2286e24a3b4fdffe9dc2bebe8c1afff86c7853d7b478cd5714ca9c555593e6,1,1,2026-09-25T09:38:43.209Z,8287
groth16,10,5,G16-d10-p5,704,5493694120516454304625833950804950714434791624469988248149691492887491269863,groth16/d10/p5.proof.json,6017fa117048704c208768c16ab855c98de9ad52499cfa67103c54d8a401d121,groth16/d10/p5.public.json,17fe2afc218f62d38b427b4f9d23995e18d037fc22e02210b8752d14888034e6,99815dd07d15e1795b55f15875ec0a46d4b17bf2d56e50efb571025ae220a425,656d9ee8dd285db6410e0a4b4317201829a1347f7cc3ef6d8de625e8f99f432a,b2e0c372701c111d3223221d2f2e30ce69644bc52b548c596f97298a6a990da0,bb2286e24a3b4fdffe9dc2bebe8c1afff86c7853d7b478cd5714ca9c555593e6,1,1,2026-09-25T09:38:43.439Z,229
plonk,10,5,PLK-d10-p5,704,5493694120516454304625833950804950714434791624469988248149691492887491269863,plonk/d10/p5.proof.json,df2848bf5505e8cb5b3f763daef855bc6ba2a9074f94484b250a65b5e258fcb6,plonk/d10/p5.public.json,17fe2afc218f62d38b427b4f9d23995e18d037fc22e02210b8752d14888034e6,99815dd07d15e1795b55f15875ec0a46d4b17bf2d56e50efb571025ae220a425,bebeabf9a0c71095a0054d8bd4225201a55744b4b0560ef0825703d4931d0ced,51246dbf5c96101372f9f2609a7b14971ea126d2955dd0e21cfa79bb450663e1,bb2286e24a3b4fdffe9dc2bebe8c1afff86c7853d7b478cd5714ca9c555593e6,1,1,2026-09-25T09:38:51.800Z,8360
groth16,10,6,G16-d10-p6,832,5493694120516454304625833950804950714434791624469988248149691492887491269863,groth16/d10/p6.proof.json,de84e4017510e41b94b19dd0b993709a15a74547ec9e948ba782b59dfdb76541,groth16/d10/p6.public.json,17fe2afc218f62d38b427b4f9d23995e18d037fc22e02210b8752d14888034e6,938242a77e663995184b0c8486c726c2f0b56b69d14e805c57070767be99c67f,656d9ee8dd285db6410e0a4b4317201829a1347f7cc3ef6d8de625e8f99f432a,b2e0c372701c111d3223221d2f2e30ce69644bc52b548c596f97298a6a990da0,bb2286e24a3b4fdffe9dc2bebe8c1afff86c7853d7b478cd5714ca9c555593e6,1,1,2026-09-25T09:38:52.036Z,235
plonk,10,6,PLK-d10-p6,832,5493694120516454304625833950804950714434791624469988248149691492887491269863,plonk/d10/p6.proof.json,d3672585ec90215939fe7ed3810c72c4b1622ef9fd77b45eb5f9e8a1b407759d,plonk/d10/p6.public.json,17fe2afc218f62d38b427b4f9d23995e18d037fc22e02210b8752d14888034e6,938242a77e663995184b0c8486c726c2f0b56b69d14e805c57070767be99c67f,bebeabf9a0c71095a0054d8bd4225201a55744b4b0560ef0825703d4931d0ced,51246dbf5c96101372f9f2609a7b14971ea126d2955dd0e21cfa79bb450663e1,bb2286e24a3b4fdffe9dc2bebe8c1afff86c7853d7b478cd5714ca9c555593e6,1,1,2026-09-25T09:39:00.347Z,8310
groth16,10,7,G16-d10-p7,960,5493694120516454304625833950804950714434791624469988248149691492887491269863,groth16/d10/p7.proof.json,834bf7843e37f798c0fd2d00321001ee1919b006f46b818b5ab3492079f27930,groth16/d10/p7.public.json,17fe2afc218f62d38b427b4f9d23995e18d037fc22e02210b8752d14888034e6,eb269e845576718544b9aa9f3e376a0ef72896c1d5d441759c33cc2b5b15daa8,656d9ee8dd285db6410e0a4b4317201829a1347f7cc3ef6d8de625e8f99f432a,b2e0c372701c111d3223221d2f2e30ce69644bc52b548c596f97298a6a990da0,bb2286e24a3b4fdffe9dc2bebe8c1afff86c7853d7b478cd5714ca9c555593e6,1,1,2026-09-25T09:39:00.582Z,233
plonk,10,7,PLK-d10-p7,960,5493694120516454304625833950804950714434791624469988248149691492887491269863,plonk/d10/p7.proof.json,a6ebdb16c21506295223450f4e54285b86cc60003086551d9a968c83a3821c8a,plonk/d10/p7.public.json,17fe2afc218f62d38b427b4f9d23995e18d037fc22e02210b8752d14888034e6,eb269e845576718544b9aa9f3e376a0ef72896c1d5d441759c33cc2b5b15daa8,bebeabf9a0c71095a0054d8bd4225201a55744b4b0560ef0825703d4931d0ced,51246dbf5c96101372f9f2609a7b14971ea126d2955dd0e21cfa79bb450663e1,bb2286e24a3b4fdffe9dc2bebe8c1afff86c7853d7b478cd5714ca9c555593e6,1,1,2026-09-25T09:39:08.866Z,8283
groth16,11,0,G16-d11-p0,128,13741875541804146615197212471377989082753334180286662970428373142262333549779,groth16/d11/p0.proof.json,bf7107c49318de61bcb923e7eddc49a09e0681d8be13643bc107f97d5b90c75d,groth16/d11/p0.public.json,d460b2e82bbce8657d6d50641cd5a0f4ebf148627e500da760f73642b455048d,be6713aeabcd53ea306a5a1f247cf6035fb9bfe23654291245a8f8658ea97d8f,1241508317856e8cb42cf71f43cafeb13e26a2553d595182aefca30b78a5b754,6caad706874b9cfa54ea45e4671e38375528fb7cccdaa6bc2ecf7f9f703602ff,64f5296b96407a9fcac7b4b12c595091fff23f50b1d8190b28bd0e13654aac79,1,1,2026-09-25T09:39:09.116Z,247
plonk,11,0,PLK-d11-p0,128,13741875541804146615197212471377989082753334180286662970428373142262333549779,plonk/d11/p0.proof.json,c22e26a8d7e475597fababfd64df7ee2bfe8061254b5a3a311b4e978e7128187,plonk/d11/p0.public.json,d460b2e82bbce8657d6d50641cd5a0f4ebf148627e500da760f73642b455048d,be6713aeabcd53ea306a5a1f247cf6035fb9bfe23654291245a8f8658ea97d8f,55b85a8c273635d0f8f2cdda0e7ce81b35231792d5212b770681d612dbf1c56a,17e0dd435813a4559c78d0f0608d7cf44fce29a3ae7fbae477ac1b774f5a6e1e,64f5296b96407a9fcac7b4b12c595091fff23f50b1d8190b28bd0e13654aac79,1,1,2026-09-25T09:39:24.983Z,15866
groth16,11,1,G16-d11-p1,384,13741875541804146615197212471377989082753334180286662970428373142262333549779,groth16/d11/p1.proof.json,45b9c42319f01685be6acab04bad952f0e7577346ab8234b8ceebcee667174fa,groth16/d11/p1.public.json,d460b2e82bbce8657d6d50641cd5a0f4ebf148627e500da760f73642b455048d,50d3b2b9f8ea80b524b6b2595e04d6a9a7a9955f542f5da4b58518539293666b,1241508317856e8cb42cf71f43cafeb13e26a2553d595182aefca30b78a5b754,6caad706874b9cfa54ea45e4671e38375528fb7cccdaa6bc2ecf7f9f703602ff,64f5296b96407a9fcac7b4b12c595091fff23f50b1d8190b28bd0e13654aac79,1,1,2026-09-25T09:39:29.148Z,371
plonk,11,1,PLK-d11-p1,384,13741875541804146615197212471377989082753334180286662970428373142262333549779,plonk/d11/p1.proof.json,c2ce875b7ad9169dc0e878c67e76fd015baec53e0d126ae94b18913e619be07b,plonk/d11/p1.public.json,d460b2e82bbce8657d6d50641cd5a0f4ebf148627e500da760f73642b455048d,50d3b2b9f8ea80b524b6b2595e04d6a9a7a9955f542f5da4b58518539293666b,55b85a8c273635d0f8f2cdda0e7ce81b35231792d5212b770681d612dbf1c56a,17e0dd435813a4559c78d0f0608d7cf44fce29a3ae7fbae477ac1b774f5a6e1e,64f5296b96407a9fcac7b4b12c595091fff23f50b1d8190b28bd0e13654aac79,1,1,2026-09-25T09:39:45.308Z,16159
groth16,11,2,G16-d11-p2,640,13741875541804146615197212471377989082753334180286662970428373142262333549779,groth16/d11/p2.proof.json,c9b7862f782c18b99794a19f1c932fb10238b74fbd208477249af4987f0c86a2,groth16/d11/p2.public.json,d460b2e82bbce8657d6d50641cd5a0f4ebf148627e500da760f73642b455048d,97091122003ccdfdef9ba219032f6439a8c4f565a7c250e4513f38c97e40f907,1241508317856e8cb42cf71f43cafeb13e26a2553d595182aefca30b78a5b754,6caad706874b9cfa54ea45e4671e38375528fb7cccdaa6bc2ecf7f9f703602ff,64f5296b96407a9fcac7b4b12c595091fff23f50b1d8190b28bd0e13654aac79,1,1,2026-09-25T09:39:45.551Z,242
plonk,11,2,PLK-d11-p2,640,13741875541804146615197212471377989082753334180286662970428373142262333549779,plonk/d11/p2.proof.json,4b092c8fd66afe3e6732b341ec9004c9a33ed3ea7a12ffd1a72cdc1fab5930b5,plonk/d11/p2.public.json,d460b2e82bbce8657d6d50641cd5a0f4ebf148627e500da760f73642b455048d,97091122003ccdfdef9ba219032f6439a8c4f565a7c250e4513f38c97e40f907,55b85a8c273635d0f8f2cdda0e7ce81b35231792d5212b770681d612dbf1c56a,17e0dd435813a4559c78d0f0608d7cf44fce29a3ae7fbae477ac1b774f5a6e1e,64f5296b96407a9fcac7b4b12c595091fff23f50b1d8190b28bd0e13654aac79,1,1,2026-09-25T09:40:01.754Z,16203
groth16,11,3,G16-d11-p3,896,13741875541804146615197212471377989082753334180286662970428373142262333549779,groth16/d11/p3.proof.json,0de0156b072c06b788a56dfd0e61267a3b28c8ab6abb0b3c849caa4d598db1fa,groth16/d11/p3.public.json,d460b2e82bbce8657d6d50641cd5a0f4ebf148627e500da760f73642b455048d,e8a35cef92df9c879fc1acf67d3aa26429218f99054726ace6cb9f56cd1eaaf0,1241508317856e8cb42cf71f43cafeb13e26a2553d595182aefca30b78a5b754,6caad706874b9cfa54ea45e4671e38375528fb7cccdaa6bc2ecf7f9f703602ff,64f5296b96407a9fcac7b4b12c595091fff23f50b1d8190b28bd0e13654aac79,1,1,2026-09-25T09:40:01.996Z,241
plonk,11,3,PLK-d11-p3,896,13741875541804146615197212471377989082753334180286662970428373142262333549779,plonk/d11/p3.proof.json,708d7c8cd96e4dbb2cf3ef5529185e701496087a3f827a859e41fd2b753e7cef,plonk/d11/p3.public.json,d460b2e82bbce8657d6d50641cd5a0f4ebf148627e500da760f73642b455048d,e8a35cef92df9c879fc1acf67d3aa26429218f99054726ace6cb9f56cd1eaaf0,55b85a8c273635d0f8f2cdda0e7ce81b35231792d5212b770681d612dbf1c56a,17e0dd435813a4559c78d0f0608d7cf44fce29a3ae7fbae477ac1b774f5a6e1e,64f5296b96407a9fcac7b4b12c595091fff23f50b1d8190b28bd0e13654aac79,1,1,2026-09-25T09:40:18.106Z,16109
groth16,11,4,G16-d11-p4,1152,13741875541804146615197212471377989082753334180286662970428373142262333549779,groth16/d11/p4.proof.json,2a075b415be336bea9b90505db0326acf8f48175ffd50ad6c6f23eb0ee63d5fe,groth16/d11/p4.public.json,d460b2e82bbce8657d6d50641cd5a0f4ebf148627e500da760f73642b455048d,95583a01286701b04199755cf128b92ce6ed44f32090f7b267c5e001608a0150,1241508317856e8cb42cf71f43cafeb13e26a2553d595182aefca30b78a5b754,6caad706874b9cfa54ea45e4671e38375528fb7cccdaa6bc2ecf7f9f703602ff,64f5296b96407a9fcac7b4b12c595091fff23f50b1d8190b28bd0e13654aac79,1,1,2026-09-25T09:40:18.355Z,248
plonk,11,4,PLK-d11-p4,1152,13741875541804146615197212471377989082753334180286662970428373142262333549779,plonk/d11/p4.proof.json,2deacc40c0a71ab6e5dd496219e61a7aba67e8e5ff025cf4a0d34bc24ad46c2e,plonk/d11/p4.public.json,d460b2e82bbce8657d6d50641cd5a0f4ebf148627e500da760f73642b455048d,95583a01286701b04199755cf128b92ce6ed44f32090f7b267c5e001608a0150,55b85a8c273635d0f8f2cdda0e7ce81b35231792d5212b770681d612dbf1c56a,17e0dd435813a4559c78d0f0608d7cf44fce29a3ae7fbae477ac1b774f5a6e1e,64f5296b96407a9fcac7b4b12c595091fff23f50b1d8190b28bd0e13654aac79,1,1,2026-09-25T09:40:34.564Z,16209
groth16,11,5,G16-d11-p5,1408,13741875541804146615197212471377989082753334180286662970428373142262333549779,groth16/d11/p5.proof.json,d283d198c941c0720999a909119d485532baacbd94947004cf9a48a36377d0ed,groth16/d11/p5.public.json,d460b2e82bbce8657d6d50641cd5a0f4ebf148627e500da760f73642b455048d,d2267b551a77df9c0ff6bb4a103ce99439ba858c2d6bec7506d2b6cfc32029ea,1241508317856e8cb42cf71f43cafeb13e26a2553d595182aefca30b78a5b754,6caad706874b9cfa54ea45e4671e38375528fb7cccdaa6bc2ecf7f9f703602ff,64f5296b96407a9fcac7b4b12c595091fff23f50b1d8190b28bd0e13654aac79,1,1,2026-09-25T09:40:34.804Z,238
plonk,11,5,PLK-d11-p5,1408,13741875541804146615197212471377989082753334180286662970428373142262333549779,plonk/d11/p5.proof.json,5aa7063c00de698304580e5b48af1e08a7e2a852d461b391325e64430139fedd,plonk/d11/p5.public.json,d460b2e82bbce8657d6d50641cd5a0f4ebf148627e500da760f73642b455048d,d2267b551a77df9c0ff6bb4a103ce99439ba858c2d6bec7506d2b6cfc32029ea,55b85a8c273635d0f8f2cdda0e7ce81b35231792d5212b770681d612dbf1c56a,17e0dd435813a4559c78d0f0608d7cf44fce29a3ae7fbae477ac1b774f5a6e1e,64f5296b96407a9fcac7b4b12c595091fff23f50b1d8190b28bd0e13654aac79,1,1,2026-09-25T09:40:50.981Z,16176
groth16,11,6,G16-d11-p6,1664,13741875541804146615197212471377989082753334180286662970428373142262333549779,groth16/d11/p6.proof.json,32868104a59ab1f3105b38921293ed0cbfde65e001a9170f9eb281d4f0d9ca61,groth16/d11/p6.public.json,d460b2e82bbce8657d6d50641cd5a0f4ebf148627e500da760f73642b455048d,d813778b9ec4b5860911e86dae5af0ac6ed121227427be1724c7e48dd3fa1436,1241508317856e8cb42cf71f43cafeb13e26a2553d595182aefca30b78a5b754,6caad706874b9cfa54ea45e4671e38375528fb7cccdaa6bc2ecf7f9f703602ff,64f5296b96407a9fcac7b4b12c595091fff23f50b1d8190b28bd0e13654aac79,1,1,2026-09-25T09:40:51.223Z,241
plonk,11,6,PLK-d11-p6,1664,13741875541804146615197212471377989082753334180286662970428373142262333549779,plonk/d11/p6.proof.json,cce4e9efe417a3f3f7ac4e2511c34ebdceda91d27ccf06d8f4224b939a445ac7,plonk/d11/p6.public.json,d460b2e82bbce8657d6d50641cd5a0f4ebf148627e500da760f73642b455048d,d813778b9ec4b5860911e86dae5af0ac6ed121227427be1724c7e48dd3fa1436,55b85a8c273635d0f8f2cdda0e7ce81b35231792d5212b770681d612dbf1c56a,17e0dd435813a4559c78d0f0608d7cf44fce29a3ae7fbae477ac1b774f5a6e1e,64f5296b96407a9fcac7b4b12c595091fff23f50b1d8190b28bd0e13654aac79,1,1,2026-09-25T09:41:07.399Z,16175
groth16,11,7,G16-d11-p7,1920,13741875541804146615197212471377989082753334180286662970428373142262333549779,groth16/d11/p7.proof.json,dda12fd0cb373ca6b8b015e95dedd540f538c3d8a28b51d215c2c8cdac71288d,groth16/d11/p7.public.json,d460b2e82bbce8657d6d50641cd5a0f4ebf148627e500da760f73642b455048d,76958ff000a8469318d07d6aa4c8c1cebeb8ef0bbffc08a8f30b823a4ed1d4be,1241508317856e8cb42cf71f43cafeb13e26a2553d595182aefca30b78a5b754,6caad706874b9cfa54ea45e4671e38375528fb7cccdaa6bc2ecf7f9f703602ff,64f5296b96407a9fcac7b4b12c595091fff23f50b1d8190b28bd0e13654aac79,1,1,2026-09-25T09:41:07.646Z,245
plonk,11,7,PLK-d11-p7,1920,13741875541804146615197212471377989082753334180286662970428373142262333549779,plonk/d11/p7.proof.json,d4ec481253db9f04cfcc769dd2869b6458373ee9a48a1bcf6e6be51890e1f7da,plonk/d11/p7.public.json,d460b2e82bbce8657d6d50641cd5a0f4ebf148627e500da760f73642b455048d,76958ff000a8469318d07d6aa4c8c1cebeb8ef0bbffc08a8f30b823a4ed1d4be,55b85a8c273635d0f8f2cdda0e7ce81b35231792d5212b770681d612dbf1c56a,17e0dd435813a4559c78d0f0608d7cf44fce29a3ae7fbae477ac1b774f5a6e1e,64f5296b96407a9fcac7b4b12c595091fff23f50b1d8190b28bd0e13654aac79,1,1,2026-09-25T09:41:23.823Z,16176
groth16,15,0,G16-d15-p0,2048,16175814224772832097117886582757018531876340808696504341109560169071733404932,groth16/d15/p0.proof.json,9e9e8f4c177de98a127a59595e2e0f28c45fffc46839d130c73f59346ace2512,groth16/d15/p0.public.json,180bce96ef7dc6116186e0c4ef7288b0796215bc4765a5db99ae94967c604139,1c624f57348f5ef8524d76d36900363250a79df2b92cbb66bd97192fce90eb96,d6be53096894f276c29d0702fcead9cafd5a510db26c6b563aa91a72f3a7c974,0cf7b5b8a6f24510d5ecb153a96f543527e6ef0e53fd71dc4e3e0c6d63b11e0e,2c3b95467ac8c265ec86c16f35a8a14ceee149b346caf66a5800f478e59f32e5,1,1,2026-09-25T09:41:24.236Z,412
plonk,15,0,PLK-d15-p0,2048,16175814224772832097117886582757018531876340808696504341109560169071733404932,plonk/d15/p0.proof.json,68dc7a06a5dee781d1a90657a96baa07d39a58700048b9dbc0fae249a76a97f2,plonk/d15/p0.public.json,180bce96ef7dc6116186e0c4ef7288b0796215bc4765a5db99ae94967c604139,1c624f57348f5ef8524d76d36900363250a79df2b92cbb66bd97192fce90eb96,590ecdca303cbdece71bd9566d50ed9ad6168b343d2955edb57da417b966d08b,6a6600229bbab5a3532be08ba19a1ae6b471eacb317c0d911665618d144d6fc0,2c3b95467ac8c265ec86c16f35a8a14ceee149b346caf66a5800f478e59f32e5,1,1,2026-09-25T09:41:40.598Z,16362
groth16,15,1,G16-d15-p1,6144,16175814224772832097117886582757018531876340808696504341109560169071733404932,groth16/d15/p1.proof.json,ffc1974ef786ad54797d75696167179f9026c1891d6ff96cc5348d0ebe357ae9,groth16/d15/p1.public.json,180bce96ef7dc6116186e0c4ef7288b0796215bc4765a5db99ae94967c604139,2b1af3b2930694f1874a15482b35b4320da0594120f272bd214169df21c8d34e,d6be53096894f276c29d0702fcead9cafd5a510db26c6b563aa91a72f3a7c974,0cf7b5b8a6f24510d5ecb153a96f543527e6ef0e53fd71dc4e3e0c6d63b11e0e,2c3b95467ac8c265ec86c16f35a8a14ceee149b346caf66a5800f478e59f32e5,1,1,2026-09-25T09:41:44.882Z,531
plonk,15,1,PLK-d15-p1,6144,16175814224772832097117886582757018531876340808696504341109560169071733404932,plonk/d15/p1.proof.json,922d57dbd7b9efed9a3f98bf257a0ba91a5135211501407c610bc3924073a852,plonk/d15/p1.public.json,180bce96ef7dc6116186e0c4ef7288b0796215bc4765a5db99ae94967c604139,2b1af3b2930694f1874a15482b35b4320da0594120f272bd214169df21c8d34e,590ecdca303cbdece71bd9566d50ed9ad6168b343d2955edb57da417b966d08b,6a6600229bbab5a3532be08ba19a1ae6b471eacb317c0d911665618d144d6fc0,2c3b95467ac8c265ec86c16f35a8a14ceee149b346caf66a5800f478e59f32e5,1,1,2026-09-25T09:42:00.892Z,16009
groth16,15,2,G16-d15-p2,10240,16175814224772832097117886582757018531876340808696504341109560169071733404932,groth16/d15/p2.proof.json,8ebc41701e83e7e62e1695eaec79e25f284fab99fdb15165bc0098617bdb67e2,groth16/d15/p2.public.json,180bce96ef7dc6116186e0c4ef7288b0796215bc4765a5db99ae94967c604139,376d4d0823459838a8541fa5efaf24c5c55dfd1807396350d6c9270a80729b76,d6be53096894f276c29d0702fcead9cafd5a510db26c6b563aa91a72f3a7c974,0cf7b5b8a6f24510d5ecb153a96f543527e6ef0e53fd71dc4e3e0c6d63b11e0e,2c3b95467ac8c265ec86c16f35a8a14ceee149b346caf66a5800f478e59f32e5,1,1,2026-09-25T09:42:01.349Z,455
plonk,15,2,PLK-d15-p2,10240,16175814224772832097117886582757018531876340808696504341109560169071733404932,plonk/d15/p2.proof.json,a1e8d783807e7df1f2b5db1840714dfec706c53b97a232df153ee2c6adcc2bd5,plonk/d15/p2.public.json,180bce96ef7dc6116186e0c4ef7288b0796215bc4765a5db99ae94967c604139,376d4d0823459838a8541fa5efaf24c5c55dfd1807396350d6c9270a80729b76,590ecdca303cbdece71bd9566d50ed9ad6168b343d2955edb57da417b966d08b,6a6600229bbab5a3532be08ba19a1ae6b471eacb317c0d911665618d144d6fc0,2c3b95467ac8c265ec86c16f35a8a14ceee149b346caf66a5800f478e59f32e5,1,1,2026-09-25T09:42:17.385Z,16035
groth16,15,3,G16-d15-p3,14336,16175814224772832097117886582757018531876340808696504341109560169071733404932,groth16/d15/p3.proof.json,ffd0b7c9ddffb8f9db12b54445907047c1190746b91259c9382760488f47f76b,groth16/d15/p3.public.json,180bce96ef7dc6116186e0c4ef7288b0796215bc4765a5db99ae94967c604139,1c89440f7b2a3ef7f08c6f7fcceba0db1c43cfa4879eba7089a729b84aa91850,d6be53096894f276c29d0702fcead9cafd5a510db26c6b563aa91a72f3a7c974,0cf7b5b8a6f24510d5ecb153a96f543527e6ef0e53fd71dc4e3e0c6d63b11e0e,2c3b95467ac8c265ec86c16f35a8a14ceee149b346caf66a5800f478e59f32e5,1,1,2026-09-25T09:42:17.794Z,407
plonk,15,3,PLK-d15-p3,14336,16175814224772832097117886582757018531876340808696504341109560169071733404932,plonk/d15/p3.proof.json,6cd711d639021621f9e52313b80e9d35b4a5357e1a1ec400ec12958df118d652,plonk/d15/p3.public.json,180bce96ef7dc6116186e0c4ef7288b0796215bc4765a5db99ae94967c604139,1c89440f7b2a3ef7f08c6f7fcceba0db1c43cfa4879eba7089a729b84aa91850,590ecdca303cbdece71bd9566d50ed9ad6168b343d2955edb57da417b966d08b,6a6600229bbab5a3532be08ba19a1ae6b471eacb317c0d911665618d144d6fc0,2c3b95467ac8c265ec86c16f35a8a14ceee149b346caf66a5800f478e59f32e5,1,1,2026-09-25T09:42:33.906Z,16111
groth16,15,4,G16-d15-p4,18432,16175814224772832097117886582757018531876340808696504341109560169071733404932,groth16/d15/p4.proof.json,14175427592cce13137d6bad87e7efba29172acfc92f4034d37b50f90b43b893,groth16/d15/p4.public.json,180bce96ef7dc6116186e0c4ef7288b0796215bc4765a5db99ae94967c604139,08814f0dab44a035c90a8dc98bf5e2cdd92ed94b95ec45b79ba2c8aa1fe99116,d6be53096894f276c29d0702fcead9cafd5a510db26c6b563aa91a72f3a7c974,0cf7b5b8a6f24510d5ecb153a96f543527e6ef0e53fd71dc4e3e0c6d63b11e0e,2c3b95467ac8c265ec86c16f35a8a14ceee149b346caf66a5800f478e59f32e5,1,1,2026-09-25T09:42:34.311Z,404
plonk,15,4,PLK-d15-p4,18432,16175814224772832097117886582757018531876340808696504341109560169071733404932,plonk/d15/p4.proof.json,d69be49b78cebea98a98bcfe865217f2c19ea4b1906ffea23fbad3c54e23e568,plonk/d15/p4.public.json,180bce96ef7dc6116186e0c4ef7288b0796215bc4765a5db99ae94967c604139,08814f0dab44a035c90a8dc98bf5e2cdd92ed94b95ec45b79ba2c8aa1fe99116,590ecdca303cbdece71bd9566d50ed9ad6168b343d2955edb57da417b966d08b,6a6600229bbab5a3532be08ba19a1ae6b471eacb317c0d911665618d144d6fc0,2c3b95467ac8c265ec86c16f35a8a14ceee149b346caf66a5800f478e59f32e5,1,1,2026-09-25T09:42:50.514Z,16202
groth16,15,5,G16-d15-p5,22528,16175814224772832097117886582757018531876340808696504341109560169071733404932,groth16/d15/p5.proof.json,c99f971f019b18f0fcc1159fd13df7df033af37a5a9010e50266617bca3538c5,groth16/d15/p5.public.json,180bce96ef7dc6116186e0c4ef7288b0796215bc4765a5db99ae94967c604139,6207d7190be24f743a108a3b8b5145311486b4c17db674b8b0b6afe067465ef7,d6be53096894f276c29d0702fcead9cafd5a510db26c6b563aa91a72f3a7c974,0cf7b5b8a6f24510d5ecb153a96f543527e6ef0e53fd71dc4e3e0c6d63b11e0e,2c3b95467ac8c265ec86c16f35a8a14ceee149b346caf66a5800f478e59f32e5,1,1,2026-09-25T09:42:50.930Z,414
plonk,15,5,PLK-d15-p5,22528,16175814224772832097117886582757018531876340808696504341109560169071733404932,plonk/d15/p5.proof.json,8209ad26f26459a446eb2d363c7266eb5ea5d46dbcce585de4090875f7f7e2ec,plonk/d15/p5.public.json,180bce96ef7dc6116186e0c4ef7288b0796215bc4765a5db99ae94967c604139,6207d7190be24f743a108a3b8b5145311486b4c17db674b8b0b6afe067465ef7,590ecdca303cbdece71bd9566d50ed9ad6168b343d2955edb57da417b966d08b,6a6600229bbab5a3532be08ba19a1ae6b471eacb317c0d911665618d144d6fc0,2c3b95467ac8c265ec86c16f35a8a14ceee149b346caf66a5800f478e59f32e5,1,1,2026-09-25T09:43:06.982Z,16051
groth16,15,6,G16-d15-p6,26624,16175814224772832097117886582757018531876340808696504341109560169071733404932,groth16/d15/p6.proof.json,02bcb895f520d5e40b20bd5925324cd7c13193ec79370577fa06cfbfef2bf4e7,groth16/d15/p6.public.json,180bce96ef7dc6116186e0c4ef7288b0796215bc4765a5db99ae94967c604139,ea4d32483f5ad79fec90d6879599bf2515c38567734d36becb4ed1418cd53e13,d6be53096894f276c29d0702fcead9cafd5a510db26c6b563aa91a72f3a7c974,0cf7b5b8a6f24510d5ecb153a96f543527e6ef0e53fd71dc4e3e0c6d63b11e0e,2c3b95467ac8c265ec86c16f35a8a14ceee149b346caf66a5800f478e59f32e5,1,1,2026-09-25T09:43:07.392Z,408
plonk,15,6,PLK-d15-p6,26624,16175814224772832097117886582757018531876340808696504341109560169071733404932,plonk/d15/p6.proof.json,80fc489a73ab52155ce8ad674e9e0956b70829a08de3b67840e09747508a475d,plonk/d15/p6.public.json,180bce96ef7dc6116186e0c4ef7288b0796215bc4765a5db99ae94967c604139,ea4d32483f5ad79fec90d6879599bf2515c38567734d36becb4ed1418cd53e13,590ecdca303cbdece71bd9566d50ed9ad6168b343d2955edb57da417b966d08b,6a6600229bbab5a3532be08ba19a1ae6b471eacb317c0d911665618d144d6fc0,2c3b95467ac8c265ec86c16f35a8a14ceee149b346caf66a5800f478e59f32e5,1,1,2026-09-25T09:43:23.570Z,16177
groth16,15,7,G16-d15-p7,30720,16175814224772832097117886582757018531876340808696504341109560169071733404932,groth16/d15/p7.proof.json,f88f7e5d0cc9586272acedc885ce1d8c34b8fe8bbec431cf6da05cbb7f5dc88c,groth16/d15/p7.public.json,180bce96ef7dc6116186e0c4ef7288b0796215bc4765a5db99ae94967c604139,34f2e5d157860d771b9b2cd86b8592f11f87cc54c2bbf631aafe9c58512ef7f8,d6be53096894f276c29d0702fcead9cafd5a510db26c6b563aa91a72f3a7c974,0cf7b5b8a6f24510d5ecb153a96f543527e6ef0e53fd71dc4e3e0c6d63b11e0e,2c3b95467ac8c265ec86c16f35a8a14ceee149b346caf66a5800f478e59f32e5,1,1,2026-09-25T09:43:23.977Z,406
plonk,15,7,PLK-d15-p7,30720,16175814224772832097117886582757018531876340808696504341109560169071733404932,plonk/d15/p7.proof.json,1d957e9b391e3fbd51f2e3b61afd70a20bbaa0da78a6980a636a19f0adde1261,plonk/d15/p7.public.json,180bce96ef7dc6116186e0c4ef7288b0796215bc4765a5db99ae94967c604139,34f2e5d157860d771b9b2cd86b8592f11f87cc54c2bbf631aafe9c58512ef7f8,590ecdca303cbdece71bd9566d50ed9ad6168b343d2955edb57da417b966d08b,6a6600229bbab5a3532be08ba19a1ae6b471eacb317c0d911665618d144d6fc0,2c3b95467ac8c265ec86c16f35a8a14ceee149b346caf66a5800f478e59f32e5,1,1,2026-09-25T09:43:40.236Z,16258
