schedule_id,_run,session_id,phase,block_id,pair_id,network,backend,op,proof_id,state,error_class,tx_hash,gas_used,effective_gas_price,receipt_fee_wei,fee_consistency_ok,send_to_hash_ms,hash_to_receipt_ms,request_to_receipt_ms,polls,inclusion_block,inclusion_block_time_utc,block_at_hash,l1_batch_number,runtime_matches_artifact,t0_utc
SETUP-SEP-01,dry-setup-sepolia-6827943-20260925T164559Z,SETUP,setup,SETUP-SEP,,sepolia,groth16,deploy_verifier,,confirmed_success,,0xa93be084e72ac365b72334c23d9289cfd43b97a5e1d7b46877b7257649bdf556,349628,2500000000,874070000000000,1,3.787,1008.379,1012.166,3,1,2026-09-25T16:46:00.000Z,0,,1,2026-09-25T16:45:59.366Z
SETUP-SEP-02,dry-setup-sepolia-6827943-20260925T164559Z,SETUP,setup,SETUP-SEP,,sepolia,groth16,deploy_manager,,confirmed_success,,0xd87611947d972ce0fb713d5cf5390f45c274093910d606fe9d8bec3c966385b6,565248,2500000000,1413120000000000,1,10.283,1013.112,1023.395,3,2,2026-09-25T16:46:01.000Z,1,,1,2026-09-25T16:46:00.392Z
SETUP-SEP-03,dry-setup-sepolia-6827943-20260925T164559Z,SETUP,setup,SETUP-SEP,,sepolia,groth16,set_issuer,,confirmed_success,,0xd65975b3488086f7324ff6fbdbccd15160a77accd39e8f70b48bf7bfe26cacb6,47900,2500000000,119750000000000,1,4.063,1011.708,1015.771,3,3,2026-09-25T16:46:02.000Z,2,,,2026-09-25T16:46:01.427Z
SETUP-SEP-04,dry-setup-sepolia-6827943-20260925T164559Z,SETUP,setup,SETUP-SEP,,sepolia,groth16,add_root,,confirmed_success,,0xd92958e932bf566439cae21f7b2f564ddee1f207ead069803d631304b2a8e1ec,47334,2500000000,118335000000000,1,3.934,1011.687,1015.621,3,4,2026-09-25T16:46:03.000Z,3,,,2026-09-25T16:46:02.453Z
SETUP-SEP-05,dry-setup-sepolia-6827943-20260925T164559Z,SETUP,setup,SETUP-SEP,,sepolia,plonk,deploy_verifier,,confirmed_success,,0xdff194bce9f373747a33822cfbb49dca0db2c2fdde264af617be5a17cfaebfb7,1226937,2500000000,3067342500000000,1,9.77,1011.268,1021.038,3,5,2026-09-25T16:46:04.000Z,4,,1,2026-09-25T16:46:03.484Z
SETUP-SEP-06,dry-setup-sepolia-6827943-20260925T164559Z,SETUP,setup,SETUP-SEP,,sepolia,plonk,deploy_manager,,confirmed_success,,0xf5c366162c675737fbf4d6da39955ebe52aab84fc296cb190df2d75e5a1e6e77,541930,2500000000,1354825000000000,1,5.348,1012.469,1017.817,3,6,2026-09-25T16:46:05.000Z,5,,1,2026-09-25T16:46:04.516Z
SETUP-SEP-07,dry-setup-sepolia-6827943-20260925T164559Z,SETUP,setup,SETUP-SEP,,sepolia,plonk,set_issuer,,confirmed_success,,0xa8d386d92966cd0df48b4877465915d3d85630004d22dc87332c6bfaeec0ce15,47900,2500000000,119750000000000,1,3.627,1008.096,1011.723,3,7,2026-09-25T16:46:06.000Z,6,,,2026-09-25T16:46:05.542Z
SETUP-SEP-08,dry-setup-sepolia-6827943-20260925T164559Z,SETUP,setup,SETUP-SEP,,sepolia,plonk,add_root,,confirmed_success,,0x5429a9f932f281bbc0a82ae4d0994283fdbcbb08d439ed3119e6708ac8cd8ca7,47334,2500000000,118335000000000,1,4.079,1004.407,1008.486,3,8,2026-09-25T16:46:07.000Z,7,,,2026-09-25T16:46:06.563Z
SETUP-ERA-01,dry-setup-era-sepolia-6827943-20260925T164607Z,SETUP,setup,SETUP-ERA,,era-sepolia,groth16,deploy_verifier,,confirmed_success,,0x09c8f6d8aadd68c30aaf770d8723e4b1f5e71e6518f042d9765c362d7b42c47c,757146,25000000,18928650000000,1,2.761,506.986,509.747,2,29,2026-09-25T16:46:28.000Z,28,10,1,2026-09-25T16:46:07.831Z
SETUP-ERA-02,dry-setup-era-sepolia-6827943-20260925T164607Z,SETUP,setup,SETUP-ERA,,era-sepolia,groth16,deploy_manager,,confirmed_success,,0x3b1a50d2d66a71138a7c175f2e17d3f37b770d998fe9f7292b302137b68cf224,1161857,25000000,29046425000000,1,4.841,506.234,511.075,2,31,2026-09-25T16:46:30.000Z,30,11,1,2026-09-25T16:46:08.361Z
SETUP-ERA-03,dry-setup-era-sepolia-6827943-20260925T164607Z,SETUP,setup,SETUP-ERA,,era-sepolia,groth16,set_issuer,,confirmed_success,,0x9989be12ac3cf563848d8d0d2a74f3290d6e20feb5a7eb08b4e87a29caaf393b,128557,25000000,3213925000000,1,4.319,505.521,509.84,2,32,2026-09-25T16:46:31.000Z,31,11,,2026-09-25T16:46:08.884Z
SETUP-ERA-04,dry-setup-era-sepolia-6827943-20260925T164607Z,SETUP,setup,SETUP-ERA,,era-sepolia,groth16,add_root,,confirmed_success,,0xd18b26c1b3c9d7516ed39c61c222daccb08f24d7ed486262772076e4f6cd72d5,128877,25000000,3221925000000,1,4.398,507.48,511.878,2,34,2026-09-25T16:46:33.000Z,33,12,,2026-09-25T16:46:09.404Z
SETUP-ERA-05,dry-setup-era-sepolia-6827943-20260925T164607Z,SETUP,setup,SETUP-ERA,,era-sepolia,plonk,deploy_verifier,,confirmed_success,,0x71f4bf4b8dd431018407829355cbc313c259e74e6358a5f91b4c4f4e72256e99,4898160,25000000,122454000000000,1,7.956,502.664,510.62,2,36,2026-09-25T16:46:35.000Z,35,12,1,2026-09-25T16:46:09.953Z
SETUP-ERA-06,dry-setup-era-sepolia-6827943-20260925T164607Z,SETUP,setup,SETUP-ERA,,era-sepolia,plonk,deploy_manager,,confirmed_success,,0xcd707d50910aa40fea02b3e442680b7ca13523d67575b9fdbbe6bfac0003e5ca,1138747,25000000,28468675000000,1,5.84,504.011,509.851,2,38,2026-09-25T16:46:37.000Z,37,13,1,2026-09-25T16:46:10.478Z
SETUP-ERA-07,dry-setup-era-sepolia-6827943-20260925T164607Z,SETUP,setup,SETUP-ERA,,era-sepolia,plonk,set_issuer,,confirmed_success,,0x9f48e20a014cfe60bb4b03792f21adba925043cdd41fd42c02137100ccbc8585,128541,25000000,3213525000000,1,3.621,507.91,511.531,2,39,2026-09-25T16:46:38.000Z,38,13,,2026-09-25T16:46:10.999Z
SETUP-ERA-08,dry-setup-era-sepolia-6827943-20260925T164607Z,SETUP,setup,SETUP-ERA,,era-sepolia,plonk,add_root,,confirmed_success,,0x233fac911188317c018cc43c9650d1d794727c96bc99add29ebabcb66f47fbb4,128861,25000000,3221525000000,1,4.706,502.858,507.564,2,41,2026-09-25T16:46:40.000Z,40,14,,2026-09-25T16:46:11.520Z
S1-SEP-1,dry-S1-6827943-20260925T164612Z,S1,verification,S1-SEP,S1-SEP-P1,sepolia,plonk,verify_credential,PLK-d11-p0,confirmed_success,,0x8737f58fc1cc3b7fc052195a3ee3a8264452fa05b41746745f3afac66c768b54,300026,2500000000,750065000000000,1,1.762,1012.476,1014.238,3,14,2026-09-25T16:46:13.000Z,13,,,2026-09-25T16:46:12.280Z
S1-SEP-2,dry-S1-6827943-20260925T164612Z,S1,verification,S1-SEP,S1-SEP-P1,sepolia,groth16,verify_credential,G16-d11-p1,confirmed_success,,0x86a8535934397641ce422be5f08a887f3bf2b5ab7ab4dc008238b4385ad7baa0,223958,2500000000,559895000000000,1,3.76,1012.556,1016.316,3,15,2026-09-25T16:46:14.000Z,14,,,2026-09-25T16:46:13.306Z
S1-SEP-3,dry-S1-6827943-20260925T164612Z,S1,verification,S1-SEP,S1-SEP-P2,sepolia,plonk,verify_credential,PLK-d11-p1,confirmed_success,,0xff939bbfdb022ed2cb3ba3432d9921e49354b59828c7c110cd6def66c284c71b,299880,2500000000,749700000000000,1,4.466,1012.17,1016.636,3,16,2026-09-25T16:46:15.000Z,15,,,2026-09-25T16:46:14.332Z
S1-SEP-4,dry-S1-6827943-20260925T164612Z,S1,verification,S1-SEP,S1-SEP-P2,sepolia,groth16,verify_credential,G16-d11-p0,confirmed_success,,0x3c0bf468cc790d4ce4a3d81218b2907f82dec704e66aaffe68dbe79a1495a0e7,223946,2500000000,559865000000000,1,3.733,1007.773,1011.506,3,17,2026-09-25T16:46:16.000Z,16,,,2026-09-25T16:46:15.359Z
S1-ERA-1,dry-S1-6827943-20260925T164612Z,S1,verification,S1-ERA,S1-ERA-P1,era-sepolia,plonk,verify_credential,PLK-d11-p0,confirmed_success,,0x0b88e6d7ec2a14b385041af27e1654c42f6cfe37f8d66d16b63e0b56de2492a8,454407,25000000,11360175000000,1,3.613,503.727,507.34,2,57,2026-09-25T16:46:56.000Z,56,19,,2026-09-25T16:46:16.400Z
S1-ERA-2,dry-S1-6827943-20260925T164612Z,S1,verification,S1-ERA,S1-ERA-P1,era-sepolia,groth16,verify_credential,G16-d11-p0,confirmed_success,,0x3f3d9645e77e49e9b01db66377e07da5bc1ee7eea69d10884258cbef443c77c5,452764,25000000,11319100000000,1,4.223,503.993,508.216,2,59,2026-09-25T16:46:58.000Z,58,20,,2026-09-25T16:46:16.918Z
S1-ERA-3,dry-S1-6827943-20260925T164612Z,S1,verification,S1-ERA,S1-ERA-P2,era-sepolia,plonk,verify_credential,PLK-d11-p1,confirmed_success,,0xd0988b65641ba946925e11706ec131d9d1c22b2cc8a8549faff91ef7d2cfd681,454329,25000000,11358225000000,1,3.818,506.92,510.738,2,61,2026-09-25T16:47:00.000Z,60,21,,2026-09-25T16:46:17.434Z
S1-ERA-4,dry-S1-6827943-20260925T164612Z,S1,verification,S1-ERA,S1-ERA-P2,era-sepolia,groth16,verify_credential,G16-d11-p1,confirmed_success,,0xcbe2d9b5bc72fa1edc799e0f53dd93d805af8984419f34891c089beeef99ab49,452764,25000000,11319100000000,1,3.717,504.982,508.699,2,62,2026-09-25T16:47:01.000Z,61,21,,2026-09-25T16:46:17.954Z
S2-ERA-1,dry-S2-6827943-20260925T164618Z,S2,verification,S2-ERA,S2-ERA-P1,era-sepolia,groth16,verify_credential,G16-d11-p1,confirmed_success,,0xffb79fc0f729fe3d2296b60d0f617dff9a743b4ec1baebdb13e3d154fb25cb6b,452764,25000000,11319100000000,1,1.526,506.061,507.587,2,65,2026-09-25T16:47:04.000Z,64,22,,2026-09-25T16:46:18.715Z
S2-ERA-2,dry-S2-6827943-20260925T164618Z,S2,verification,S2-ERA,S2-ERA-P1,era-sepolia,plonk,verify_credential,PLK-d11-p0,confirmed_success,,0x336e3265983ae8bfb8988add43fd17b88076e5fe5357eecb0318858970ebf05a,454407,25000000,11360175000000,1,4.457,507.661,512.118,2,67,2026-09-25T16:47:06.000Z,66,23,,2026-09-25T16:46:19.235Z
S2-ERA-3,dry-S2-6827943-20260925T164618Z,S2,verification,S2-ERA,S2-ERA-P2,era-sepolia,groth16,verify_credential,G16-d11-p0,confirmed_success,,0x975baba7dccbfe9989e6d4dd3fd4dd23f250ecc34af3d2f8a310e738ecf90000,452764,25000000,11319100000000,1,3.665,508.338,512.003,2,68,2026-09-25T16:47:07.000Z,67,23,,2026-09-25T16:46:19.759Z
S2-ERA-4,dry-S2-6827943-20260925T164618Z,S2,verification,S2-ERA,S2-ERA-P2,era-sepolia,plonk,verify_credential,PLK-d11-p1,confirmed_success,,0x24f398cc2b66e73d7ec0873e8293a37fd7511032c84de3f8ced4b4eb5214f03b,454329,25000000,11358225000000,1,4.08,503.772,507.852,2,70,2026-09-25T16:47:09.000Z,69,24,,2026-09-25T16:46:20.281Z
S2-SEP-1,dry-S2-6827943-20260925T164618Z,S2,verification,S2-SEP,S2-SEP-P1,sepolia,groth16,verify_credential,G16-d11-p1,confirmed_success,,0x38bccffd18c03b1f3274179ccefac02aa5b6bfea86a170e260cd03a313c62eb6,223958,2500000000,559895000000000,1,2.853,507.497,510.35,2,22,2026-09-25T16:46:21.000Z,21,,,2026-09-25T16:46:20.813Z
S2-SEP-2,dry-S2-6827943-20260925T164618Z,S2,verification,S2-SEP,S2-SEP-P1,sepolia,plonk,verify_credential,PLK-d11-p0,confirmed_success,,0xf1cafcaa350ed8b90a6839225b6bd65105c29bc79d4c7349737210c553f0d3f9,300026,2500000000,750065000000000,1,3.652,1008.672,1012.324,3,23,2026-09-25T16:46:22.000Z,22,,,2026-09-25T16:46:21.332Z
S2-SEP-3,dry-S2-6827943-20260925T164618Z,S2,verification,S2-SEP,S2-SEP-P2,sepolia,groth16,verify_credential,G16-d11-p0,confirmed_success,,0x0122e2e0d35b48b2ba896b5d732790a07475de2e916e1457ee17371a1362ef8e,223946,2500000000,559865000000000,1,3.583,1010.892,1014.475,3,24,2026-09-25T16:46:23.000Z,23,,,2026-09-25T16:46:22.352Z
S2-SEP-4,dry-S2-6827943-20260925T164618Z,S2,verification,S2-SEP,S2-SEP-P2,sepolia,plonk,verify_credential,PLK-d11-p1,confirmed_success,,0xd89e5815bb5effac70091c4a0c7643f64dc597566412da7353f803b2f63079c7,299880,2500000000,749700000000000,1,3.89,1007.986,1011.876,3,25,2026-09-25T16:46:24.000Z,24,,,2026-09-25T16:46:23.376Z
S3-SEP-1,dry-S3-6827943-20260925T164624Z,S3,verification,S3-SEP,S3-SEP-P1,sepolia,plonk,verify_credential,PLK-d11-p0,confirmed_success,,0xa41f89adc7f7eaeef638d74ae857cc58e9ad50e49f4baafeb42afc1639560b6c,300026,2500000000,750065000000000,1,1.58,1008.791,1010.371,3,26,2026-09-25T16:46:25.000Z,25,,,2026-09-25T16:46:24.643Z
S3-SEP-2,dry-S3-6827943-20260925T164624Z,S3,verification,S3-SEP,S3-SEP-P1,sepolia,groth16,verify_credential,G16-d11-p0,confirmed_success,,0xffbd0a389ca51a5acb13b76edf663324954c51cbff1a6b9f47b1dee6a44ff015,223946,2500000000,559865000000000,1,3.194,1011.152,1014.346,3,27,2026-09-25T16:46:26.000Z,26,,,2026-09-25T16:46:25.664Z
S3-SEP-3,dry-S3-6827943-20260925T164624Z,S3,verification,S3-SEP,S3-SEP-P2,sepolia,plonk,verify_credential,PLK-d11-p1,confirmed_success,,0xe3dbcd99d6c0e03c168381dc819a1c9a624bf0c068c47658e20c32d92e3aab1e,299880,2500000000,749700000000000,1,3.729,1008.835,1012.564,3,28,2026-09-25T16:46:27.000Z,27,,,2026-09-25T16:46:26.688Z
S3-SEP-4,dry-S3-6827943-20260925T164624Z,S3,verification,S3-SEP,S3-SEP-P2,sepolia,groth16,verify_credential,G16-d11-p1,confirmed_success,,0x9b882ad33d4d5645ec214e014749ddc5359a6b43b0522b86f50189b2b1e91f49,223958,2500000000,559895000000000,1,3.422,1008.613,1012.035,3,29,2026-09-25T16:46:28.000Z,28,,,2026-09-25T16:46:27.709Z
S3-ERA-1,dry-S3-6827943-20260925T164624Z,S3,verification,S3-ERA,S3-ERA-P1,era-sepolia,groth16,verify_credential,G16-d11-p1,confirmed_success,,0xf7b583d40cb35cc1fde78a417f3a2e28976b5f2256c88310fcd271a7defd45e4,452764,25000000,11319100000000,1,3.234,505.483,508.717,2,98,2026-09-25T16:47:37.000Z,97,33,,2026-09-25T16:46:28.747Z
S3-ERA-2,dry-S3-6827943-20260925T164624Z,S3,verification,S3-ERA,S3-ERA-P1,era-sepolia,plonk,verify_credential,PLK-d11-p0,confirmed_success,,0x394d8389610c80f8915d75bd793481d4aa6c05c6f7c10f7c256492863e7858d4,454407,25000000,11360175000000,1,4.062,508.13,512.192,2,100,2026-09-25T16:47:39.000Z,99,34,,2026-09-25T16:46:29.266Z
S3-ERA-3,dry-S3-6827943-20260925T164624Z,S3,verification,S3-ERA,S3-ERA-P2,era-sepolia,groth16,verify_credential,G16-d11-p0,confirmed_success,,0xf483233b938a14356d2283b778cca77abf82abf453e987f47e63cbaba80f3a91,452764,25000000,11319100000000,1,3.866,503.979,507.845,2,101,2026-09-25T16:47:40.000Z,100,34,,2026-09-25T16:46:29.789Z
S3-ERA-4,dry-S3-6827943-20260925T164624Z,S3,verification,S3-ERA,S3-ERA-P2,era-sepolia,plonk,verify_credential,PLK-d11-p1,confirmed_success,,0x5732b61185e0aae2c8cf0e49ea8fcaa5b6ee52471b6c0bca6f8881550d9af229,454329,25000000,11358225000000,1,3.564,507.526,511.09,2,103,2026-09-25T16:47:42.000Z,102,35,,2026-09-25T16:46:30.307Z
