run_id,schedule_id,session_id,op,backend,proof_id,tx_hash,row_state,t_receipt_utc,receipt_now,l1_batch_number,batch_status,committed_at,proven_at,executed_at,commit_tx_hash,prove_tx_hash,execute_tx_hash,commit_chain_id,execute_chain_id,receipt_to_commit_s,receipt_to_prove_s,receipt_to_execute_s,tx_details_status
dry-S1-6827943-20260925T164612Z,S1-ERA-1,S1,verify_credential,plonk,PLK-d11-p0,0x0b88e6d7ec2a14b385041af27e1654c42f6cfe37f8d66d16b63e0b56de2492a8,confirmed_success,2026-09-25T16:46:16.907Z,present,19,verified,2026-09-25T16:46:18.504Z,2026-09-25T16:46:20.504Z,2026-09-25T16:46:22.504Z,0x7932252405533641426addd6a5610fe69e0d288ca15d82a51136fb4254737d2d,0x6c18ce7392a91c9f665de03ace49657b2d3ef5d7402508db7b3ad4c482bedba4,0xe957da2da9f260083cc025ee4258c407d7f7d97bbe06f86befb905bc5ba4b744,11155111,11155111,1.597,3.597,5.597,included
dry-S1-6827943-20260925T164612Z,S1-ERA-2,S1,verify_credential,groth16,G16-d11-p0,0x3f3d9645e77e49e9b01db66377e07da5bc1ee7eea69d10884258cbef443c77c5,confirmed_success,2026-09-25T16:46:17.426Z,present,20,verified,2026-09-25T16:46:19.411Z,2026-09-25T16:46:21.411Z,2026-09-25T16:46:23.411Z,0x2f845d62c02a04348d11a770aab1e0bd1aeba87553ae720743a58a1a1e054b51,0x106061fc5b71b9c438e2200f724c6ca96f7712c7dcaa2d58a35316bf0bad2cfb,0x9e217cfa58c17267d7a9aedda7ff854eb100e533f8f70ed907069916eed3977b,11155111,11155111,1.985,3.985,5.985,included
dry-S1-6827943-20260925T164612Z,S1-ERA-3,S1,verify_credential,plonk,PLK-d11-p1,0xd0988b65641ba946925e11706ec131d9d1c22b2cc8a8549faff91ef7d2cfd681,confirmed_success,2026-09-25T16:46:17.945Z,present,21,verified,2026-09-25T16:46:20.319Z,2026-09-25T16:46:22.319Z,2026-09-25T16:46:24.319Z,0x02b20c3feae1c30d4dab09f420cc81350fbec87c900e0e01c0b63179b373820d,0xe84f9c53bbf012d9ae10eef42075855f2e8ee4b01c1e84b1ce9274f82d18ae5b,0xbc9773376eb3032dd45889d32b8f52892baed652650639b1ebdc2f517a47ac75,11155111,11155111,2.374,4.374,6.374,included
dry-S1-6827943-20260925T164612Z,S1-ERA-4,S1,verify_credential,groth16,G16-d11-p1,0xcbe2d9b5bc72fa1edc799e0f53dd93d805af8984419f34891c089beeef99ab49,confirmed_success,2026-09-25T16:46:18.463Z,present,21,verified,2026-09-25T16:46:20.319Z,2026-09-25T16:46:22.319Z,2026-09-25T16:46:24.319Z,0x02b20c3feae1c30d4dab09f420cc81350fbec87c900e0e01c0b63179b373820d,0xe84f9c53bbf012d9ae10eef42075855f2e8ee4b01c1e84b1ce9274f82d18ae5b,0xbc9773376eb3032dd45889d32b8f52892baed652650639b1ebdc2f517a47ac75,11155111,11155111,1.856,3.856,5.856,included
dry-S2-6827943-20260925T164618Z,S2-ERA-1,S2,verify_credential,groth16,G16-d11-p1,0xffb79fc0f729fe3d2296b60d0f617dff9a743b4ec1baebdb13e3d154fb25cb6b,confirmed_success,2026-09-25T16:46:19.222Z,present,22,verified,2026-09-25T16:46:21.225Z,2026-09-25T16:46:23.225Z,2026-09-25T16:46:25.225Z,0xd4dcf605fabc8925397caca62762a8eecafa050f1781118692cd7e1b4e5bde37,0x61623370de5211c8a34aa2e994c207130d79e652f2ac57762311a29515197f80,0x59263dfc495850f1e60efb33fdab1bf3b30b06798509ef6385c7d70e11a92524,11155111,11155111,2.003,4.003,6.003,included
dry-S2-6827943-20260925T164618Z,S2-ERA-2,S2,verify_credential,plonk,PLK-d11-p0,0x336e3265983ae8bfb8988add43fd17b88076e5fe5357eecb0318858970ebf05a,confirmed_success,2026-09-25T16:46:19.747Z,present,23,verified,2026-09-25T16:46:22.133Z,2026-09-25T16:46:24.133Z,2026-09-25T16:46:26.133Z,0xb15374475cd9e656d12b0cd5542d08fabea72df1f6045135753863c37dda4105,0x10b7cbbffca69be4264da280d9dad89c973477410b475f0b09577ffe894f18c9,0x9d37180acae775ab3a63b425af5557f1cadf12cc9d26bbc19589ca23533e70ce,11155111,11155111,2.386,4.386,6.386,included
dry-S2-6827943-20260925T164618Z,S2-ERA-3,S2,verify_credential,groth16,G16-d11-p0,0x975baba7dccbfe9989e6d4dd3fd4dd23f250ecc34af3d2f8a310e738ecf90000,confirmed_success,2026-09-25T16:46:20.271Z,present,23,verified,2026-09-25T16:46:22.133Z,2026-09-25T16:46:24.133Z,2026-09-25T16:46:26.133Z,0xb15374475cd9e656d12b0cd5542d08fabea72df1f6045135753863c37dda4105,0x10b7cbbffca69be4264da280d9dad89c973477410b475f0b09577ffe894f18c9,0x9d37180acae775ab3a63b425af5557f1cadf12cc9d26bbc19589ca23533e70ce,11155111,11155111,1.862,3.862,5.862,included
dry-S2-6827943-20260925T164618Z,S2-ERA-4,S2,verify_credential,plonk,PLK-d11-p1,0x24f398cc2b66e73d7ec0873e8293a37fd7511032c84de3f8ced4b4eb5214f03b,confirmed_success,2026-09-25T16:46:20.789Z,present,24,verified,2026-09-25T16:46:23.040Z,2026-09-25T16:46:25.040Z,2026-09-25T16:46:27.040Z,0x0bc9b12df7c6929494f3217be16601f0e3711f65078b196e9115745be481ac35,0x948f5be70401f556ae2653d4148983c2af580d409dab0cdf5c8b79c423123bc9,0xd380d3e4908456556b32d1b009722e9de491744b54943d7c1ada536612ec9211,11155111,11155111,2.251,4.251,6.251,included
dry-S3-6827943-20260925T164624Z,S3-ERA-1,S3,verify_credential,groth16,G16-d11-p1,0xf7b583d40cb35cc1fde78a417f3a2e28976b5f2256c88310fcd271a7defd45e4,confirmed_success,2026-09-25T16:46:29.256Z,present,33,verified,2026-09-25T16:46:31.214Z,2026-09-25T16:46:33.214Z,2026-09-25T16:46:35.214Z,0x007f12816afd74f9721fa276fb8fb2aabed019e3a3f273159edcb51b1bbe72b3,0x04b8d33f6e92185b6574f5033f03c5353cb66aa1c280acb340cfb0cf75ec87cd,0x9c2e6069fc5f3d9c10d1ba0050e9eaf89279f127f33059f4982cf4d57f760226,11155111,11155111,1.958,3.958,5.958,included
dry-S3-6827943-20260925T164624Z,S3-ERA-2,S3,verify_credential,plonk,PLK-d11-p0,0x394d8389610c80f8915d75bd793481d4aa6c05c6f7c10f7c256492863e7858d4,confirmed_success,2026-09-25T16:46:29.778Z,present,34,verified,2026-09-25T16:46:32.125Z,2026-09-25T16:46:34.125Z,2026-09-25T16:46:36.125Z,0x6cb6250014def7ecb9e203eb8b47487b6d51c3354ddf8ba95de640e511f5417b,0xefc2cc8b299402e829658aaca0aab53f8973d79bc856907abbee7f7f2289db6c,0x49774c6449a911466fe88c619848c25a65cc35331911c45e982f1be5b27ac36d,11155111,11155111,2.347,4.347,6.347,included
dry-S3-6827943-20260925T164624Z,S3-ERA-3,S3,verify_credential,groth16,G16-d11-p0,0xf483233b938a14356d2283b778cca77abf82abf453e987f47e63cbaba80f3a91,confirmed_success,2026-09-25T16:46:30.297Z,present,34,verified,2026-09-25T16:46:32.125Z,2026-09-25T16:46:34.125Z,2026-09-25T16:46:36.125Z,0x6cb6250014def7ecb9e203eb8b47487b6d51c3354ddf8ba95de640e511f5417b,0xefc2cc8b299402e829658aaca0aab53f8973d79bc856907abbee7f7f2289db6c,0x49774c6449a911466fe88c619848c25a65cc35331911c45e982f1be5b27ac36d,11155111,11155111,1.828,3.828,5.828,included
dry-S3-6827943-20260925T164624Z,S3-ERA-4,S3,verify_credential,plonk,PLK-d11-p1,0x5732b61185e0aae2c8cf0e49ea8fcaa5b6ee52471b6c0bca6f8881550d9af229,confirmed_success,2026-09-25T16:46:30.818Z,present,35,verified,2026-09-25T16:46:33.036Z,2026-09-25T16:46:35.036Z,2026-09-25T16:46:37.036Z,0x65eb325863ef53c8a32af203d769bb4519e05bc8b802d30da30a2d9fd7e2d847,0x75b0572d44e5975aa8c71de2cac62b16962ca4baaf2f4d217c86ec3a955cca4f,0xfd86137bbe19c2308d7791085abe7581d330092f39e491742a074fe3cf3a4ed3,11155111,11155111,2.218,4.218,6.218,included
dry-setup-era-sepolia-6827943-20260925T164607Z,SETUP-ERA-01,SETUP,deploy_verifier,groth16,,0x09c8f6d8aadd68c30aaf770d8723e4b1f5e71e6518f042d9765c362d7b42c47c,confirmed_success,2026-09-25T16:46:08.341Z,present,10,verified,2026-09-25T16:46:10.291Z,2026-09-25T16:46:12.291Z,2026-09-25T16:46:14.291Z,0xbdd5c85a8e5e267febae8cbe46f3ef04d302a5ebd866a184fb630373db4befe2,0xe6e1abbeaabe25c22502d45f25226fbb3c13b5878c1a275bb705b26f31529f6e,0xd3b957dffe77168df3f99d50c841ec8eb4154fd51a74a30ad44eb567f994ee93,11155111,11155111,1.95,3.95,5.95,included
dry-setup-era-sepolia-6827943-20260925T164607Z,SETUP-ERA-02,SETUP,deploy_manager,groth16,,0x3b1a50d2d66a71138a7c175f2e17d3f37b770d998fe9f7292b302137b68cf224,confirmed_success,2026-09-25T16:46:08.872Z,present,11,verified,2026-09-25T16:46:11.204Z,2026-09-25T16:46:13.204Z,2026-09-25T16:46:15.204Z,0xc4e86c3215960e8b12995cb7a9a8f4bff0f0811de5a059ff7ef8cea6b4fcea4f,0x4cc3e926944c7c2612293571a151c234522a1ab36e371ea729831d5436679254,0x4b43c790db6b766bfa67d3e50aee43da9c6e5b491a29ddea68853f920978916d,11155111,11155111,2.332,4.332,6.332,included
dry-setup-era-sepolia-6827943-20260925T164607Z,SETUP-ERA-03,SETUP,set_issuer,groth16,,0x9989be12ac3cf563848d8d0d2a74f3290d6e20feb5a7eb08b4e87a29caaf393b,confirmed_success,2026-09-25T16:46:09.394Z,present,11,verified,2026-09-25T16:46:11.204Z,2026-09-25T16:46:13.204Z,2026-09-25T16:46:15.204Z,0xc4e86c3215960e8b12995cb7a9a8f4bff0f0811de5a059ff7ef8cea6b4fcea4f,0x4cc3e926944c7c2612293571a151c234522a1ab36e371ea729831d5436679254,0x4b43c790db6b766bfa67d3e50aee43da9c6e5b491a29ddea68853f920978916d,11155111,11155111,1.81,3.81,5.81,included
dry-setup-era-sepolia-6827943-20260925T164607Z,SETUP-ERA-04,SETUP,add_root,groth16,,0xd18b26c1b3c9d7516ed39c61c222daccb08f24d7ed486262772076e4f6cd72d5,confirmed_success,2026-09-25T16:46:09.916Z,present,12,verified,2026-09-25T16:46:12.113Z,2026-09-25T16:46:14.113Z,2026-09-25T16:46:16.113Z,0x2cc17275507e89ecb7fa11806b3bd4775c19753e8bd8382a7f3291db35bacd2f,0x21bea4c46df91c656c82280a8bbaa09d00ee2461694959ee74055fd7bf6a748f,0x4f16b9bb75a0144549f24d2a30035283d45f88fd26d08d45a5a03d2f6fbb05d2,11155111,11155111,2.197,4.197,6.197,included
dry-setup-era-sepolia-6827943-20260925T164607Z,SETUP-ERA-05,SETUP,deploy_verifier,plonk,,0x71f4bf4b8dd431018407829355cbc313c259e74e6358a5f91b4c4f4e72256e99,confirmed_success,2026-09-25T16:46:10.464Z,present,12,verified,2026-09-25T16:46:12.113Z,2026-09-25T16:46:14.113Z,2026-09-25T16:46:16.113Z,0x2cc17275507e89ecb7fa11806b3bd4775c19753e8bd8382a7f3291db35bacd2f,0x21bea4c46df91c656c82280a8bbaa09d00ee2461694959ee74055fd7bf6a748f,0x4f16b9bb75a0144549f24d2a30035283d45f88fd26d08d45a5a03d2f6fbb05d2,11155111,11155111,1.649,3.649,5.649,included
dry-setup-era-sepolia-6827943-20260925T164607Z,SETUP-ERA-06,SETUP,deploy_manager,plonk,,0xcd707d50910aa40fea02b3e442680b7ca13523d67575b9fdbbe6bfac0003e5ca,confirmed_success,2026-09-25T16:46:10.988Z,present,13,verified,2026-09-25T16:46:13.025Z,2026-09-25T16:46:15.025Z,2026-09-25T16:46:17.025Z,0x7282aaf25b91e4cdea0fd162c863543a7044ece90f6ee5d4fa6ac481d3850a40,0x8241dc943ae0a3652695ce16aa08ebf5e576537d43ce2b471b0f288958381ea7,0xb0fcf42d4c67644f1c7fb0510e05361c863693bc5ce97c3f4f757622bf8a42c2,11155111,11155111,2.037,4.037,6.037,included
dry-setup-era-sepolia-6827943-20260925T164607Z,SETUP-ERA-07,SETUP,set_issuer,plonk,,0x9f48e20a014cfe60bb4b03792f21adba925043cdd41fd42c02137100ccbc8585,confirmed_success,2026-09-25T16:46:11.510Z,present,13,verified,2026-09-25T16:46:13.025Z,2026-09-25T16:46:15.025Z,2026-09-25T16:46:17.025Z,0x7282aaf25b91e4cdea0fd162c863543a7044ece90f6ee5d4fa6ac481d3850a40,0x8241dc943ae0a3652695ce16aa08ebf5e576537d43ce2b471b0f288958381ea7,0xb0fcf42d4c67644f1c7fb0510e05361c863693bc5ce97c3f4f757622bf8a42c2,11155111,11155111,1.515,3.515,5.515,included
dry-setup-era-sepolia-6827943-20260925T164607Z,SETUP-ERA-08,SETUP,add_root,plonk,,0x233fac911188317c018cc43c9650d1d794727c96bc99add29ebabcb66f47fbb4,confirmed_success,2026-09-25T16:46:12.027Z,present,14,verified,2026-09-25T16:46:13.941Z,2026-09-25T16:46:15.941Z,2026-09-25T16:46:17.941Z,0xd18c7581c8daec608fc4dfffbd5e0542aac4d24a728b6f6532fa39f16df3e0f9,0xe23ba24feb8154830d609b80a3af7e04426cd97e09510ccf7c2ac09870b01abb,0xdeb47bb92acace178a8d73f71337ec220b86514e8d39f81c6a84f82d663c5282,11155111,11155111,1.914,3.914,5.914,included
