campaign_id,session_id,seq,kind,round,round_attempt,profile_id,phase,utc,loadavg,power_source,low_power_mode,pmset_therm
campaign-20260925T060607Z,S20260925T060607Z,1,primary,0,1,cpu8,before,2026-09-25T06:11:41Z,"4.29 3.80 3.36","AC Power",0,"Note: No thermal warning level has been recorded Note: No performance warning level has been recorded Note: No CPU power status has been recorded "
campaign-20260925T060607Z,S20260925T060607Z,1,primary,0,1,cpu8,after,2026-09-25T06:14:27Z,"4.47 3.92 3.47","AC Power",0,"Note: No thermal warning level has been recorded Note: No performance warning level has been recorded Note: No CPU power status has been recorded "
campaign-20260925T060607Z,S20260925T060607Z,2,primary,0,1,cpu2,before,2026-09-25T06:14:27Z,"4.47 3.92 3.47","AC Power",0,"Note: No thermal warning level has been recorded Note: No performance warning level has been recorded Note: No CPU power status has been recorded "
campaign-20260925T060607Z,S20260925T060607Z,2,primary,0,1,cpu2,after,2026-09-25T06:18:03Z,"2.75 3.48 3.38","AC Power",0,"Note: No thermal warning level has been recorded Note: No performance warning level has been recorded Note: No CPU power status has been recorded "
campaign-20260925T060607Z,S20260925T060607Z,3,primary,0,1,cpu4,before,2026-09-25T06:18:03Z,"2.75 3.48 3.38","AC Power",0,"Note: No thermal warning level has been recorded Note: No performance warning level has been recorded Note: No CPU power status has been recorded "
campaign-20260925T060607Z,S20260925T060607Z,3,primary,0,1,cpu4,after,2026-09-25T06:20:59Z,"3.12 3.29 3.32","AC Power",0,"Note: No thermal warning level has been recorded Note: No performance warning level has been recorded Note: No CPU power status has been recorded "
campaign-20260925T060607Z,S20260925T060607Z,4,primary,1,1,cpu4,before,2026-09-25T06:20:59Z,"3.12 3.29 3.32","AC Power",0,"Note: No thermal warning level has been recorded Note: No performance warning level has been recorded Note: No CPU power status has been recorded "
campaign-20260925T060607Z,S20260925T060607Z,4,primary,1,1,cpu4,after,2026-09-25T06:23:54Z,"2.56 3.06 3.22","AC Power",0,"Note: No thermal warning level has been recorded Note: No performance warning level has been recorded Note: No CPU power status has been recorded "
campaign-20260925T060607Z,S20260925T060607Z,5,primary,1,1,cpu8,before,2026-09-25T06:23:54Z,"2.56 3.06 3.22","AC Power",0,"Note: No thermal warning level has been recorded Note: No performance warning level has been recorded Note: No CPU power status has been recorded "
campaign-20260925T060607Z,S20260925T060607Z,5,primary,1,1,cpu8,after,2026-09-25T06:26:40Z,"3.60 3.25 3.26","AC Power",0,"Note: No thermal warning level has been recorded Note: No performance warning level has been recorded Note: No CPU power status has been recorded "
campaign-20260925T060607Z,S20260925T060607Z,6,primary,1,1,cpu2,before,2026-09-25T06:26:40Z,"3.60 3.25 3.26","AC Power",0,"Note: No thermal warning level has been recorded Note: No performance warning level has been recorded Note: No CPU power status has been recorded "
campaign-20260925T060607Z,S20260925T060607Z,6,primary,1,1,cpu2,after,2026-09-25T06:30:29Z,"2.27 2.74 3.03","AC Power",0,"Note: No thermal warning level has been recorded Note: No performance warning level has been recorded Note: No CPU power status has been recorded "
campaign-20260925T060607Z,S20260925T060607Z,7,primary,2,1,cpu2,before,2026-09-25T06:30:29Z,"2.27 2.74 3.03","AC Power",0,"Note: No thermal warning level has been recorded Note: No performance warning level has been recorded Note: No CPU power status has been recorded "
campaign-20260925T060607Z,S20260925T060607Z,7,primary,2,1,cpu2,after,2026-09-25T06:33:58Z,"2.59 2.67 2.93","AC Power",0,"Note: No thermal warning level has been recorded Note: No performance warning level has been recorded Note: No CPU power status has been recorded "
campaign-20260925T060607Z,S20260925T060607Z,8,primary,2,1,cpu4,before,2026-09-25T06:33:58Z,"2.59 2.67 2.93","AC Power",0,"Note: No thermal warning level has been recorded Note: No performance warning level has been recorded Note: No CPU power status has been recorded "
campaign-20260925T060607Z,S20260925T060607Z,8,primary,2,1,cpu4,after,2026-09-25T06:36:52Z,"2.71 2.72 2.90","AC Power",0,"Note: No thermal warning level has been recorded Note: No performance warning level has been recorded Note: No CPU power status has been recorded "
campaign-20260925T060607Z,S20260925T060607Z,9,primary,2,1,cpu8,before,2026-09-25T06:36:52Z,"2.71 2.72 2.90","AC Power",0,"Note: No thermal warning level has been recorded Note: No performance warning level has been recorded Note: No CPU power status has been recorded "
campaign-20260925T060607Z,S20260925T060607Z,9,primary,2,1,cpu8,after,2026-09-25T06:39:40Z,"3.23 3.06 3.01","AC Power",0,"Note: No thermal warning level has been recorded Note: No performance warning level has been recorded Note: No CPU power status has been recorded "
campaign-20260925T060607Z,S20260925T060607Z,10,primary,3,1,cpu8,before,2026-09-25T06:39:40Z,"3.23 3.06 3.01","AC Power",0,"Note: No thermal warning level has been recorded Note: No performance warning level has been recorded Note: No CPU power status has been recorded "
campaign-20260925T060607Z,S20260925T060607Z,10,primary,3,1,cpu8,after,2026-09-25T06:42:24Z,"2.94 3.25 3.11","AC Power",0,"Note: No thermal warning level has been recorded Note: No performance warning level has been recorded Note: No CPU power status has been recorded "
campaign-20260925T060607Z,S20260925T060607Z,11,primary,3,1,cpu2,before,2026-09-25T06:42:24Z,"2.94 3.25 3.11","AC Power",0,"Note: No thermal warning level has been recorded Note: No performance warning level has been recorded Note: No CPU power status has been recorded "
campaign-20260925T060607Z,S20260925T060607Z,11,primary,3,1,cpu2,after,2026-09-25T06:45:55Z,"2.93 3.01 3.02","AC Power",0,"Note: No thermal warning level has been recorded Note: No performance warning level has been recorded Note: No CPU power status has been recorded "
campaign-20260925T060607Z,S20260925T060607Z,12,primary,3,1,cpu4,before,2026-09-25T06:45:55Z,"2.93 3.01 3.02","AC Power",0,"Note: No thermal warning level has been recorded Note: No performance warning level has been recorded Note: No CPU power status has been recorded "
campaign-20260925T060607Z,S20260925T060607Z,12,primary,3,1,cpu4,after,2026-09-25T06:48:53Z,"2.65 2.97 3.00","AC Power",0,"Note: No thermal warning level has been recorded Note: No performance warning level has been recorded Note: No CPU power status has been recorded "
campaign-20260925T060607Z,S20260925T060607Z,13,primary,4,1,cpu2,before,2026-09-25T06:48:53Z,"2.65 2.97 3.00","AC Power",0,"Note: No thermal warning level has been recorded Note: No performance warning level has been recorded Note: No CPU power status has been recorded "
campaign-20260925T060607Z,S20260925T060607Z,13,primary,4,1,cpu2,after,2026-09-25T06:52:21Z,"2.23 2.61 2.84","AC Power",0,"Note: No thermal warning level has been recorded Note: No performance warning level has been recorded Note: No CPU power status has been recorded "
campaign-20260925T060607Z,S20260925T060607Z,14,primary,4,1,cpu4,before,2026-09-25T06:52:21Z,"2.23 2.61 2.84","AC Power",0,"Note: No thermal warning level has been recorded Note: No performance warning level has been recorded Note: No CPU power status has been recorded "
campaign-20260925T060607Z,S20260925T060607Z,14,primary,4,1,cpu4,after,2026-09-25T06:55:16Z,"3.40 2.95 2.92","AC Power",0,"Note: No thermal warning level has been recorded Note: No performance warning level has been recorded Note: No CPU power status has been recorded "
campaign-20260925T060607Z,S20260925T060607Z,15,primary,4,1,cpu8,before,2026-09-25T06:55:16Z,"3.40 2.95 2.92","AC Power",0,"Note: No thermal warning level has been recorded Note: No performance warning level has been recorded Note: No CPU power status has been recorded "
campaign-20260925T060607Z,S20260925T060607Z,15,primary,4,1,cpu8,after,2026-09-25T06:58:00Z,"4.30 3.50 3.15","AC Power",0,"Note: No thermal warning level has been recorded Note: No performance warning level has been recorded Note: No CPU power status has been recorded "
campaign-20260925T060607Z,S20260925T060607Z,16,primary,5,1,cpu8,before,2026-09-25T06:58:01Z,"4.30 3.50 3.15","AC Power",0,"Note: No thermal warning level has been recorded Note: No performance warning level has been recorded Note: No CPU power status has been recorded "
campaign-20260925T060607Z,S20260925T060607Z,16,primary,5,1,cpu8,after,2026-09-25T07:00:48Z,"3.65 3.48 3.19","AC Power",0,"Note: No thermal warning level has been recorded Note: No performance warning level has been recorded Note: No CPU power status has been recorded "
campaign-20260925T060607Z,S20260925T060607Z,17,primary,5,1,cpu2,before,2026-09-25T07:00:48Z,"3.65 3.48 3.19","AC Power",0,"Note: No thermal warning level has been recorded Note: No performance warning level has been recorded Note: No CPU power status has been recorded "
campaign-20260925T060607Z,S20260925T060607Z,17,primary,5,1,cpu2,after,2026-09-25T07:04:21Z,"2.77 3.14 3.10","AC Power",0,"Note: No thermal warning level has been recorded Note: No performance warning level has been recorded Note: No CPU power status has been recorded "
campaign-20260925T060607Z,S20260925T060607Z,18,primary,5,1,cpu4,before,2026-09-25T07:04:21Z,"2.77 3.14 3.10","AC Power",0,"Note: No thermal warning level has been recorded Note: No performance warning level has been recorded Note: No CPU power status has been recorded "
campaign-20260925T060607Z,S20260925T060607Z,18,primary,5,1,cpu4,after,2026-09-25T07:07:35Z,"3.21 3.13 3.09","AC Power",0,"Note: No thermal warning level has been recorded Note: No performance warning level has been recorded Note: No CPU power status has been recorded "
campaign-20260925T060607Z,S20260925T060607Z,19,primary,6,1,cpu4,before,2026-09-25T07:07:35Z,"3.21 3.13 3.09","AC Power",0,"Note: No thermal warning level has been recorded Note: No performance warning level has been recorded Note: No CPU power status has been recorded "
campaign-20260925T060607Z,S20260925T060607Z,19,primary,6,1,cpu4,after,2026-09-25T07:07:50Z,"3.24 3.14 3.10","AC Power",0,"Note: No thermal warning level has been recorded Note: No performance warning level has been recorded Note: No CPU power status has been recorded "
campaign-20260925T060607Z,S20260925T060607Z,20,primary,6,1,cpu8,before,2026-09-25T07:07:50Z,"3.24 3.14 3.10","AC Power",0,"Note: No thermal warning level has been recorded Note: No performance warning level has been recorded Note: No CPU power status has been recorded "
campaign-20260925T060607Z,S20260925T060607Z,20,primary,6,1,cpu8,after,2026-09-25T07:08:02Z,"4.16 3.34 3.17","AC Power",0,"Note: No thermal warning level has been recorded Note: No performance warning level has been recorded Note: No CPU power status has been recorded "
campaign-20260925T060607Z,S20260925T060607Z,21,primary,6,1,cpu2,before,2026-09-25T07:08:02Z,"4.16 3.34 3.17","AC Power",0,"Note: No thermal warning level has been recorded Note: No performance warning level has been recorded Note: No CPU power status has been recorded "
campaign-20260925T060607Z,S20260925T060607Z,21,primary,6,1,cpu2,after,2026-09-25T07:08:21Z,"3.90 3.32 3.17","AC Power",0,"Note: No thermal warning level has been recorded Note: No performance warning level has been recorded Note: No CPU power status has been recorded "
campaign-20260925T060607Z,S20260925T060607Z,22,primary,7,1,cpu8,before,2026-09-25T07:08:21Z,"3.90 3.32 3.17","AC Power",0,"Note: No thermal warning level has been recorded Note: No performance warning level has been recorded Note: No CPU power status has been recorded "
campaign-20260925T060607Z,S20260925T060607Z,22,primary,7,1,cpu8,after,2026-09-25T07:08:34Z,"4.37 3.46 3.21","AC Power",0,"Note: No thermal warning level has been recorded Note: No performance warning level has been recorded Note: No CPU power status has been recorded "
campaign-20260925T060607Z,S20260925T060607Z,23,primary,7,1,cpu2,before,2026-09-25T07:08:34Z,"4.37 3.46 3.21","AC Power",0,"Note: No thermal warning level has been recorded Note: No performance warning level has been recorded Note: No CPU power status has been recorded "
campaign-20260925T060607Z,S20260925T060607Z,23,primary,7,1,cpu2,after,2026-09-25T07:08:52Z,"3.82 3.39 3.20","AC Power",0,"Note: No thermal warning level has been recorded Note: No performance warning level has been recorded Note: No CPU power status has been recorded "
campaign-20260925T060607Z,S20260925T060607Z,24,primary,7,1,cpu4,before,2026-09-25T07:08:52Z,"3.82 3.39 3.20","AC Power",0,"Note: No thermal warning level has been recorded Note: No performance warning level has been recorded Note: No CPU power status has been recorded "
campaign-20260925T060607Z,S20260925T060607Z,24,primary,7,1,cpu4,after,2026-09-25T07:09:06Z,"3.53 3.34 3.18","AC Power",0,"Note: No thermal warning level has been recorded Note: No performance warning level has been recorded Note: No CPU power status has been recorded "
campaign-20260925T060607Z,S20260925T060607Z,25,primary,8,1,cpu2,before,2026-09-25T07:09:06Z,"3.41 3.32 3.18","AC Power",0,"Note: No thermal warning level has been recorded Note: No performance warning level has been recorded Note: No CPU power status has been recorded "
campaign-20260925T060607Z,S20260925T060607Z,25,primary,8,1,cpu2,after,2026-09-25T07:09:25Z,"3.25 3.29 3.17","AC Power",0,"Note: No thermal warning level has been recorded Note: No performance warning level has been recorded Note: No CPU power status has been recorded "
campaign-20260925T060607Z,S20260925T060607Z,26,primary,8,1,cpu4,before,2026-09-25T07:09:25Z,"3.25 3.29 3.17","AC Power",0,"Note: No thermal warning level has been recorded Note: No performance warning level has been recorded Note: No CPU power status has been recorded "
campaign-20260925T060607Z,S20260925T060607Z,26,primary,8,1,cpu4,after,2026-09-25T07:09:39Z,"3.49 3.34 3.19","AC Power",0,"Note: No thermal warning level has been recorded Note: No performance warning level has been recorded Note: No CPU power status has been recorded "
campaign-20260925T060607Z,S20260925T060607Z,27,primary,8,1,cpu8,before,2026-09-25T07:09:39Z,"3.49 3.34 3.19","AC Power",0,"Note: No thermal warning level has been recorded Note: No performance warning level has been recorded Note: No CPU power status has been recorded "
campaign-20260925T060607Z,S20260925T060607Z,27,primary,8,1,cpu8,after,2026-09-25T07:09:52Z,"3.71 3.39 3.20","AC Power",0,"Note: No thermal warning level has been recorded Note: No performance warning level has been recorded Note: No CPU power status has been recorded "
campaign-20260925T060607Z,S20260925T060607Z,28,primary,9,1,cpu4,before,2026-09-25T07:09:52Z,"3.71 3.39 3.20","AC Power",0,"Note: No thermal warning level has been recorded Note: No performance warning level has been recorded Note: No CPU power status has been recorded "
campaign-20260925T060607Z,S20260925T060607Z,28,primary,9,1,cpu4,after,2026-09-25T07:10:06Z,"3.45 3.34 3.19","AC Power",0,"Note: No thermal warning level has been recorded Note: No performance warning level has been recorded Note: No CPU power status has been recorded "
campaign-20260925T060607Z,S20260925T060607Z,29,primary,9,1,cpu8,before,2026-09-25T07:10:06Z,"3.45 3.34 3.19","AC Power",0,"Note: No thermal warning level has been recorded Note: No performance warning level has been recorded Note: No CPU power status has been recorded "
campaign-20260925T060607Z,S20260925T060607Z,29,primary,9,1,cpu8,after,2026-09-25T07:10:19Z,"3.91 3.44 3.23","AC Power",0,"Note: No thermal warning level has been recorded Note: No performance warning level has been recorded Note: No CPU power status has been recorded "
campaign-20260925T060607Z,S20260925T060607Z,30,primary,9,1,cpu2,before,2026-09-25T07:10:19Z,"3.91 3.44 3.23","AC Power",0,"Note: No thermal warning level has been recorded Note: No performance warning level has been recorded Note: No CPU power status has been recorded "
campaign-20260925T060607Z,S20260925T060607Z,30,primary,9,1,cpu2,after,2026-09-25T07:10:37Z,"3.38 3.35 3.20","AC Power",0,"Note: No thermal warning level has been recorded Note: No performance warning level has been recorded Note: No CPU power status has been recorded "
campaign-20260925T060607Z,S20260925T060607Z,31,primary,10,1,cpu8,before,2026-09-25T07:10:37Z,"3.38 3.35 3.20","AC Power",0,"Note: No thermal warning level has been recorded Note: No performance warning level has been recorded Note: No CPU power status has been recorded "
campaign-20260925T060607Z,S20260925T060607Z,31,primary,10,1,cpu8,after,2026-09-25T07:10:50Z,"3.17 3.30 3.18","AC Power",0,"Note: No thermal warning level has been recorded Note: No performance warning level has been recorded Note: No CPU power status has been recorded "
campaign-20260925T060607Z,S20260925T060607Z,32,primary,10,1,cpu2,before,2026-09-25T07:10:50Z,"3.17 3.30 3.18","AC Power",0,"Note: No thermal warning level has been recorded Note: No performance warning level has been recorded Note: No CPU power status has been recorded "
campaign-20260925T060607Z,S20260925T060607Z,32,primary,10,1,cpu2,after,2026-09-25T07:11:09Z,"3.12 3.28 3.18","AC Power",0,"Note: No thermal warning level has been recorded Note: No performance warning level has been recorded Note: No CPU power status has been recorded "
campaign-20260925T060607Z,S20260925T060607Z,33,primary,10,1,cpu4,before,2026-09-25T07:11:09Z,"3.12 3.28 3.18","AC Power",0,"Note: No thermal warning level has been recorded Note: No performance warning level has been recorded Note: No CPU power status has been recorded "
campaign-20260925T060607Z,S20260925T060607Z,33,primary,10,1,cpu4,after,2026-09-25T07:11:23Z,"3.04 3.25 3.17","AC Power",0,"Note: No thermal warning level has been recorded Note: No performance warning level has been recorded Note: No CPU power status has been recorded "
campaign-20260925T060607Z,S20260925T060607Z,34,diag,1,1,cpu2,before,2026-09-25T07:11:23Z,"3.04 3.25 3.17","AC Power",0,"Note: No thermal warning level has been recorded Note: No performance warning level has been recorded Note: No CPU power status has been recorded "
campaign-20260925T060607Z,S20260925T060607Z,34,diag,1,1,cpu2,after,2026-09-25T07:14:02Z,"2.48 2.86 3.01","AC Power",0,"Note: No thermal warning level has been recorded Note: No performance warning level has been recorded Note: No CPU power status has been recorded "
campaign-20260925T060607Z,S20260925T060607Z,35,diag,1,1,cpu4,before,2026-09-25T07:14:02Z,"2.48 2.86 3.01","AC Power",0,"Note: No thermal warning level has been recorded Note: No performance warning level has been recorded Note: No CPU power status has been recorded "
campaign-20260925T060607Z,S20260925T060607Z,35,diag,1,1,cpu4,after,2026-09-25T07:16:16Z,"3.05 2.87 2.99","AC Power",0,"Note: No thermal warning level has been recorded Note: No performance warning level has been recorded Note: No CPU power status has been recorded "
campaign-20260925T060607Z,S20260925T060607Z,36,diag,1,1,cpu8,before,2026-09-25T07:16:16Z,"3.05 2.87 2.99","AC Power",0,"Note: No thermal warning level has been recorded Note: No performance warning level has been recorded Note: No CPU power status has been recorded "
campaign-20260925T060607Z,S20260925T060607Z,36,diag,1,1,cpu8,after,2026-09-25T07:18:22Z,"2.95 3.00 3.02","AC Power",0,"Note: No thermal warning level has been recorded Note: No performance warning level has been recorded Note: No CPU power status has been recorded "
campaign-20260925T060607Z,S20260925T060607Z,37,diag,2,1,cpu4,before,2026-09-25T07:18:22Z,"2.95 3.00 3.02","AC Power",0,"Note: No thermal warning level has been recorded Note: No performance warning level has been recorded Note: No CPU power status has been recorded "
campaign-20260925T060607Z,S20260925T060607Z,37,diag,2,1,cpu4,after,2026-09-25T07:20:35Z,"2.42 2.85 2.96","AC Power",0,"Note: No thermal warning level has been recorded Note: No performance warning level has been recorded Note: No CPU power status has been recorded "
campaign-20260925T060607Z,S20260925T060607Z,38,diag,2,1,cpu8,before,2026-09-25T07:20:35Z,"2.42 2.85 2.96","AC Power",0,"Note: No thermal warning level has been recorded Note: No performance warning level has been recorded Note: No CPU power status has been recorded "
campaign-20260925T060607Z,S20260925T060607Z,38,diag,2,1,cpu8,after,2026-09-25T07:22:39Z,"3.38 3.05 3.02","AC Power",0,"Note: No thermal warning level has been recorded Note: No performance warning level has been recorded Note: No CPU power status has been recorded "
campaign-20260925T060607Z,S20260925T060607Z,39,diag,2,1,cpu2,before,2026-09-25T07:22:39Z,"3.38 3.05 3.02","AC Power",0,"Note: No thermal warning level has been recorded Note: No performance warning level has been recorded Note: No CPU power status has been recorded "
campaign-20260925T060607Z,S20260925T060607Z,39,diag,2,1,cpu2,after,2026-09-25T07:25:16Z,"2.26 2.67 2.86","AC Power",0,"Note: No thermal warning level has been recorded Note: No performance warning level has been recorded Note: No CPU power status has been recorded "
campaign-20260925T060607Z,S20260925T060607Z,40,diag,3,1,cpu8,before,2026-09-25T07:25:16Z,"2.26 2.67 2.86","AC Power",0,"Note: No thermal warning level has been recorded Note: No performance warning level has been recorded Note: No CPU power status has been recorded "
campaign-20260925T060607Z,S20260925T060607Z,40,diag,3,1,cpu8,after,2026-09-25T07:27:20Z,"2.87 2.77 2.87","AC Power",0,"Note: No thermal warning level has been recorded Note: No performance warning level has been recorded Note: No CPU power status has been recorded "
campaign-20260925T060607Z,S20260925T060607Z,41,diag,3,1,cpu2,before,2026-09-25T07:27:20Z,"2.87 2.77 2.87","AC Power",0,"Note: No thermal warning level has been recorded Note: No performance warning level has been recorded Note: No CPU power status has been recorded "
campaign-20260925T060607Z,S20260925T060607Z,41,diag,3,1,cpu2,after,2026-09-25T07:29:57Z,"2.17 2.46 2.72","AC Power",0,"Note: No thermal warning level has been recorded Note: No performance warning level has been recorded Note: No CPU power status has been recorded "
campaign-20260925T060607Z,S20260925T060607Z,42,diag,3,1,cpu4,before,2026-09-25T07:29:57Z,"2.17 2.46 2.72","AC Power",0,"Note: No thermal warning level has been recorded Note: No performance warning level has been recorded Note: No CPU power status has been recorded "
campaign-20260925T060607Z,S20260925T060607Z,42,diag,3,1,cpu4,after,2026-09-25T07:32:21Z,"2.77 2.60 2.74","AC Power",0,"Note: No thermal warning level has been recorded Note: No performance warning level has been recorded Note: No CPU power status has been recorded "
campaign-20260925T060607Z,S20260925T060607Z,43,diag,4,1,cpu4,before,2026-09-25T07:32:22Z,"2.77 2.60 2.74","AC Power",0,"Note: No thermal warning level has been recorded Note: No performance warning level has been recorded Note: No CPU power status has been recorded "
campaign-20260925T060607Z,S20260925T060607Z,43,diag,4,1,cpu4,after,2026-09-25T07:34:34Z,"3.01 2.74 2.77","AC Power",0,"Note: No thermal warning level has been recorded Note: No performance warning level has been recorded Note: No CPU power status has been recorded "
campaign-20260925T060607Z,S20260925T060607Z,44,diag,4,1,cpu8,before,2026-09-25T07:34:34Z,"3.01 2.74 2.77","AC Power",0,"Note: No thermal warning level has been recorded Note: No performance warning level has been recorded Note: No CPU power status has been recorded "
campaign-20260925T060607Z,S20260925T060607Z,44,diag,4,1,cpu8,after,2026-09-25T07:36:38Z,"3.20 2.91 2.83","AC Power",0,"Note: No thermal warning level has been recorded Note: No performance warning level has been recorded Note: No CPU power status has been recorded "
campaign-20260925T060607Z,S20260925T060607Z,45,diag,4,1,cpu2,before,2026-09-25T07:36:38Z,"3.20 2.91 2.83","AC Power",0,"Note: No thermal warning level has been recorded Note: No performance warning level has been recorded Note: No CPU power status has been recorded "
campaign-20260925T060607Z,S20260925T060607Z,45,diag,4,1,cpu2,after,2026-09-25T07:39:16Z,"2.75 2.87 2.83","AC Power",0,"Note: No thermal warning level has been recorded Note: No performance warning level has been recorded Note: No CPU power status has been recorded "
campaign-20260925T060607Z,S20260925T060607Z,46,diag,5,1,cpu8,before,2026-09-25T07:39:16Z,"2.75 2.87 2.83","AC Power",0,"Note: No thermal warning level has been recorded Note: No performance warning level has been recorded Note: No CPU power status has been recorded "
campaign-20260925T060607Z,S20260925T060607Z,46,diag,5,1,cpu8,after,2026-09-25T07:41:27Z,"2.36 2.69 2.76","AC Power",0,"Note: No thermal warning level has been recorded Note: No performance warning level has been recorded Note: No CPU power status has been recorded "
campaign-20260925T060607Z,S20260925T060607Z,47,diag,5,1,cpu2,before,2026-09-25T07:41:27Z,"2.36 2.69 2.76","AC Power",0,"Note: No thermal warning level has been recorded Note: No performance warning level has been recorded Note: No CPU power status has been recorded "
campaign-20260925T060607Z,S20260925T060607Z,47,diag,5,1,cpu2,after,2026-09-25T07:44:06Z,"2.85 2.69 2.74","AC Power",0,"Note: No thermal warning level has been recorded Note: No performance warning level has been recorded Note: No CPU power status has been recorded "
campaign-20260925T060607Z,S20260925T060607Z,48,diag,5,1,cpu4,before,2026-09-25T07:44:06Z,"2.85 2.69 2.74","AC Power",0,"Note: No thermal warning level has been recorded Note: No performance warning level has been recorded Note: No CPU power status has been recorded "
campaign-20260925T060607Z,S20260925T060607Z,48,diag,5,1,cpu4,after,2026-09-25T07:46:22Z,"5.64 3.51 3.04","AC Power",0,"Note: No thermal warning level has been recorded Note: No performance warning level has been recorded Note: No CPU power status has been recorded "
