profile_id,metric,depth,quantity,rounds,n,median,min,max,values,definition
cpu2,prove_ms,5,plonk_over_groth16,1-5,5,50.2375,47.7554,51.7962,r1=47.7554;r2=50.2375;r3=50.3781;r4=47.7889;r5=51.7962,"PLONK_r(d)/Groth16_r(d), prove_ms"
cpu2,prove_ms,6,plonk_over_groth16,1-5,5,41.7913,39.8937,55.1629,r1=55.1629;r2=43.5855;r3=41.1656;r4=39.8937;r5=41.7913,"PLONK_r(d)/Groth16_r(d), prove_ms"
cpu2,prove_ms,7,plonk_over_groth16,1-5,5,41.1502,37.9222,49.303,r1=49.303;r2=41.1502;r3=44.4938;r4=40.873;r5=37.9222,"PLONK_r(d)/Groth16_r(d), prove_ms"
cpu2,prove_ms,8,plonk_over_groth16,1-5,5,37.7044,34.6073,38.2791,r1=37.7044;r2=34.6073;r3=36.1489;r4=38.2791;r5=37.837,"PLONK_r(d)/Groth16_r(d), prove_ms"
cpu2,prove_ms,9,plonk_over_groth16,1-5,5,35.3566,32.3468,35.8285,r1=34.9695;r2=35.6387;r3=35.3566;r4=32.3468;r5=35.8285,"PLONK_r(d)/Groth16_r(d), prove_ms"
cpu2,prove_ms,10,plonk_over_groth16,1-5,5,32.7295,30.6448,35.422,r1=35.422;r2=30.6985;r3=32.7295;r4=32.929;r5=30.6448,"PLONK_r(d)/Groth16_r(d), prove_ms"
cpu2,prove_ms,11,plonk_over_groth16,1-5,5,61.4665,60.474,68.9365,r1=68.9365;r2=61.4665;r3=61.3004;r4=64.2696;r5=60.474,"PLONK_r(d)/Groth16_r(d), prove_ms"
cpu2,prove_ms,12,plonk_over_groth16,1-5,5,56.7085,55.0919,61.7617,r1=61.7617;r2=55.5826;r3=58.0918;r4=55.0919;r5=56.7085,"PLONK_r(d)/Groth16_r(d), prove_ms"
cpu2,prove_ms,13,plonk_over_groth16,1-5,5,54.4064,52.5898,55.8415,r1=54.4064;r2=55.6102;r3=55.8415;r4=52.6865;r5=52.5898,"PLONK_r(d)/Groth16_r(d), prove_ms"
cpu2,prove_ms,14,plonk_over_groth16,1-5,5,54.3704,50.6783,54.5591,r1=54.3704;r2=50.6783;r3=54.5591;r4=53.0568;r5=54.4068,"PLONK_r(d)/Groth16_r(d), prove_ms"
cpu2,prove_ms,15,plonk_over_groth16,1-5,5,47.7892,45.8706,51.8783,r1=51.8783;r2=47.5113;r3=47.7892;r4=45.8706;r5=49.1878,"PLONK_r(d)/Groth16_r(d), prove_ms"
cpu2,prove_ms,all,range_of_depth_medians,1-5,11,47.7892,32.7295,61.4665,d5=50.2375;d6=41.7913;d7=41.1502;d8=37.7044;d9=35.3566;d10=32.7295;d11=61.4665;d12=56.7085;d13=54.4064;d14=54.3704;d15=47.7892,min and max over depths of the per-depth median ratio (median shown for reference)
cpu2,wall_ms,5,plonk_over_groth16,1-5,5,43.3991,41.1932,45.4831,r1=42.3324;r2=43.3991;r3=43.9238;r4=41.1932;r5=45.4831,"PLONK_r(d)/Groth16_r(d), wall_ms"
cpu2,wall_ms,6,plonk_over_groth16,1-5,5,37.3111,35.8208,47.4062,r1=47.4062;r2=38.8438;r3=37.3111;r4=35.8208;r5=36.7877,"PLONK_r(d)/Groth16_r(d), wall_ms"
cpu2,wall_ms,7,plonk_over_groth16,1-5,5,36.4852,33.9206,43.0971,r1=43.0971;r2=36.397;r3=39.5389;r4=36.4852;r5=33.9206,"PLONK_r(d)/Groth16_r(d), wall_ms"
cpu2,wall_ms,8,plonk_over_groth16,1-5,5,34.2396,31.0014,34.5001,r1=34.5001;r2=31.0014;r3=32.5214;r4=34.3634;r5=34.2396,"PLONK_r(d)/Groth16_r(d), wall_ms"
cpu2,wall_ms,9,plonk_over_groth16,1-5,5,31.754,29.0324,32.6036,r1=31.754;r2=32.2717;r3=31.4314;r4=29.0324;r5=32.6036,"PLONK_r(d)/Groth16_r(d), wall_ms"
cpu2,wall_ms,10,plonk_over_groth16,1-5,5,29.9446,27.806,32.0843,r1=32.0843;r2=28.3623;r3=29.9446;r4=30.0695;r5=27.806,"PLONK_r(d)/Groth16_r(d), wall_ms"
cpu2,wall_ms,11,plonk_over_groth16,1-5,5,55.1356,54.6509,61.9524,r1=61.9524;r2=55.1356;r3=54.751;r4=56.8296;r5=54.6509,"PLONK_r(d)/Groth16_r(d), wall_ms"
cpu2,wall_ms,12,plonk_over_groth16,1-5,5,50.7969,49.0941,54.6097,r1=54.6097;r2=50.3494;r3=52.653;r4=49.0941;r5=50.7969,"PLONK_r(d)/Groth16_r(d), wall_ms"
cpu2,wall_ms,13,plonk_over_groth16,1-5,5,47.1737,44.8095,48.0512,r1=47.1737;r2=47.3519;r3=48.0512;r4=45.706;r5=44.8095,"PLONK_r(d)/Groth16_r(d), wall_ms"
cpu2,wall_ms,14,plonk_over_groth16,1-5,5,43.9201,42.816,46.0652,r1=46.0652;r2=42.816;r3=43.9201;r4=43.2891;r5=45.0108,"PLONK_r(d)/Groth16_r(d), wall_ms"
cpu2,wall_ms,15,plonk_over_groth16,1-5,5,36.0075,34.9302,38.9756,r1=38.9756;r2=35.5396;r3=36.0075;r4=34.9302;r5=36.9404,"PLONK_r(d)/Groth16_r(d), wall_ms"
cpu2,wall_ms,all,range_of_depth_medians,1-5,11,37.3111,29.9446,55.1356,d5=43.3991;d6=37.3111;d7=36.4852;d8=34.2396;d9=31.754;d10=29.9446;d11=55.1356;d12=50.7969;d13=47.1737;d14=43.9201;d15=36.0075,min and max over depths of the per-depth median ratio (median shown for reference)
cpu4,prove_ms,5,plonk_over_groth16,1-5,5,73.5034,70.9146,79.3404,r1=74.4086;r2=70.9146;r3=73.5034;r4=71.0223;r5=79.3404,"PLONK_r(d)/Groth16_r(d), prove_ms"
cpu4,prove_ms,6,plonk_over_groth16,1-5,5,65.1307,62.4656,72.662,r1=65.1307;r2=67.1772;r3=65.0759;r4=62.4656;r5=72.662,"PLONK_r(d)/Groth16_r(d), prove_ms"
cpu4,prove_ms,7,plonk_over_groth16,1-5,5,61.6938,58.9042,66.9057,r1=61.6938;r2=58.9042;r3=64.8055;r4=61.3178;r5=66.9057,"PLONK_r(d)/Groth16_r(d), prove_ms"
cpu4,prove_ms,8,plonk_over_groth16,1-5,5,51.8849,50.6382,53.91,r1=50.6382;r2=53.91;r3=51.189;r4=51.8849;r5=52.2373,"PLONK_r(d)/Groth16_r(d), prove_ms"
cpu4,prove_ms,9,plonk_over_groth16,1-5,5,49.454,48.6375,55.6901,r1=48.6375;r2=49.1098;r3=49.454;r4=49.9913;r5=55.6901,"PLONK_r(d)/Groth16_r(d), prove_ms"
cpu4,prove_ms,10,plonk_over_groth16,1-5,5,47.0499,46.2598,51.6298,r1=47.6182;r2=46.7889;r3=46.2598;r4=47.0499;r5=51.6298,"PLONK_r(d)/Groth16_r(d), prove_ms"
cpu4,prove_ms,11,plonk_over_groth16,1-5,5,85.4977,83.5464,91.989,r1=83.5464;r2=85.908;r3=85.4977;r4=85.0967;r5=91.989,"PLONK_r(d)/Groth16_r(d), prove_ms"
cpu4,prove_ms,12,plonk_over_groth16,1-5,5,81.0156,78.0346,89.9166,r1=80.4849;r2=78.0346;r3=81.0156;r4=83.8055;r5=89.9166,"PLONK_r(d)/Groth16_r(d), prove_ms"
cpu4,prove_ms,13,plonk_over_groth16,1-5,5,80.9252,77.8262,87.6386,r1=82.9033;r2=80.9252;r3=77.8262;r4=78.9429;r5=87.6386,"PLONK_r(d)/Groth16_r(d), prove_ms"
cpu4,prove_ms,14,plonk_over_groth16,1-5,5,77.3144,75.1,85.029,r1=76.0743;r2=77.3144;r3=77.9205;r4=75.1;r5=85.029,"PLONK_r(d)/Groth16_r(d), prove_ms"
cpu4,prove_ms,15,plonk_over_groth16,1-5,5,74.5183,71.3673,82.5056,r1=72.6823;r2=71.3673;r3=75.7348;r4=74.5183;r5=82.5056,"PLONK_r(d)/Groth16_r(d), prove_ms"
cpu4,prove_ms,all,range_of_depth_medians,1-5,11,73.5034,47.0499,85.4977,d5=73.5034;d6=65.1307;d7=61.6938;d8=51.8849;d9=49.454;d10=47.0499;d11=85.4977;d12=81.0156;d13=80.9252;d14=77.3144;d15=74.5183,min and max over depths of the per-depth median ratio (median shown for reference)
cpu4,wall_ms,5,plonk_over_groth16,1-5,5,62.8752,61.265,68.3012,r1=64.2188;r2=61.5496;r3=62.8752;r4=61.265;r5=68.3012,"PLONK_r(d)/Groth16_r(d), wall_ms"
cpu4,wall_ms,6,plonk_over_groth16,1-5,5,57.3768,55.2061,63.245,r1=56.9795;r2=58.8086;r3=57.3768;r4=55.2061;r5=63.245,"PLONK_r(d)/Groth16_r(d), wall_ms"
cpu4,wall_ms,7,plonk_over_groth16,1-5,5,53.7823,52.1471,59.4477,r1=53.0254;r2=52.1471;r3=56.8546;r4=53.7823;r5=59.4477,"PLONK_r(d)/Groth16_r(d), wall_ms"
cpu4,wall_ms,8,plonk_over_groth16,1-5,5,46.1612,45.6573,47.4309,r1=45.6573;r2=47.4309;r3=46.1041;r4=46.1612;r5=46.4119,"PLONK_r(d)/Groth16_r(d), wall_ms"
cpu4,wall_ms,9,plonk_over_groth16,1-5,5,44.1085,43.8084,49.8835,r1=43.902;r2=43.8084;r3=44.1085;r4=44.7763;r5=49.8835,"PLONK_r(d)/Groth16_r(d), wall_ms"
cpu4,wall_ms,10,plonk_over_groth16,1-5,5,42.3814,41.63,46.0831,r1=42.7892;r2=42.0169;r3=41.63;r4=42.3814;r5=46.0831,"PLONK_r(d)/Groth16_r(d), wall_ms"
cpu4,wall_ms,11,plonk_over_groth16,1-5,5,75.651,74.6039,81.1436,r1=74.6039;r2=76.3892;r3=75.651;r4=75.6275;r5=81.1436,"PLONK_r(d)/Groth16_r(d), wall_ms"
cpu4,wall_ms,12,plonk_over_groth16,1-5,5,71.2327,69.4296,79.1184,r1=69.9571;r2=69.4296;r3=71.2327;r4=72.0562;r5=79.1184,"PLONK_r(d)/Groth16_r(d), wall_ms"
cpu4,wall_ms,13,plonk_over_groth16,1-5,5,65.8223,64.4152,72.7662,r1=67.4253;r2=65.8223;r3=64.4152;r4=65.4625;r5=72.7662,"PLONK_r(d)/Groth16_r(d), wall_ms"
cpu4,wall_ms,14,plonk_over_groth16,1-5,5,60.3738,57.5041,67.2023,r1=60.3738;r2=60.5577;r3=59.1466;r4=57.5041;r5=67.2023,"PLONK_r(d)/Groth16_r(d), wall_ms"
cpu4,wall_ms,15,plonk_over_groth16,1-5,5,48.727,47.0601,54.3636,r1=48.727;r2=47.0601;r3=50.2587;r4=48.418;r5=54.3636,"PLONK_r(d)/Groth16_r(d), wall_ms"
cpu4,wall_ms,all,range_of_depth_medians,1-5,11,57.3768,42.3814,75.651,d5=62.8752;d6=57.3768;d7=53.7823;d8=46.1612;d9=44.1085;d10=42.3814;d11=75.651;d12=71.2327;d13=65.8223;d14=60.3738;d15=48.727,min and max over depths of the per-depth median ratio (median shown for reference)
cpu8,prove_ms,5,plonk_over_groth16,1-5,5,91.7925,88.5056,93.8963,r1=91.7925;r2=93.8963;r3=92.9771;r4=89.347;r5=88.5056,"PLONK_r(d)/Groth16_r(d), prove_ms"
cpu8,prove_ms,6,plonk_over_groth16,1-5,5,87.5605,84.5246,88.462,r1=87.5605;r2=88.462;r3=86.9675;r4=84.5246;r5=88.1166,"PLONK_r(d)/Groth16_r(d), prove_ms"
cpu8,prove_ms,7,plonk_over_groth16,1-5,5,80.0609,77.2738,82.7801,r1=82.4531;r2=80.0609;r3=79.2427;r4=77.2738;r5=82.7801,"PLONK_r(d)/Groth16_r(d), prove_ms"
cpu8,prove_ms,8,plonk_over_groth16,1-5,5,67.7015,66.7356,69.4255,r1=67.4415;r2=67.7015;r3=66.7356;r4=68.4357;r5=69.4255,"PLONK_r(d)/Groth16_r(d), prove_ms"
cpu8,prove_ms,9,plonk_over_groth16,1-5,5,65.3304,64.0602,66.9309,r1=65.3304;r2=66.1073;r3=64.0602;r4=64.3762;r5=66.9309,"PLONK_r(d)/Groth16_r(d), prove_ms"
cpu8,prove_ms,10,plonk_over_groth16,1-5,5,62.2349,59.9807,62.6893,r1=62.4602;r2=62.6893;r3=59.9807;r4=61.4794;r5=62.2349,"PLONK_r(d)/Groth16_r(d), prove_ms"
cpu8,prove_ms,11,plonk_over_groth16,1-5,5,116.231,114.819,118.501,r1=114.819;r2=118.501;r3=114.986;r4=116.231;r5=117.848,"PLONK_r(d)/Groth16_r(d), prove_ms"
cpu8,prove_ms,12,plonk_over_groth16,1-5,5,109.882,108.133,111.065,r1=109.882;r2=111.065;r3=108.705;r4=108.133;r5=111.021,"PLONK_r(d)/Groth16_r(d), prove_ms"
cpu8,prove_ms,13,plonk_over_groth16,1-5,5,103.981,103.706,105.344,r1=103.981;r2=104.86;r3=105.344;r4=103.706;r5=103.86,"PLONK_r(d)/Groth16_r(d), prove_ms"
cpu8,prove_ms,14,plonk_over_groth16,1-5,5,101.386,98.9707,102.293,r1=101.386;r2=102.293;r3=98.9707;r4=99.983;r5=102.14,"PLONK_r(d)/Groth16_r(d), prove_ms"
cpu8,prove_ms,15,plonk_over_groth16,1-5,5,98.5797,93.4842,100.631,r1=98.99;r2=98.5797;r3=96.7266;r4=93.4842;r5=100.631,"PLONK_r(d)/Groth16_r(d), prove_ms"
cpu8,prove_ms,all,range_of_depth_medians,1-5,11,91.7925,62.2349,116.231,d5=91.7925;d6=87.5605;d7=80.0609;d8=67.7015;d9=65.3304;d10=62.2349;d11=116.231;d12=109.882;d13=103.981;d14=101.386;d15=98.5797,min and max over depths of the per-depth median ratio (median shown for reference)
cpu8,wall_ms,5,plonk_over_groth16,1-5,5,74.6283,73.3769,78.0585,r1=77.2605;r2=74.6283;r3=78.0585;r4=73.3769;r5=74.6197,"PLONK_r(d)/Groth16_r(d), wall_ms"
cpu8,wall_ms,6,plonk_over_groth16,1-5,5,73.4465,71.7335,74.5038,r1=73.0879;r2=74.5038;r3=73.4465;r4=71.7335;r5=73.9579,"PLONK_r(d)/Groth16_r(d), wall_ms"
cpu8,wall_ms,7,plonk_over_groth16,1-5,5,68.8963,65.3343,70.111,r1=68.8963;r2=69.2522;r3=67.231;r4=65.3343;r5=70.111,"PLONK_r(d)/Groth16_r(d), wall_ms"
cpu8,wall_ms,8,plonk_over_groth16,1-5,5,58.63,57.2166,60.4013,r1=57.2166;r2=57.6178;r3=58.63;r4=59.6045;r5=60.4013,"PLONK_r(d)/Groth16_r(d), wall_ms"
cpu8,wall_ms,9,plonk_over_groth16,1-5,5,57.2837,56.0314,58.2791,r1=57.2837;r2=57.6557;r3=56.5762;r4=56.0314;r5=58.2791,"PLONK_r(d)/Groth16_r(d), wall_ms"
cpu8,wall_ms,10,plonk_over_groth16,1-5,5,54.1433,52.5472,54.9266,r1=54.6928;r2=54.9266;r3=52.5472;r4=53.549;r5=54.1433,"PLONK_r(d)/Groth16_r(d), wall_ms"
cpu8,wall_ms,11,plonk_over_groth16,1-5,5,99.8536,97.6968,102.218,r1=98.8072;r2=102.218;r3=97.6968;r4=99.8536;r5=101.657,"PLONK_r(d)/Groth16_r(d), wall_ms"
cpu8,wall_ms,12,plonk_over_groth16,1-5,5,93.1516,88.64,95.1789,r1=90.656;r2=95.1789;r3=93.1516;r4=88.64;r5=94.6922,"PLONK_r(d)/Groth16_r(d), wall_ms"
cpu8,wall_ms,13,plonk_over_groth16,1-5,5,80.7425,79.5472,82.1203,r1=79.9165;r2=80.7425;r3=82.1203;r4=82.0461;r5=79.5472,"PLONK_r(d)/Groth16_r(d), wall_ms"
cpu8,wall_ms,14,plonk_over_groth16,1-5,5,75.0517,69.3517,75.3617,r1=75.3617;r2=75.15;r3=69.3517;r4=70.5957;r5=75.0517,"PLONK_r(d)/Groth16_r(d), wall_ms"
cpu8,wall_ms,15,plonk_over_groth16,1-5,5,57.349,53.2834,59.4983,r1=59.2087;r2=56.8025;r3=57.349;r4=53.2834;r5=59.4983,"PLONK_r(d)/Groth16_r(d), wall_ms"
cpu8,wall_ms,all,range_of_depth_medians,1-5,11,73.4465,54.1433,99.8536,d5=74.6283;d6=73.4465;d7=68.8963;d8=58.63;d9=57.2837;d10=54.1433;d11=99.8536;d12=93.1516;d13=80.7425;d14=75.0517;d15=57.349,min and max over depths of the per-depth median ratio (median shown for reference)
