backend,stage,role,depth,ratio,rounds,n,median,min,max,values,definition
groth16,input_ms,stage,5,S4_cpu2_over_cpu4,1-5,5,1.0691,0.732664,1.89646,r1=1.0691;r2=0.732664;r3=1.07379;r4=0.933414;r5=1.89646,T_r(cpu2)/T_r(cpu4)
groth16,input_ms,stage,6,S4_cpu2_over_cpu4,1-5,5,1.01861,0.883721,1.60555,r1=1.01861;r2=1.03914;r3=0.883721;r4=0.960563;r5=1.60555,T_r(cpu2)/T_r(cpu4)
groth16,input_ms,stage,7,S4_cpu2_over_cpu4,1-5,5,0.852643,0.293133,1.04476,r1=0.293133;r2=0.852643;r3=0.793015;r4=1.04476;r5=0.981714,T_r(cpu2)/T_r(cpu4)
groth16,input_ms,stage,8,S4_cpu2_over_cpu4,1-5,5,0.968905,0.948113,0.980865,r1=0.948113;r2=0.979916;r3=0.957627;r4=0.968905;r5=0.980865,T_r(cpu2)/T_r(cpu4)
groth16,input_ms,stage,9,S4_cpu2_over_cpu4,1-5,5,0.972718,0.802111,2.47391,r1=2.47391;r2=0.972718;r3=0.802111;r4=0.979632;r5=0.944802,T_r(cpu2)/T_r(cpu4)
groth16,input_ms,stage,10,S4_cpu2_over_cpu4,1-5,5,1.02031,0.957788,1.0408,r1=1.0408;r2=1.00643;r3=1.02696;r4=1.02031;r5=0.957788,T_r(cpu2)/T_r(cpu4)
groth16,input_ms,stage,11,S4_cpu2_over_cpu4,1-5,5,0.985198,0.90851,1.14097,r1=1.14097;r2=0.955696;r3=0.985198;r4=0.90851;r5=1.01448,T_r(cpu2)/T_r(cpu4)
groth16,input_ms,stage,12,S4_cpu2_over_cpu4,1-5,5,1.05067,1.02144,1.12566,r1=1.12566;r2=1.02144;r3=1.03987;r4=1.05067;r5=1.09524,T_r(cpu2)/T_r(cpu4)
groth16,input_ms,stage,13,S4_cpu2_over_cpu4,1-5,5,1.09312,1.06496,1.17216,r1=1.09312;r2=1.06496;r3=1.07251;r4=1.0976;r5=1.17216,T_r(cpu2)/T_r(cpu4)
groth16,input_ms,stage,14,S4_cpu2_over_cpu4,1-5,5,1.08193,1.02833,1.11004,r1=1.11004;r2=1.02833;r3=1.04346;r4=1.08541;r5=1.08193,T_r(cpu2)/T_r(cpu4)
groth16,input_ms,stage,15,S4_cpu2_over_cpu4,1-5,5,1.08073,1.04549,1.14758,r1=1.14758;r2=1.08073;r3=1.06154;r4=1.04549;r5=1.09866,T_r(cpu2)/T_r(cpu4)
groth16,input_ms,stage,all,S4_cpu2_over_cpu4,1-5,11,1.02031,0.852643,1.09312,d5=1.0691;d6=1.01861;d7=0.852643;d8=0.968905;d9=0.972718;d10=1.02031;d11=0.985198;d12=1.05067;d13=1.09312;d14=1.08193;d15=1.08073,median and min-max over depths of the per-depth median (Figure 5)
groth16,input_ms,stage,5,S8_cpu2_over_cpu8,1-5,5,1.07179,0.122558,1.94308,r1=1.07179;r2=0.122558;r3=1.14054;r4=0.888249;r5=1.94308,T_r(cpu2)/T_r(cpu8)
groth16,input_ms,stage,6,S8_cpu2_over_cpu8,1-5,5,0.977381,0.924719,1.63113,r1=0.977381;r2=0.924719;r3=0.934426;r4=1.06065;r5=1.63113,T_r(cpu2)/T_r(cpu8)
groth16,input_ms,stage,7,S8_cpu2_over_cpu8,1-5,5,0.867304,0.223904,1,r1=0.223904;r2=1;r3=0.664525;r4=0.867304;r5=0.938798,T_r(cpu2)/T_r(cpu8)
groth16,input_ms,stage,8,S8_cpu2_over_cpu8,1-5,5,0.967186,0.221319,1.07824,r1=0.899731;r2=0.221319;r3=1.07824;r4=0.976496;r5=0.967186,T_r(cpu2)/T_r(cpu8)
groth16,input_ms,stage,9,S8_cpu2_over_cpu8,1-5,5,0.978541,0.791648,2.44323,r1=2.44323;r2=0.984932;r3=0.978541;r4=0.801952;r5=0.791648,T_r(cpu2)/T_r(cpu8)
groth16,input_ms,stage,10,S8_cpu2_over_cpu8,1-5,5,1.01143,0.97415,1.05302,r1=1.05302;r2=0.998874;r3=1.01143;r4=0.97415;r5=1.03063,T_r(cpu2)/T_r(cpu8)
groth16,input_ms,stage,11,S8_cpu2_over_cpu8,1-5,5,0.925549,0.896205,1.08873,r1=1.08873;r2=0.925549;r3=0.992823;r4=0.896205;r5=0.903969,T_r(cpu2)/T_r(cpu8)
groth16,input_ms,stage,12,S8_cpu2_over_cpu8,1-5,5,1.05747,0.995418,1.09966,r1=1.07392;r2=0.995418;r3=1.05747;r4=1.00126;r5=1.09966,T_r(cpu2)/T_r(cpu8)
groth16,input_ms,stage,13,S8_cpu2_over_cpu8,1-5,5,1.03954,0.86294,1.12842,r1=1.03954;r2=1.0221;r3=1.10977;r4=1.12842;r5=0.86294,T_r(cpu2)/T_r(cpu8)
groth16,input_ms,stage,14,S8_cpu2_over_cpu8,1-5,5,1.06107,1.00934,1.10094,r1=1.10094;r2=1.01916;r3=1.00934;r4=1.0837;r5=1.06107,T_r(cpu2)/T_r(cpu8)
groth16,input_ms,stage,15,S8_cpu2_over_cpu8,1-5,5,1.0774,1.0004,1.17078,r1=1.15968;r2=1.07001;r3=1.0774;r4=1.0004;r5=1.17078,T_r(cpu2)/T_r(cpu8)
groth16,input_ms,stage,all,S8_cpu2_over_cpu8,1-5,11,1.01143,0.867304,1.0774,d5=1.07179;d6=0.977381;d7=0.867304;d8=0.967186;d9=0.978541;d10=1.01143;d11=0.925549;d12=1.05747;d13=1.03954;d14=1.06107;d15=1.0774,median and min-max over depths of the per-depth median (Figure 5)
groth16,input_ms,stage,5,doubling_cpu4_over_cpu8,1-5,5,1.00252,0.167277,1.06216,r1=1.00252;r2=0.167277;r3=1.06216;r4=0.951613;r5=1.02458,T_r(cpu4)/T_r(cpu8)
groth16,input_ms,stage,6,doubling_cpu4_over_cpu8,1-5,5,1.01593,0.889888,1.1042,r1=0.959524;r2=0.889888;r3=1.05738;r4=1.1042;r5=1.01593,T_r(cpu4)/T_r(cpu8)
groth16,input_ms,stage,7,doubling_cpu4_over_cpu8,1-5,5,0.837973,0.763831,1.17282,r1=0.763831;r2=1.17282;r3=0.837973;r4=0.830149;r5=0.956284,T_r(cpu4)/T_r(cpu8)
groth16,input_ms,stage,8,doubling_cpu4_over_cpu8,1-5,5,0.986054,0.225855,1.12595,r1=0.94897;r2=0.225855;r3=1.12595;r4=1.00783;r5=0.986054,T_r(cpu4)/T_r(cpu8)
groth16,input_ms,stage,9,doubling_cpu4_over_cpu8,1-5,5,0.987595,0.818625,1.21996,r1=0.987595;r2=1.01256;r3=1.21996;r4=0.818625;r5=0.837899,T_r(cpu4)/T_r(cpu8)
groth16,input_ms,stage,10,doubling_cpu4_over_cpu8,1-5,5,0.992492,0.954762,1.07606,r1=1.01174;r2=0.992492;r3=0.984882;r4=0.954762;r5=1.07606,T_r(cpu4)/T_r(cpu8)
groth16,input_ms,stage,11,doubling_cpu4_over_cpu8,1-5,5,0.968456,0.891066,1.00774,r1=0.954217;r2=0.968456;r3=1.00774;r4=0.986456;r5=0.891066,T_r(cpu4)/T_r(cpu8)
groth16,input_ms,stage,12,doubling_cpu4_over_cpu8,1-5,5,0.974519,0.952967,1.01692,r1=0.954031;r2=0.974519;r3=1.01692;r4=0.952967;r5=1.00404,T_r(cpu4)/T_r(cpu8)
groth16,input_ms,stage,13,doubling_cpu4_over_cpu8,1-5,5,0.959751,0.736197,1.03473,r1=0.950981;r2=0.959751;r3=1.03473;r4=1.02808;r5=0.736197,T_r(cpu4)/T_r(cpu8)
groth16,input_ms,stage,14,doubling_cpu4_over_cpu8,1-5,5,0.991077,0.967296,0.998427,r1=0.991802;r2=0.991077;r3=0.967296;r4=0.998427;r5=0.980714,T_r(cpu4)/T_r(cpu8)
groth16,input_ms,stage,15,doubling_cpu4_over_cpu8,1-5,5,1.01054,0.95687,1.06565,r1=1.01054;r2=0.990084;r3=1.01494;r4=0.95687;r5=1.06565,T_r(cpu4)/T_r(cpu8)
groth16,input_ms,stage,all,doubling_cpu4_over_cpu8,1-5,11,0.987595,0.837973,1.01593,d5=1.00252;d6=1.01593;d7=0.837973;d8=0.986054;d9=0.987595;d10=0.992492;d11=0.968456;d12=0.974519;d13=0.959751;d14=0.991077;d15=1.01054,median and min-max over depths of the per-depth median (Figure 5)
groth16,witness_ms,stage,5,S4_cpu2_over_cpu4,1-5,5,1.57122,1.40421,1.74742,r1=1.70772;r2=1.52259;r3=1.74742;r4=1.57122;r5=1.40421,T_r(cpu2)/T_r(cpu4)
groth16,witness_ms,stage,6,S4_cpu2_over_cpu4,1-5,5,1.61926,1.36685,1.77637,r1=1.61926;r2=1.77637;r3=1.36685;r4=1.57693;r5=1.70706,T_r(cpu2)/T_r(cpu4)
groth16,witness_ms,stage,7,S4_cpu2_over_cpu4,1-5,5,1.62413,1.30032,1.95495,r1=1.30032;r2=1.95495;r3=1.62413;r4=1.43815;r5=1.7807,T_r(cpu2)/T_r(cpu4)
groth16,witness_ms,stage,8,S4_cpu2_over_cpu4,1-5,5,1.5066,1.36863,1.87506,r1=1.51163;r2=1.5066;r3=1.87506;r4=1.36863;r5=1.38963,T_r(cpu2)/T_r(cpu4)
groth16,witness_ms,stage,9,S4_cpu2_over_cpu4,1-5,5,1.61632,1.37995,2.00215,r1=1.63047;r2=1.37995;r3=1.61632;r4=2.00215;r5=1.58116,T_r(cpu2)/T_r(cpu4)
groth16,witness_ms,stage,10,S4_cpu2_over_cpu4,1-5,5,1.47737,1.39503,1.78053,r1=1.78053;r2=1.39503;r3=1.45915;r4=1.47737;r5=1.59274,T_r(cpu2)/T_r(cpu4)
groth16,witness_ms,stage,11,S4_cpu2_over_cpu4,1-5,5,1.81583,1.51765,1.91738,r1=1.777;r2=1.90509;r3=1.81583;r4=1.91738;r5=1.51765,T_r(cpu2)/T_r(cpu4)
groth16,witness_ms,stage,12,S4_cpu2_over_cpu4,1-5,5,1.56126,1.28792,1.89449,r1=1.89449;r2=1.54391;r3=1.28792;r4=1.56126;r5=1.58965,T_r(cpu2)/T_r(cpu4)
groth16,witness_ms,stage,13,S4_cpu2_over_cpu4,1-5,5,1.73086,1.45309,1.85035,r1=1.75583;r2=1.73086;r3=1.54625;r4=1.45309;r5=1.85035,T_r(cpu2)/T_r(cpu4)
groth16,witness_ms,stage,14,S4_cpu2_over_cpu4,1-5,5,1.58014,1.48606,1.70092,r1=1.48606;r2=1.54658;r3=1.66557;r4=1.58014;r5=1.70092,T_r(cpu2)/T_r(cpu4)
groth16,witness_ms,stage,15,S4_cpu2_over_cpu4,1-5,5,1.40485,1.14994,1.50893,r1=1.44577;r2=1.50893;r3=1.37605;r4=1.14994;r5=1.40485,T_r(cpu2)/T_r(cpu4)
groth16,witness_ms,stage,all,S4_cpu2_over_cpu4,1-5,11,1.58014,1.40485,1.81583,d5=1.57122;d6=1.61926;d7=1.62413;d8=1.5066;d9=1.61632;d10=1.47737;d11=1.81583;d12=1.56126;d13=1.73086;d14=1.58014;d15=1.40485,median and min-max over depths of the per-depth median (Figure 5)
groth16,witness_ms,stage,5,S8_cpu2_over_cpu8,1-5,5,1.66871,1.43496,2.17435,r1=1.79448;r2=1.43496;r3=2.17435;r4=1.44884;r5=1.66871,T_r(cpu2)/T_r(cpu8)
groth16,witness_ms,stage,6,S8_cpu2_over_cpu8,1-5,5,1.75821,1.47001,1.88271,r1=1.54166;r2=1.82832;r3=1.47001;r4=1.75821;r5=1.88271,T_r(cpu2)/T_r(cpu8)
groth16,witness_ms,stage,7,S8_cpu2_over_cpu8,1-5,5,1.74327,1.58956,2.33293,r1=1.69744;r2=2.33293;r3=1.74327;r4=1.58956;r5=1.78875,T_r(cpu2)/T_r(cpu8)
groth16,witness_ms,stage,8,S8_cpu2_over_cpu8,1-5,5,1.6994,1.61763,2.01199,r1=1.61763;r2=1.8659;r3=2.01199;r4=1.6994;r5=1.66774,T_r(cpu2)/T_r(cpu8)
groth16,witness_ms,stage,9,S8_cpu2_over_cpu8,1-5,5,1.86384,1.57073,2.07191,r1=1.86384;r2=1.57073;r3=2.01651;r4=2.07191;r5=1.66717,T_r(cpu2)/T_r(cpu8)
groth16,witness_ms,stage,10,S8_cpu2_over_cpu8,1-5,5,1.60541,1.4638,1.92397,r1=1.92397;r2=1.57218;r3=1.60541;r4=1.4638;r5=1.76544,T_r(cpu2)/T_r(cpu8)
groth16,witness_ms,stage,11,S8_cpu2_over_cpu8,1-5,5,1.80366,1.74338,2.19889,r1=1.80366;r2=2.04823;r3=1.74338;r4=2.19889;r5=1.7539,T_r(cpu2)/T_r(cpu8)
groth16,witness_ms,stage,12,S8_cpu2_over_cpu8,1-5,5,1.71459,1.59713,1.90903,r1=1.90903;r2=1.71459;r3=1.61083;r4=1.59713;r5=1.82845,T_r(cpu2)/T_r(cpu8)
groth16,witness_ms,stage,13,S8_cpu2_over_cpu8,1-5,5,1.82536,1.55146,2.12995,r1=1.82536;r2=1.91176;r3=1.62387;r4=1.55146;r5=2.12995,T_r(cpu2)/T_r(cpu8)
groth16,witness_ms,stage,14,S8_cpu2_over_cpu8,1-5,5,1.75688,1.69049,1.85692,r1=1.75688;r2=1.75679;r3=1.85692;r4=1.69049;r5=1.82111,T_r(cpu2)/T_r(cpu8)
groth16,witness_ms,stage,15,S8_cpu2_over_cpu8,1-5,5,1.52449,1.30324,1.58083,r1=1.52449;r2=1.53512;r3=1.3601;r4=1.30324;r5=1.58083,T_r(cpu2)/T_r(cpu8)
groth16,witness_ms,stage,all,S8_cpu2_over_cpu8,1-5,11,1.74327,1.52449,1.86384,d5=1.66871;d6=1.75821;d7=1.74327;d8=1.6994;d9=1.86384;d10=1.60541;d11=1.80366;d12=1.71459;d13=1.82536;d14=1.75688;d15=1.52449,median and min-max over depths of the per-depth median (Figure 5)
groth16,witness_ms,stage,5,doubling_cpu4_over_cpu8,1-5,5,1.0508,0.922116,1.24432,r1=1.0508;r2=0.942442;r3=1.24432;r4=0.922116;r5=1.18836,T_r(cpu4)/T_r(cpu8)
groth16,witness_ms,stage,6,doubling_cpu4_over_cpu8,1-5,5,1.07548,0.952076,1.11496,r1=0.952076;r2=1.02924;r3=1.07548;r4=1.11496;r5=1.1029,T_r(cpu4)/T_r(cpu8)
groth16,witness_ms,stage,7,doubling_cpu4_over_cpu8,1-5,5,1.10528,1.00452,1.3054,r1=1.3054;r2=1.19335;r3=1.07335;r4=1.10528;r5=1.00452,T_r(cpu4)/T_r(cpu8)
groth16,witness_ms,stage,8,doubling_cpu4_over_cpu8,1-5,5,1.20013,1.07012,1.24168,r1=1.07012;r2=1.23848;r3=1.07302;r4=1.24168;r5=1.20013,T_r(cpu4)/T_r(cpu8)
groth16,witness_ms,stage,9,doubling_cpu4_over_cpu8,1-5,5,1.13825,1.03484,1.2476,r1=1.14313;r2=1.13825;r3=1.2476;r4=1.03484;r5=1.05439,T_r(cpu4)/T_r(cpu8)
groth16,witness_ms,stage,10,doubling_cpu4_over_cpu8,1-5,5,1.10023,0.990813,1.12699,r1=1.08056;r2=1.12699;r3=1.10023;r4=0.990813;r5=1.10843,T_r(cpu4)/T_r(cpu8)
groth16,witness_ms,stage,11,doubling_cpu4_over_cpu8,1-5,5,1.07513,0.9601,1.15567,r1=1.015;r2=1.07513;r3=0.9601;r4=1.14682;r5=1.15567,T_r(cpu4)/T_r(cpu8)
groth16,witness_ms,stage,12,doubling_cpu4_over_cpu8,1-5,5,1.11055,1.00767,1.25072,r1=1.00767;r2=1.11055;r3=1.25072;r4=1.02297;r5=1.15022,T_r(cpu4)/T_r(cpu8)
groth16,witness_ms,stage,13,doubling_cpu4_over_cpu8,1-5,5,1.0677,1.0396,1.15111,r1=1.0396;r2=1.10451;r3=1.05019;r4=1.0677;r5=1.15111,T_r(cpu4)/T_r(cpu8)
groth16,witness_ms,stage,14,doubling_cpu4_over_cpu8,1-5,5,1.11489,1.06984,1.18224,r1=1.18224;r2=1.13592;r3=1.11489;r4=1.06984;r5=1.07066,T_r(cpu4)/T_r(cpu8)
groth16,witness_ms,stage,15,doubling_cpu4_over_cpu8,1-5,5,1.05445,0.988411,1.13331,r1=1.05445;r2=1.01736;r3=0.988411;r4=1.13331;r5=1.12526,T_r(cpu4)/T_r(cpu8)
groth16,witness_ms,stage,all,doubling_cpu4_over_cpu8,1-5,11,1.10023,1.0508,1.20013,d5=1.0508;d6=1.07548;d7=1.10528;d8=1.20013;d9=1.13825;d10=1.10023;d11=1.07513;d12=1.11055;d13=1.0677;d14=1.11489;d15=1.05445,median and min-max over depths of the per-depth median (Figure 5)
groth16,prove_ms,stage,5,S4_cpu2_over_cpu4,1-5,5,1.73148,1.63969,2.05024,r1=2.05024;r2=1.68194;r3=1.80387;r4=1.73148;r5=1.63969,T_r(cpu2)/T_r(cpu4)
groth16,prove_ms,stage,6,S4_cpu2_over_cpu4,1-5,5,1.83728,1.54696,1.87919,r1=1.54696;r2=1.82626;r3=1.87919;r4=1.84514;r5=1.83728,T_r(cpu2)/T_r(cpu4)
groth16,prove_ms,stage,7,S4_cpu2_over_cpu4,1-5,5,1.69562,1.63398,1.81043,r1=1.6363;r2=1.69562;r3=1.63398;r4=1.75207;r5=1.81043,T_r(cpu2)/T_r(cpu4)
groth16,prove_ms,stage,8,S4_cpu2_over_cpu4,1-5,5,1.69008,1.607,1.8562,r1=1.75011;r2=1.8562;r3=1.69008;r4=1.607;r5=1.65446,T_r(cpu2)/T_r(cpu4)
groth16,prove_ms,stage,9,S4_cpu2_over_cpu4,1-5,5,1.68162,1.63138,1.81994,r1=1.81402;r2=1.63138;r3=1.66479;r4=1.81994;r5=1.68162,T_r(cpu2)/T_r(cpu4)
groth16,prove_ms,stage,10,S4_cpu2_over_cpu4,1-5,5,1.75906,1.66869,1.82772,r1=1.75906;r2=1.82772;r3=1.66869;r4=1.68566;r5=1.7981,T_r(cpu2)/T_r(cpu4)
groth16,prove_ms,stage,11,S4_cpu2_over_cpu4,1-5,5,1.62927,1.55151,1.65609,r1=1.62007;r2=1.65609;r3=1.64652;r4=1.55151;r5=1.62927,T_r(cpu2)/T_r(cpu4)
groth16,prove_ms,stage,12,S4_cpu2_over_cpu4,1-5,5,1.68702,1.65812,1.79256,r1=1.71307;r2=1.66683;r3=1.65812;r4=1.79256;r5=1.68702,T_r(cpu2)/T_r(cpu4)
groth16,prove_ms,stage,13,S4_cpu2_over_cpu4,1-5,5,1.76309,1.63895,1.98121,r1=1.98121;r2=1.73306;r3=1.63895;r4=1.77045;r5=1.76309,T_r(cpu2)/T_r(cpu4)
groth16,prove_ms,stage,14,S4_cpu2_over_cpu4,1-5,5,1.68356,1.67338,1.82765,r1=1.8106;r2=1.82765;r3=1.68356;r4=1.68239;r5=1.67338,T_r(cpu2)/T_r(cpu4)
groth16,prove_ms,stage,15,S4_cpu2_over_cpu4,1-5,5,1.84422,1.79009,1.90374,r1=1.84422;r2=1.79009;r3=1.86051;r4=1.90374;r5=1.82066,T_r(cpu2)/T_r(cpu4)
groth16,prove_ms,stage,all,S4_cpu2_over_cpu4,1-5,11,1.69562,1.62927,1.84422,d5=1.73148;d6=1.83728;d7=1.69562;d8=1.69008;d9=1.68162;d10=1.75906;d11=1.62927;d12=1.68702;d13=1.76309;d14=1.68356;d15=1.84422,median and min-max over depths of the per-depth median (Figure 5)
groth16,prove_ms,stage,5,S8_cpu2_over_cpu8,1-5,5,2.34665,2.15021,2.68101,r1=2.68101;r2=2.34665;r3=2.52496;r4=2.3466;r5=2.15021,T_r(cpu2)/T_r(cpu8)
groth16,prove_ms,stage,6,S8_cpu2_over_cpu8,1-5,5,2.61869,2.20126,2.71732,r1=2.20126;r2=2.52321;r3=2.71732;r4=2.68158;r5=2.61869,T_r(cpu2)/T_r(cpu8)
groth16,prove_ms,stage,7,S8_cpu2_over_cpu8,1-5,5,2.3887,2.3103,2.73817,r1=2.31356;r2=2.43377;r3=2.3103;r4=2.3887;r5=2.73817,T_r(cpu2)/T_r(cpu8)
groth16,prove_ms,stage,8,S8_cpu2_over_cpu8,1-5,5,2.3943,2.27536,2.4709,r1=2.46051;r2=2.4709;r3=2.3943;r4=2.27536;r5=2.3446,T_r(cpu2)/T_r(cpu8)
groth16,prove_ms,stage,9,S8_cpu2_over_cpu8,1-5,5,2.36366,2.29143,2.59204,r1=2.59204;r2=2.32548;r3=2.29143;r4=2.50775;r5=2.36366,T_r(cpu2)/T_r(cpu8)
groth16,prove_ms,stage,10,S8_cpu2_over_cpu8,1-5,5,2.44302,2.36124,2.54139,r1=2.44302;r2=2.5377;r3=2.36124;r4=2.37213;r5=2.54139,T_r(cpu2)/T_r(cpu8)
groth16,prove_ms,stage,11,S8_cpu2_over_cpu8,1-5,5,2.36068,2.20009,2.41181,r1=2.30885;r2=2.36068;r3=2.37973;r4=2.20009;r5=2.41181,T_r(cpu2)/T_r(cpu8)
groth16,prove_ms,stage,12,S8_cpu2_over_cpu8,1-5,5,2.43814,2.35609,2.45116,r1=2.45116;r2=2.44465;r3=2.35609;r4=2.43814;r5=2.42912,T_r(cpu2)/T_r(cpu8)
groth16,prove_ms,stage,13,S8_cpu2_over_cpu8,1-5,5,2.45305,2.3424,2.63946,r1=2.63946;r2=2.3424;r3=2.37364;r4=2.45305;r5=2.46102,T_r(cpu2)/T_r(cpu8)
groth16,prove_ms,stage,14,S8_cpu2_over_cpu8,1-5,5,2.36252,2.30362,2.52224,r1=2.52224;r2=2.44446;r3=2.30776;r4=2.36252;r5=2.30362,T_r(cpu2)/T_r(cpu8)
groth16,prove_ms,stage,15,S8_cpu2_over_cpu8,1-5,5,2.55496,2.54095,2.6069,r1=2.56732;r2=2.54095;r3=2.55496;r4=2.55277;r5=2.6069,T_r(cpu2)/T_r(cpu8)
groth16,prove_ms,stage,all,S8_cpu2_over_cpu8,1-5,11,2.3943,2.34665,2.61869,d5=2.34665;d6=2.61869;d7=2.3887;d8=2.3943;d9=2.36366;d10=2.44302;d11=2.36068;d12=2.43814;d13=2.45305;d14=2.36252;d15=2.55496,median and min-max over depths of the per-depth median (Figure 5)
groth16,prove_ms,stage,5,doubling_cpu4_over_cpu8,1-5,5,1.35526,1.30766,1.39974,r1=1.30766;r2=1.3952;r3=1.39974;r4=1.35526;r5=1.31135,T_r(cpu4)/T_r(cpu8)
groth16,prove_ms,stage,6,doubling_cpu4_over_cpu8,1-5,5,1.42531,1.38163,1.45333,r1=1.42296;r2=1.38163;r3=1.44601;r4=1.45333;r5=1.42531,T_r(cpu4)/T_r(cpu8)
groth16,prove_ms,stage,7,doubling_cpu4_over_cpu8,1-5,5,1.41391,1.36336,1.51244,r1=1.4139;r2=1.43533;r3=1.41391;r4=1.36336;r5=1.51244,T_r(cpu4)/T_r(cpu8)
groth16,prove_ms,stage,8,doubling_cpu4_over_cpu8,1-5,5,1.4159,1.33116,1.41714,r1=1.40592;r2=1.33116;r3=1.41668;r4=1.4159;r5=1.41714,T_r(cpu4)/T_r(cpu8)
groth16,prove_ms,stage,9,doubling_cpu4_over_cpu8,1-5,5,1.40559,1.37641,1.42889,r1=1.42889;r2=1.42547;r3=1.37641;r4=1.37793;r5=1.40559,T_r(cpu4)/T_r(cpu8)
groth16,prove_ms,stage,10,doubling_cpu4_over_cpu8,1-5,5,1.40724,1.38845,1.41502,r1=1.38882;r2=1.38845;r3=1.41502;r4=1.40724;r5=1.41338,T_r(cpu4)/T_r(cpu8)
groth16,prove_ms,stage,11,doubling_cpu4_over_cpu8,1-5,5,1.42546,1.41804,1.4803,r1=1.42516;r2=1.42546;r3=1.44531;r4=1.41804;r5=1.4803,T_r(cpu4)/T_r(cpu8)
groth16,prove_ms,stage,12,doubling_cpu4_over_cpu8,1-5,5,1.43086,1.36014,1.46664,r1=1.43086;r2=1.46664;r3=1.42095;r4=1.36014;r5=1.43989,T_r(cpu4)/T_r(cpu8)
groth16,prove_ms,stage,13,doubling_cpu4_over_cpu8,1-5,5,1.38555,1.33224,1.44827,r1=1.33224;r2=1.3516;r3=1.44827;r4=1.38555;r5=1.39586,T_r(cpu4)/T_r(cpu8)
groth16,prove_ms,stage,14,doubling_cpu4_over_cpu8,1-5,5,1.37662,1.33749,1.40426,r1=1.39304;r2=1.33749;r3=1.37076;r4=1.40426;r5=1.37662,T_r(cpu4)/T_r(cpu8)
groth16,prove_ms,stage,15,doubling_cpu4_over_cpu8,1-5,5,1.39209,1.34093,1.43185,r1=1.39209;r2=1.41946;r3=1.37326;r4=1.34093;r5=1.43185,T_r(cpu4)/T_r(cpu8)
groth16,prove_ms,stage,all,doubling_cpu4_over_cpu8,1-5,11,1.40724,1.35526,1.43086,d5=1.35526;d6=1.42531;d7=1.41391;d8=1.4159;d9=1.40559;d10=1.40724;d11=1.42546;d12=1.43086;d13=1.38555;d14=1.37662;d15=1.39209,median and min-max over depths of the per-depth median (Figure 5)
groth16,verify_first_ms,stage,5,S4_cpu2_over_cpu4,1-5,5,1.65413,1.2933,2.24401,r1=1.65413;r2=2.24401;r3=1.2933;r4=2.20274;r5=1.38386,T_r(cpu2)/T_r(cpu4)
groth16,verify_first_ms,stage,6,S4_cpu2_over_cpu4,1-5,5,1.74035,1.29442,2.11783,r1=2.11783;r2=1.29442;r3=1.76538;r4=1.74035;r5=1.69533,T_r(cpu2)/T_r(cpu4)
groth16,verify_first_ms,stage,7,S4_cpu2_over_cpu4,1-5,5,1.70214,1.29873,2.22553,r1=2.22553;r2=1.3417;r3=1.29873;r4=1.70703;r5=1.70214,T_r(cpu2)/T_r(cpu4)
groth16,verify_first_ms,stage,8,S4_cpu2_over_cpu4,1-5,5,1.57293,1.50174,1.90254,r1=1.54433;r2=1.87745;r3=1.57293;r4=1.90254;r5=1.50174,T_r(cpu2)/T_r(cpu4)
groth16,verify_first_ms,stage,9,S4_cpu2_over_cpu4,1-5,5,1.62404,1.30094,2.1791,r1=1.6722;r2=1.62404;r3=2.1791;r4=1.60694;r5=1.30094,T_r(cpu2)/T_r(cpu4)
groth16,verify_first_ms,stage,10,S4_cpu2_over_cpu4,1-5,5,1.56952,1.37461,1.68539,r1=1.56952;r2=1.37461;r3=1.45003;r4=1.64319;r5=1.68539,T_r(cpu2)/T_r(cpu4)
groth16,verify_first_ms,stage,11,S4_cpu2_over_cpu4,1-5,5,1.3931,1.15417,1.70329,r1=1.3931;r2=1.32912;r3=1.4257;r4=1.70329;r5=1.15417,T_r(cpu2)/T_r(cpu4)
groth16,verify_first_ms,stage,12,S4_cpu2_over_cpu4,1-5,5,1.50536,1.38029,1.57738,r1=1.38029;r2=1.55923;r3=1.43107;r4=1.50536;r5=1.57738,T_r(cpu2)/T_r(cpu4)
groth16,verify_first_ms,stage,13,S4_cpu2_over_cpu4,1-5,5,1.35558,1.26445,1.62935,r1=1.35558;r2=1.31501;r3=1.26445;r4=1.62935;r5=1.60254,T_r(cpu2)/T_r(cpu4)
groth16,verify_first_ms,stage,14,S4_cpu2_over_cpu4,1-5,5,1.60993,1.538,2.01228,r1=1.538;r2=1.60993;r3=1.77691;r4=1.55434;r5=2.01228,T_r(cpu2)/T_r(cpu4)
groth16,verify_first_ms,stage,15,S4_cpu2_over_cpu4,1-5,5,2.06232,1.47026,2.69035,r1=2.06232;r2=1.7689;r3=2.69035;r4=2.24377;r5=1.47026,T_r(cpu2)/T_r(cpu4)
groth16,verify_first_ms,stage,all,S4_cpu2_over_cpu4,1-5,11,1.60993,1.35558,2.06232,d5=1.65413;d6=1.74035;d7=1.70214;d8=1.57293;d9=1.62404;d10=1.56952;d11=1.3931;d12=1.50536;d13=1.35558;d14=1.60993;d15=2.06232,median and min-max over depths of the per-depth median (Figure 5)
groth16,verify_first_ms,stage,5,S8_cpu2_over_cpu8,1-5,5,2.02418,1.46554,2.84163,r1=2.02418;r2=2.84163;r3=1.61843;r4=2.61257;r5=1.46554,T_r(cpu2)/T_r(cpu8)
groth16,verify_first_ms,stage,6,S8_cpu2_over_cpu8,1-5,5,1.81068,1.45839,2.6063,r1=2.6063;r2=1.45839;r3=1.81068;r4=1.73422;r5=1.92831,T_r(cpu2)/T_r(cpu8)
groth16,verify_first_ms,stage,7,S8_cpu2_over_cpu8,1-5,5,1.67839,1.61257,2.61255,r1=2.61255;r2=1.61257;r3=1.61938;r4=1.67839;r5=1.98771,T_r(cpu2)/T_r(cpu8)
groth16,verify_first_ms,stage,8,S8_cpu2_over_cpu8,1-5,5,1.99544,1.00333,2.46212,r1=1.00333;r2=2.46212;r3=1.99544;r4=2.11339;r5=1.8266,T_r(cpu2)/T_r(cpu8)
groth16,verify_first_ms,stage,9,S8_cpu2_over_cpu8,1-5,5,2.09768,1.73466,2.86275,r1=1.7709;r2=2.18397;r3=2.86275;r4=2.09768;r5=1.73466,T_r(cpu2)/T_r(cpu8)
groth16,verify_first_ms,stage,10,S8_cpu2_over_cpu8,1-5,5,1.9245,1.61329,2.11388,r1=1.9245;r2=1.61329;r3=1.77292;r4=2.06346;r5=2.11388,T_r(cpu2)/T_r(cpu8)
groth16,verify_first_ms,stage,11,S8_cpu2_over_cpu8,1-5,5,1.85412,1.7999,2.07324,r1=1.7999;r2=1.85412;r3=2.03671;r4=1.84155;r5=2.07324,T_r(cpu2)/T_r(cpu8)
groth16,verify_first_ms,stage,12,S8_cpu2_over_cpu8,1-5,5,1.74631,1.67257,2.0836,r1=1.67257;r2=1.93109;r3=1.74631;r4=1.68977;r5=2.0836,T_r(cpu2)/T_r(cpu8)
groth16,verify_first_ms,stage,13,S8_cpu2_over_cpu8,1-5,5,1.80564,1.62608,2.19307,r1=1.80564;r2=1.66645;r3=1.62608;r4=2.19307;r5=2.17349,T_r(cpu2)/T_r(cpu8)
groth16,verify_first_ms,stage,14,S8_cpu2_over_cpu8,1-5,5,1.96094,1.62516,2.25185,r1=1.72457;r2=1.62516;r3=2.03097;r4=1.96094;r5=2.25185,T_r(cpu2)/T_r(cpu8)
groth16,verify_first_ms,stage,15,S8_cpu2_over_cpu8,1-5,5,2.04092,1.43357,3.15138,r1=2.24003;r2=2.04092;r3=3.15138;r4=1.43357;r5=1.4436,T_r(cpu2)/T_r(cpu8)
groth16,verify_first_ms,stage,all,S8_cpu2_over_cpu8,1-5,11,1.9245,1.67839,2.09768,d5=2.02418;d6=1.81068;d7=1.67839;d8=1.99544;d9=2.09768;d10=1.9245;d11=1.85412;d12=1.74631;d13=1.80564;d14=1.96094;d15=2.04092,median and min-max over depths of the per-depth median (Figure 5)
groth16,verify_first_ms,stage,5,doubling_cpu4_over_cpu8,1-5,5,1.22371,1.05902,1.26632,r1=1.22371;r2=1.26632;r3=1.2514;r4=1.18605;r5=1.05902,T_r(cpu4)/T_r(cpu8)
groth16,verify_first_ms,stage,6,doubling_cpu4_over_cpu8,1-5,5,1.12667,0.996475,1.23065,r1=1.23065;r2=1.12667;r3=1.02566;r4=0.996475;r5=1.13743,T_r(cpu4)/T_r(cpu8)
groth16,verify_first_ms,stage,7,doubling_cpu4_over_cpu8,1-5,5,1.1739,0.983223,1.24689,r1=1.1739;r2=1.20188;r3=1.24689;r4=0.983223;r5=1.16777,T_r(cpu4)/T_r(cpu8)
groth16,verify_first_ms,stage,8,doubling_cpu4_over_cpu8,1-5,5,1.21633,0.649687,1.31141,r1=0.649687;r2=1.31141;r3=1.26861;r4=1.11083;r5=1.21633,T_r(cpu4)/T_r(cpu8)
groth16,verify_first_ms,stage,9,doubling_cpu4_over_cpu8,1-5,5,1.31373,1.05902,1.34477,r1=1.05902;r2=1.34477;r3=1.31373;r4=1.30539;r5=1.33339,T_r(cpu4)/T_r(cpu8)
groth16,verify_first_ms,stage,10,doubling_cpu4_over_cpu8,1-5,5,1.22617,1.17363,1.25577,r1=1.22617;r2=1.17363;r3=1.22268;r4=1.25577;r5=1.25424,T_r(cpu4)/T_r(cpu8)
groth16,verify_first_ms,stage,11,doubling_cpu4_over_cpu8,1-5,5,1.395,1.08117,1.79631,r1=1.29201;r2=1.395;r3=1.42857;r4=1.08117;r5=1.79631,T_r(cpu4)/T_r(cpu8)
groth16,verify_first_ms,stage,12,doubling_cpu4_over_cpu8,1-5,5,1.22028,1.1225,1.32092,r1=1.21175;r2=1.23849;r3=1.22028;r4=1.1225;r5=1.32092,T_r(cpu4)/T_r(cpu8)
groth16,verify_first_ms,stage,13,doubling_cpu4_over_cpu8,1-5,5,1.33201,1.26726,1.35627,r1=1.33201;r2=1.26726;r3=1.28601;r4=1.34598;r5=1.35627,T_r(cpu4)/T_r(cpu8)
groth16,verify_first_ms,stage,14,doubling_cpu4_over_cpu8,1-5,5,1.12131,1.00946,1.26159,r1=1.12131;r2=1.00946;r3=1.14298;r4=1.26159;r5=1.11905,T_r(cpu4)/T_r(cpu8)
groth16,verify_first_ms,stage,15,doubling_cpu4_over_cpu8,1-5,5,1.08617,0.638911,1.17136,r1=1.08617;r2=1.15378;r3=1.17136;r4=0.638911;r5=0.981868,T_r(cpu4)/T_r(cpu8)
groth16,verify_first_ms,stage,all,doubling_cpu4_over_cpu8,1-5,11,1.22028,1.08617,1.395,d5=1.22371;d6=1.12667;d7=1.1739;d8=1.21633;d9=1.31373;d10=1.22617;d11=1.395;d12=1.22028;d13=1.33201;d14=1.12131;d15=1.08617,median and min-max over depths of the per-depth median (Figure 5)
groth16,wall_ms,total,5,S4_cpu2_over_cpu4,1-5,5,1.73468,1.60791,1.99672,r1=1.99672;r2=1.69028;r3=1.77108;r4=1.73468;r5=1.60791,T_r(cpu2)/T_r(cpu4)
groth16,wall_ms,total,6,S4_cpu2_over_cpu4,1-5,5,1.81647,1.5751,1.82933,r1=1.5751;r2=1.79528;r3=1.82933;r4=1.81647;r5=1.8191,T_r(cpu2)/T_r(cpu4)
groth16,wall_ms,total,7,S4_cpu2_over_cpu4,1-5,5,1.69795,1.6092,1.80057,r1=1.6092;r2=1.69795;r3=1.61448;r4=1.72124;r5=1.80057,T_r(cpu2)/T_r(cpu4)
groth16,wall_ms,total,8,S4_cpu2_over_cpu4,1-5,5,1.69342,1.59331,1.82438,r1=1.72464;r2=1.82438;r3=1.69342;r4=1.59331;r5=1.62575,T_r(cpu2)/T_r(cpu4)
groth16,wall_ms,total,9,S4_cpu2_over_cpu4,1-5,5,1.67027,1.60833,1.81661,r1=1.80426;r2=1.60833;r3=1.67027;r4=1.81661;r5=1.65625,T_r(cpu2)/T_r(cpu4)
groth16,wall_ms,total,10,S4_cpu2_over_cpu4,1-5,5,1.74573,1.64222,1.7777,r1=1.74573;r2=1.7777;r3=1.64222;r4=1.66415;r5=1.77051,T_r(cpu2)/T_r(cpu4)
groth16,wall_ms,total,11,S4_cpu2_over_cpu4,1-5,5,1.60976,1.55913,1.64224,r1=1.60976;r2=1.64224;r3=1.63148;r4=1.55913;r5=1.59125,T_r(cpu2)/T_r(cpu4)
groth16,wall_ms,total,12,S4_cpu2_over_cpu4,1-5,5,1.65896,1.6085,1.72984,r1=1.68381;r2=1.63732;r3=1.6085;r4=1.72984;r5=1.65896,T_r(cpu2)/T_r(cpu4)
groth16,wall_ms,total,13,S4_cpu2_over_cpu4,1-5,5,1.69299,1.57682,1.85888,r1=1.85888;r2=1.65558;r3=1.57682;r4=1.69299;r5=1.7191,T_r(cpu2)/T_r(cpu4)
groth16,wall_ms,total,14,S4_cpu2_over_cpu4,1-5,5,1.5995,1.57863,1.69542,r1=1.69542;r2=1.69427;r3=1.5878;r4=1.57863;r5=1.5995,T_r(cpu2)/T_r(cpu4)
groth16,wall_ms,total,15,S4_cpu2_over_cpu4,1-5,5,1.62396,1.57731,1.64429,r1=1.64429;r2=1.57731;r3=1.6384;r4=1.62396;r5=1.59817,T_r(cpu2)/T_r(cpu4)
groth16,wall_ms,total,all,S4_cpu2_over_cpu4,1-5,11,1.69299,1.5995,1.81647,d5=1.73468;d6=1.81647;d7=1.69795;d8=1.69342;d9=1.67027;d10=1.74573;d11=1.60976;d12=1.65896;d13=1.69299;d14=1.5995;d15=1.62396,median and min-max over depths of the per-depth median (Figure 5)
groth16,wall_ms,total,5,S8_cpu2_over_cpu8,1-5,5,2.23814,2.06501,2.54599,r1=2.54599;r2=2.16021;r3=2.43302;r4=2.23814;r5=2.06501,T_r(cpu2)/T_r(cpu8)
groth16,wall_ms,total,6,S8_cpu2_over_cpu8,1-5,5,2.49978,2.13845,2.53551,r1=2.13845;r2=2.38678;r3=2.53397;r4=2.53551;r5=2.49978,T_r(cpu2)/T_r(cpu8)
groth16,wall_ms,total,7,S8_cpu2_over_cpu8,1-5,5,2.26339,2.207,2.59476,r1=2.21246;r2=2.38132;r3=2.207;r4=2.26339;r5=2.59476,T_r(cpu2)/T_r(cpu8)
groth16,wall_ms,total,8,S8_cpu2_over_cpu8,1-5,5,2.28187,2.20861,2.34917,r1=2.28187;r2=2.34917;r3=2.34031;r4=2.20861;r5=2.25557,T_r(cpu2)/T_r(cpu8)
groth16,wall_ms,total,9,S8_cpu2_over_cpu8,1-5,5,2.27666,2.24165,2.50468,r1=2.50468;r2=2.24165;r3=2.27666;r4=2.43279;r5=2.26283,T_r(cpu2)/T_r(cpu8)
groth16,wall_ms,total,10,S8_cpu2_over_cpu8,1-5,5,2.36258,2.26276,2.43847,r1=2.36258;r2=2.40891;r3=2.26276;r4=2.26419;r5=2.43847,T_r(cpu2)/T_r(cpu8)
groth16,wall_ms,total,11,S8_cpu2_over_cpu8,1-5,5,2.26391,2.13777,2.30327,r1=2.21105;r2=2.271;r3=2.26391;r4=2.13777;r5=2.30327,T_r(cpu2)/T_r(cpu8)
groth16,wall_ms,total,12,S8_cpu2_over_cpu8,1-5,5,2.28698,2.22793,2.31505,r1=2.28698;r2=2.31293;r3=2.22793;r4=2.24188;r5=2.31505,T_r(cpu2)/T_r(cpu8)
groth16,wall_ms,total,13,S8_cpu2_over_cpu8,1-5,5,2.21275,2.11818,2.34022,r1=2.34022;r2=2.11818;r3=2.15102;r4=2.23771;r5=2.21275,T_r(cpu2)/T_r(cpu8)
groth16,wall_ms,total,14,S8_cpu2_over_cpu8,1-5,5,2.0463,2.0087,2.21215,r1=2.21215;r2=2.12579;r3=2.0087;r4=2.04383;r5=2.0463,T_r(cpu2)/T_r(cpu8)
groth16,wall_ms,total,15,S8_cpu2_over_cpu8,1-5,5,2.00966,1.90943,2.05089,r1=2.04167;r2=1.95619;r3=2.00966;r4=1.90943;r5=2.05089,T_r(cpu2)/T_r(cpu8)
groth16,wall_ms,total,all,S8_cpu2_over_cpu8,1-5,11,2.26391,2.00966,2.49978,d5=2.23814;d6=2.49978;d7=2.26339;d8=2.28187;d9=2.27666;d10=2.36258;d11=2.26391;d12=2.28698;d13=2.21275;d14=2.0463;d15=2.00966,median and min-max over depths of the per-depth median (Figure 5)
groth16,wall_ms,total,5,doubling_cpu4_over_cpu8,1-5,5,1.28428,1.27509,1.37374,r1=1.27509;r2=1.27802;r3=1.37374;r4=1.29023;r5=1.28428,T_r(cpu4)/T_r(cpu8)
groth16,wall_ms,total,6,doubling_cpu4_over_cpu8,1-5,5,1.37418,1.32948,1.39584,r1=1.35766;r2=1.32948;r3=1.38519;r4=1.39584;r5=1.37418,T_r(cpu4)/T_r(cpu8)
groth16,wall_ms,total,7,doubling_cpu4_over_cpu8,1-5,5,1.37488,1.31498,1.44108,r1=1.37488;r2=1.40247;r3=1.367;r4=1.31498;r5=1.44108,T_r(cpu4)/T_r(cpu8)
groth16,wall_ms,total,8,doubling_cpu4_over_cpu8,1-5,5,1.382,1.28766,1.3874,r1=1.3231;r2=1.28766;r3=1.382;r4=1.38618;r5=1.3874,T_r(cpu4)/T_r(cpu8)
groth16,wall_ms,total,9,doubling_cpu4_over_cpu8,1-5,5,1.36624,1.33919,1.39378,r1=1.3882;r2=1.39378;r3=1.36305;r4=1.33919;r5=1.36624,T_r(cpu4)/T_r(cpu8)
groth16,wall_ms,total,10,doubling_cpu4_over_cpu8,1-5,5,1.36057,1.35335,1.37787,r1=1.35335;r2=1.35507;r3=1.37787;r4=1.36057;r5=1.37727,T_r(cpu4)/T_r(cpu8)
groth16,wall_ms,total,11,doubling_cpu4_over_cpu8,1-5,5,1.38287,1.37113,1.44746,r1=1.37352;r2=1.38287;r3=1.38764;r4=1.37113;r5=1.44746,T_r(cpu4)/T_r(cpu8)
groth16,wall_ms,total,12,doubling_cpu4_over_cpu8,1-5,5,1.3851,1.296,1.41263,r1=1.35821;r2=1.41263;r3=1.3851;r4=1.296;r5=1.39548,T_r(cpu4)/T_r(cpu8)
groth16,wall_ms,total,13,doubling_cpu4_over_cpu8,1-5,5,1.28715,1.25894,1.36415,r1=1.25894;r2=1.27942;r3=1.36415;r4=1.32175;r5=1.28715,T_r(cpu4)/T_r(cpu8)
groth16,wall_ms,total,14,doubling_cpu4_over_cpu8,1-5,5,1.27934,1.25469,1.30478,r1=1.30478;r2=1.25469;r3=1.26508;r4=1.29468;r5=1.27934,T_r(cpu4)/T_r(cpu8)
groth16,wall_ms,total,15,doubling_cpu4_over_cpu8,1-5,5,1.2402,1.17578,1.28328,r1=1.24167;r2=1.2402;r3=1.2266;r4=1.17578;r5=1.28328,T_r(cpu4)/T_r(cpu8)
groth16,wall_ms,total,all,doubling_cpu4_over_cpu8,1-5,11,1.36624,1.2402,1.3851,d5=1.28428;d6=1.37418;d7=1.37488;d8=1.382;d9=1.36624;d10=1.36057;d11=1.38287;d12=1.3851;d13=1.28715;d14=1.27934;d15=1.2402,median and min-max over depths of the per-depth median (Figure 5)
groth16,stage_sum_ms,diagnostic,5,S4_cpu2_over_cpu4,1-5,5,1.7347,1.60798,1.99682,r1=1.99682;r2=1.69042;r3=1.77109;r4=1.7347;r5=1.60798,T_r(cpu2)/T_r(cpu4)
groth16,stage_sum_ms,diagnostic,6,S4_cpu2_over_cpu4,1-5,5,1.81655,1.57512,1.82936,r1=1.57512;r2=1.79536;r3=1.82936;r4=1.81655;r5=1.8192,T_r(cpu2)/T_r(cpu4)
groth16,stage_sum_ms,diagnostic,7,S4_cpu2_over_cpu4,1-5,5,1.69805,1.60924,1.80061,r1=1.60924;r2=1.69805;r3=1.61448;r4=1.72128;r5=1.80061,T_r(cpu2)/T_r(cpu4)
groth16,stage_sum_ms,diagnostic,8,S4_cpu2_over_cpu4,1-5,5,1.69346,1.59336,1.82443,r1=1.72466;r2=1.82443;r3=1.69346;r4=1.59336;r5=1.62581,T_r(cpu2)/T_r(cpu4)
groth16,stage_sum_ms,diagnostic,9,S4_cpu2_over_cpu4,1-5,5,1.6703,1.60836,1.81666,r1=1.80435;r2=1.60836;r3=1.6703;r4=1.81666;r5=1.6563,T_r(cpu2)/T_r(cpu4)
groth16,stage_sum_ms,diagnostic,10,S4_cpu2_over_cpu4,1-5,5,1.74578,1.64228,1.77771,r1=1.74578;r2=1.77771;r3=1.64228;r4=1.66419;r5=1.77057,T_r(cpu2)/T_r(cpu4)
groth16,stage_sum_ms,diagnostic,11,S4_cpu2_over_cpu4,1-5,5,1.6098,1.55917,1.64228,r1=1.6098;r2=1.64228;r3=1.63152;r4=1.55917;r5=1.59131,T_r(cpu2)/T_r(cpu4)
groth16,stage_sum_ms,diagnostic,12,S4_cpu2_over_cpu4,1-5,5,1.659,1.60851,1.72991,r1=1.68385;r2=1.63737;r3=1.60851;r4=1.72991;r5=1.659,T_r(cpu2)/T_r(cpu4)
groth16,stage_sum_ms,diagnostic,13,S4_cpu2_over_cpu4,1-5,5,1.69302,1.57689,1.85895,r1=1.85895;r2=1.65564;r3=1.57689;r4=1.69302;r5=1.71917,T_r(cpu2)/T_r(cpu4)
groth16,stage_sum_ms,diagnostic,14,S4_cpu2_over_cpu4,1-5,5,1.59956,1.57869,1.69547,r1=1.69547;r2=1.69433;r3=1.58783;r4=1.57869;r5=1.59956,T_r(cpu2)/T_r(cpu4)
groth16,stage_sum_ms,diagnostic,15,S4_cpu2_over_cpu4,1-5,5,1.62398,1.57733,1.64433,r1=1.64433;r2=1.57733;r3=1.63844;r4=1.62398;r5=1.59821,T_r(cpu2)/T_r(cpu4)
groth16,stage_sum_ms,diagnostic,all,S4_cpu2_over_cpu4,1-5,11,1.69302,1.59956,1.81655,d5=1.7347;d6=1.81655;d7=1.69805;d8=1.69346;d9=1.6703;d10=1.74578;d11=1.6098;d12=1.659;d13=1.69302;d14=1.59956;d15=1.62398,median and min-max over depths of the per-depth median (Figure 5)
groth16,stage_sum_ms,diagnostic,5,S8_cpu2_over_cpu8,1-5,5,2.23832,2.06517,2.54623,r1=2.54623;r2=2.16042;r3=2.43315;r4=2.23832;r5=2.06517,T_r(cpu2)/T_r(cpu8)
groth16,stage_sum_ms,diagnostic,6,S8_cpu2_over_cpu8,1-5,5,2.49991,2.13855,2.53565,r1=2.13855;r2=2.387;r3=2.53403;r4=2.53565;r5=2.49991,T_r(cpu2)/T_r(cpu8)
groth16,stage_sum_ms,diagnostic,7,S8_cpu2_over_cpu8,1-5,5,2.26357,2.20705,2.59486,r1=2.21276;r2=2.38146;r3=2.20705;r4=2.26357;r5=2.59486,T_r(cpu2)/T_r(cpu8)
groth16,stage_sum_ms,diagnostic,8,S8_cpu2_over_cpu8,1-5,5,2.28197,2.20873,2.34927,r1=2.28197;r2=2.34927;r3=2.34043;r4=2.20873;r5=2.25571,T_r(cpu2)/T_r(cpu8)
groth16,stage_sum_ms,diagnostic,9,S8_cpu2_over_cpu8,1-5,5,2.27677,2.2418,2.50482,r1=2.50482;r2=2.2418;r3=2.27677;r4=2.43292;r5=2.26296,T_r(cpu2)/T_r(cpu8)
groth16,stage_sum_ms,diagnostic,10,S8_cpu2_over_cpu8,1-5,5,2.36272,2.26289,2.43858,r1=2.36272;r2=2.40902;r3=2.26289;r4=2.26431;r5=2.43858,T_r(cpu2)/T_r(cpu8)
groth16,stage_sum_ms,diagnostic,11,S8_cpu2_over_cpu8,1-5,5,2.26403,2.1379,2.3034,r1=2.21123;r2=2.27113;r3=2.26403;r4=2.1379;r5=2.3034,T_r(cpu2)/T_r(cpu8)
groth16,stage_sum_ms,diagnostic,12,S8_cpu2_over_cpu8,1-5,5,2.28719,2.22802,2.31519,r1=2.28719;r2=2.31313;r3=2.22802;r4=2.24204;r5=2.31519,T_r(cpu2)/T_r(cpu8)
groth16,stage_sum_ms,diagnostic,13,S8_cpu2_over_cpu8,1-5,5,2.21289,2.11833,2.34036,r1=2.34036;r2=2.11833;r3=2.15115;r4=2.23781;r5=2.21289,T_r(cpu2)/T_r(cpu8)
groth16,stage_sum_ms,diagnostic,14,S8_cpu2_over_cpu8,1-5,5,2.04643,2.00877,2.21229,r1=2.21229;r2=2.1259;r3=2.00877;r4=2.04394;r5=2.04643,T_r(cpu2)/T_r(cpu8)
groth16,stage_sum_ms,diagnostic,15,S8_cpu2_over_cpu8,1-5,5,2.00979,1.90946,2.05097,r1=2.04175;r2=1.95626;r3=2.00979;r4=1.90946;r5=2.05097,T_r(cpu2)/T_r(cpu8)
groth16,stage_sum_ms,diagnostic,all,S8_cpu2_over_cpu8,1-5,11,2.26403,2.00979,2.49991,d5=2.23832;d6=2.49991;d7=2.26357;d8=2.28197;d9=2.27677;d10=2.36272;d11=2.26403;d12=2.28719;d13=2.21289;d14=2.04643;d15=2.00979,median and min-max over depths of the per-depth median (Figure 5)
groth16,stage_sum_ms,diagnostic,5,doubling_cpu4_over_cpu8,1-5,5,1.28432,1.27514,1.37381,r1=1.27514;r2=1.27804;r3=1.37381;r4=1.29032;r5=1.28432,T_r(cpu4)/T_r(cpu8)
groth16,stage_sum_ms,diagnostic,6,doubling_cpu4_over_cpu8,1-5,5,1.37418,1.32954,1.39586,r1=1.3577;r2=1.32954;r3=1.3852;r4=1.39586;r5=1.37418,T_r(cpu4)/T_r(cpu8)
groth16,stage_sum_ms,diagnostic,7,doubling_cpu4_over_cpu8,1-5,5,1.37503,1.31505,1.4411,r1=1.37503;r2=1.40247;r3=1.36704;r4=1.31505;r5=1.4411,T_r(cpu4)/T_r(cpu8)
groth16,stage_sum_ms,diagnostic,8,doubling_cpu4_over_cpu8,1-5,5,1.38204,1.28767,1.38744,r1=1.32314;r2=1.28767;r3=1.38204;r4=1.38621;r5=1.38744,T_r(cpu4)/T_r(cpu8)
groth16,stage_sum_ms,diagnostic,9,doubling_cpu4_over_cpu8,1-5,5,1.36627,1.33923,1.39384,r1=1.38821;r2=1.39384;r3=1.36309;r4=1.33923;r5=1.36627,T_r(cpu4)/T_r(cpu8)
groth16,stage_sum_ms,diagnostic,10,doubling_cpu4_over_cpu8,1-5,5,1.36061,1.35339,1.3779,r1=1.35339;r2=1.35512;r3=1.3779;r4=1.36061;r5=1.37729,T_r(cpu4)/T_r(cpu8)
groth16,stage_sum_ms,diagnostic,11,doubling_cpu4_over_cpu8,1-5,5,1.38291,1.37117,1.44749,r1=1.37361;r2=1.38291;r3=1.38768;r4=1.37117;r5=1.44749,T_r(cpu4)/T_r(cpu8)
groth16,stage_sum_ms,diagnostic,12,doubling_cpu4_over_cpu8,1-5,5,1.38515,1.29605,1.41271,r1=1.35831;r2=1.41271;r3=1.38515;r4=1.29605;r5=1.39553,T_r(cpu4)/T_r(cpu8)
groth16,stage_sum_ms,diagnostic,13,doubling_cpu4_over_cpu8,1-5,5,1.28719,1.25897,1.36417,r1=1.25897;r2=1.27946;r3=1.36417;r4=1.32179;r5=1.28719,T_r(cpu4)/T_r(cpu8)
groth16,stage_sum_ms,diagnostic,14,doubling_cpu4_over_cpu8,1-5,5,1.27937,1.25471,1.30482,r1=1.30482;r2=1.25471;r3=1.26511;r4=1.29471;r5=1.27937,T_r(cpu4)/T_r(cpu8)
groth16,stage_sum_ms,diagnostic,15,doubling_cpu4_over_cpu8,1-5,5,1.24023,1.17579,1.28329,r1=1.24169;r2=1.24023;r3=1.22665;r4=1.17579;r5=1.28329,T_r(cpu4)/T_r(cpu8)
groth16,stage_sum_ms,diagnostic,all,doubling_cpu4_over_cpu8,1-5,11,1.36627,1.24023,1.38515,d5=1.28432;d6=1.37418;d7=1.37503;d8=1.38204;d9=1.36627;d10=1.36061;d11=1.38291;d12=1.38515;d13=1.28719;d14=1.27937;d15=1.24023,median and min-max over depths of the per-depth median (Figure 5)
plonk,input_ms,stage,5,S4_cpu2_over_cpu4,1-5,5,0.997497,0.900356,2.14,r1=0.997497;r2=0.938287;r3=1.80492;r4=0.900356;r5=2.14,T_r(cpu2)/T_r(cpu4)
plonk,input_ms,stage,6,S4_cpu2_over_cpu4,1-5,5,1.58974,1.00915,1.66098,r1=1.03932;r2=1.00915;r3=1.63605;r4=1.58974;r5=1.66098,T_r(cpu2)/T_r(cpu4)
plonk,input_ms,stage,7,S4_cpu2_over_cpu4,1-5,5,0.887218,0.152926,1.09419,r1=0.368382;r2=0.929302;r3=1.09419;r4=0.152926;r5=0.887218,T_r(cpu2)/T_r(cpu4)
plonk,input_ms,stage,8,S4_cpu2_over_cpu4,1-5,5,1.0453,0.928707,1.45038,r1=1.06063;r2=0.928707;r3=1.45038;r4=1.0453;r5=0.937156,T_r(cpu2)/T_r(cpu4)
plonk,input_ms,stage,9,S4_cpu2_over_cpu4,1-5,5,1.02137,0.939411,1.28,r1=1.01013;r2=1.0727;r3=1.28;r4=0.939411;r5=1.02137,T_r(cpu2)/T_r(cpu4)
plonk,input_ms,stage,10,S4_cpu2_over_cpu4,1-5,5,1.01401,0.998024,1.11029,r1=0.998024;r2=1.00501;r3=1.11029;r4=1.02435;r5=1.01401,T_r(cpu2)/T_r(cpu4)
plonk,input_ms,stage,11,S4_cpu2_over_cpu4,1-5,5,1.04553,0.926846,1.25106,r1=1.00949;r2=0.926846;r3=1.04553;r4=1.09028;r5=1.25106,T_r(cpu2)/T_r(cpu4)
plonk,input_ms,stage,12,S4_cpu2_over_cpu4,1-5,5,1.07622,1.00462,1.85116,r1=1.07622;r2=1.13341;r3=1.00462;r4=1.03889;r5=1.85116,T_r(cpu2)/T_r(cpu4)
plonk,input_ms,stage,13,S4_cpu2_over_cpu4,1-5,5,1.12304,1.02937,1.16665,r1=1.16665;r2=1.12304;r3=1.10104;r4=1.02937;r5=1.14383,T_r(cpu2)/T_r(cpu4)
plonk,input_ms,stage,14,S4_cpu2_over_cpu4,1-5,5,1.0743,1.0281,1.12676,r1=1.12676;r2=1.0743;r3=1.09415;r4=1.0281;r5=1.04797,T_r(cpu2)/T_r(cpu4)
plonk,input_ms,stage,15,S4_cpu2_over_cpu4,1-5,5,1.10252,1.05407,1.12244,r1=1.10252;r2=1.07881;r3=1.12244;r4=1.05407;r5=1.10845,T_r(cpu2)/T_r(cpu4)
plonk,input_ms,stage,all,S4_cpu2_over_cpu4,1-5,11,1.04553,0.887218,1.58974,d5=0.997497;d6=1.58974;d7=0.887218;d8=1.0453;d9=1.02137;d10=1.01401;d11=1.04553;d12=1.07622;d13=1.12304;d14=1.0743;d15=1.10252,median and min-max over depths of the per-depth median (Figure 5)
plonk,input_ms,stage,5,S8_cpu2_over_cpu8,1-5,5,1.02179,0.835903,2.25943,r1=1.02179;r2=0.965026;r3=1.83881;r4=0.835903;r5=2.25943,T_r(cpu2)/T_r(cpu8)
plonk,input_ms,stage,6,S8_cpu2_over_cpu8,1-5,5,1.5383,0.965895,1.6342,r1=0.965895;r2=1.07692;r3=1.6342;r4=1.5383;r5=1.62724,T_r(cpu2)/T_r(cpu8)
plonk,input_ms,stage,7,S8_cpu2_over_cpu8,1-5,5,1.01401,0.826138,1.12352,r1=1.06645;r2=1.00807;r3=1.01401;r4=1.12352;r5=0.826138,T_r(cpu2)/T_r(cpu8)
plonk,input_ms,stage,8,S8_cpu2_over_cpu8,1-5,5,1.03936,0.441688,1.48632,r1=1.08;r2=1.03936;r3=1.48632;r4=0.966184;r5=0.441688,T_r(cpu2)/T_r(cpu8)
plonk,input_ms,stage,9,S8_cpu2_over_cpu8,1-5,5,0.987726,0.967507,1.37742,r1=0.967507;r2=1.30313;r3=1.37742;r4=0.987726;r5=0.986765,T_r(cpu2)/T_r(cpu8)
plonk,input_ms,stage,10,S8_cpu2_over_cpu8,1-5,5,1.03121,1.00341,1.16291,r1=1.03121;r2=1.07331;r3=1.16291;r4=1.00341;r5=1.01177,T_r(cpu2)/T_r(cpu8)
plonk,input_ms,stage,11,S8_cpu2_over_cpu8,1-5,5,1.0558,0.932435,1.18203,r1=1.0558;r2=0.932435;r3=0.967063;r4=1.09217;r5=1.18203,T_r(cpu2)/T_r(cpu8)
plonk,input_ms,stage,12,S8_cpu2_over_cpu8,1-5,5,1.06395,1.0162,1.87715,r1=1.06395;r2=1.09504;r3=1.0162;r4=1.04119;r5=1.87715,T_r(cpu2)/T_r(cpu8)
plonk,input_ms,stage,13,S8_cpu2_over_cpu8,1-5,5,1.13744,1.03211,1.1758,r1=1.1758;r2=1.13744;r3=1.11231;r4=1.03211;r5=1.14525,T_r(cpu2)/T_r(cpu8)
plonk,input_ms,stage,14,S8_cpu2_over_cpu8,1-5,5,1.0659,1.00088,1.11973,r1=1.11973;r2=1.04463;r3=1.09539;r4=1.00088;r5=1.0659,T_r(cpu2)/T_r(cpu8)
plonk,input_ms,stage,15,S8_cpu2_over_cpu8,1-5,5,1.05819,1.05085,1.13791,r1=1.06802;r2=1.05085;r3=1.13791;r4=1.05161;r5=1.05819,T_r(cpu2)/T_r(cpu8)
plonk,input_ms,stage,all,S8_cpu2_over_cpu8,1-5,11,1.0558,0.987726,1.5383,d5=1.02179;d6=1.5383;d7=1.01401;d8=1.03936;d9=0.987726;d10=1.03121;d11=1.0558;d12=1.06395;d13=1.13744;d14=1.0659;d15=1.05819,median and min-max over depths of the per-depth median (Figure 5)
plonk,input_ms,stage,5,doubling_cpu4_over_cpu8,1-5,5,1.02436,0.928414,1.05581,r1=1.02436;r2=1.0285;r3=1.01878;r4=0.928414;r5=1.05581,T_r(cpu4)/T_r(cpu8)
plonk,input_ms,stage,6,doubling_cpu4_over_cpu8,1-5,5,0.979689,0.929354,1.06716,r1=0.929354;r2=1.06716;r3=0.998867;r4=0.967638;r5=0.979689,T_r(cpu4)/T_r(cpu8)
plonk,input_ms,stage,7,doubling_cpu4_over_cpu8,1-5,5,1.08476,0.926724,7.34679,r1=2.89496;r2=1.08476;r3=0.926724;r4=7.34679;r5=0.931155,T_r(cpu4)/T_r(cpu8)
plonk,input_ms,stage,8,doubling_cpu4_over_cpu8,1-5,5,1.01826,0.471307,1.11915,r1=1.01826;r2=1.11915;r3=1.02479;r4=0.924316;r5=0.471307,T_r(cpu4)/T_r(cpu8)
plonk,input_ms,stage,9,doubling_cpu4_over_cpu8,1-5,5,1.05143,0.957808,1.21481,r1=0.957808;r2=1.21481;r3=1.07611;r4=1.05143;r5=0.96612,T_r(cpu4)/T_r(cpu8)
plonk,input_ms,stage,10,doubling_cpu4_over_cpu8,1-5,5,1.03326,0.979557,1.06796,r1=1.03326;r2=1.06796;r3=1.04739;r4=0.979557;r5=0.997792,T_r(cpu4)/T_r(cpu8)
plonk,input_ms,stage,11,doubling_cpu4_over_cpu8,1-5,5,1.00174,0.924951,1.04588,r1=1.04588;r2=1.00603;r3=0.924951;r4=1.00174;r5=0.944819,T_r(cpu4)/T_r(cpu8)
plonk,input_ms,stage,12,doubling_cpu4_over_cpu8,1-5,5,1.00221,0.966151,1.01404,r1=0.988595;r2=0.966151;r3=1.01154;r4=1.00221;r5=1.01404,T_r(cpu4)/T_r(cpu8)
plonk,input_ms,stage,13,doubling_cpu4_over_cpu8,1-5,5,1.00784,1.00124,1.01282,r1=1.00784;r2=1.01282;r3=1.01024;r4=1.00267;r5=1.00124,T_r(cpu4)/T_r(cpu8)
plonk,input_ms,stage,14,doubling_cpu4_over_cpu8,1-5,5,0.993761,0.972383,1.01711,r1=0.993761;r2=0.972383;r3=1.00113;r4=0.973524;r5=1.01711,T_r(cpu4)/T_r(cpu8)
plonk,input_ms,stage,15,doubling_cpu4_over_cpu8,1-5,5,0.974089,0.954657,1.01379,r1=0.968707;r2=0.974089;r3=1.01379;r4=0.997663;r5=0.954657,T_r(cpu4)/T_r(cpu8)
plonk,input_ms,stage,all,doubling_cpu4_over_cpu8,1-5,11,1.00784,0.974089,1.08476,d5=1.02436;d6=0.979689;d7=1.08476;d8=1.01826;d9=1.05143;d10=1.03326;d11=1.00174;d12=1.00221;d13=1.00784;d14=0.993761;d15=0.974089,median and min-max over depths of the per-depth median (Figure 5)
plonk,witness_ms,stage,5,S4_cpu2_over_cpu4,1-5,5,1.64527,1.16879,1.9571,r1=1.64527;r2=1.32486;r3=1.90587;r4=1.9571;r5=1.16879,T_r(cpu2)/T_r(cpu4)
plonk,witness_ms,stage,6,S4_cpu2_over_cpu4,1-5,5,1.68113,1.42417,1.87672,r1=1.42417;r2=1.71612;r3=1.68113;r4=1.57817;r5=1.87672,T_r(cpu2)/T_r(cpu4)
plonk,witness_ms,stage,7,S4_cpu2_over_cpu4,1-5,5,1.76676,1.51319,1.83192,r1=1.76676;r2=1.57092;r3=1.77088;r4=1.51319;r5=1.83192,T_r(cpu2)/T_r(cpu4)
plonk,witness_ms,stage,8,S4_cpu2_over_cpu4,1-5,5,1.73477,1.40424,1.78654,r1=1.40424;r2=1.75799;r3=1.73477;r4=1.57104;r5=1.78654,T_r(cpu2)/T_r(cpu4)
plonk,witness_ms,stage,9,S4_cpu2_over_cpu4,1-5,5,1.54535,1.26069,1.91241,r1=1.91241;r2=1.64774;r3=1.26069;r4=1.36833;r5=1.54535,T_r(cpu2)/T_r(cpu4)
plonk,witness_ms,stage,10,S4_cpu2_over_cpu4,1-5,5,1.66883,1.63857,1.92649,r1=1.76781;r2=1.92649;r3=1.63857;r4=1.66883;r5=1.65166,T_r(cpu2)/T_r(cpu4)
plonk,witness_ms,stage,11,S4_cpu2_over_cpu4,1-5,5,1.53821,1.30105,1.8298,r1=1.48278;r2=1.8298;r3=1.53821;r4=1.30105;r5=1.55777,T_r(cpu2)/T_r(cpu4)
plonk,witness_ms,stage,12,S4_cpu2_over_cpu4,1-5,5,1.6578,1.37449,1.91108,r1=1.6578;r2=1.44187;r3=1.37449;r4=1.75747;r5=1.91108,T_r(cpu2)/T_r(cpu4)
plonk,witness_ms,stage,13,S4_cpu2_over_cpu4,1-5,5,1.67123,1.43764,1.86122,r1=1.68513;r2=1.43764;r3=1.4434;r4=1.86122;r5=1.67123,T_r(cpu2)/T_r(cpu4)
plonk,witness_ms,stage,14,S4_cpu2_over_cpu4,1-5,5,1.32709,1.20212,1.62984,r1=1.20212;r2=1.3111;r3=1.62984;r4=1.32709;r5=1.55217,T_r(cpu2)/T_r(cpu4)
plonk,witness_ms,stage,15,S4_cpu2_over_cpu4,1-5,5,1.39672,1.17209,1.55473,r1=1.47952;r2=1.17209;r3=1.19476;r4=1.39672;r5=1.55473,T_r(cpu2)/T_r(cpu4)
plonk,witness_ms,stage,all,S4_cpu2_over_cpu4,1-5,11,1.6578,1.32709,1.76676,d5=1.64527;d6=1.68113;d7=1.76676;d8=1.73477;d9=1.54535;d10=1.66883;d11=1.53821;d12=1.6578;d13=1.67123;d14=1.32709;d15=1.39672,median and min-max over depths of the per-depth median (Figure 5)
plonk,witness_ms,stage,5,S8_cpu2_over_cpu8,1-5,5,1.95592,1.52145,2.2407,r1=1.95592;r2=1.78161;r3=2.2407;r4=2.1709;r5=1.52145,T_r(cpu2)/T_r(cpu8)
plonk,witness_ms,stage,6,S8_cpu2_over_cpu8,1-5,5,1.93523,1.55703,2.11927,r1=1.55703;r2=1.9888;r3=1.93523;r4=1.75881;r5=2.11927,T_r(cpu2)/T_r(cpu8)
plonk,witness_ms,stage,7,S8_cpu2_over_cpu8,1-5,5,1.82929,1.63953,1.91437,r1=1.91437;r2=1.75965;r3=1.87004;r4=1.63953;r5=1.82929,T_r(cpu2)/T_r(cpu8)
plonk,witness_ms,stage,8,S8_cpu2_over_cpu8,1-5,5,1.9227,1.59311,2.0252,r1=1.59311;r2=1.9227;r3=2.0252;r4=1.70161;r5=1.94574,T_r(cpu2)/T_r(cpu8)
plonk,witness_ms,stage,9,S8_cpu2_over_cpu8,1-5,5,1.66921,1.49752,2.17196,r1=2.17196;r2=1.85823;r3=1.49752;r4=1.53656;r5=1.66921,T_r(cpu2)/T_r(cpu8)
plonk,witness_ms,stage,10,S8_cpu2_over_cpu8,1-5,5,1.9019,1.7597,2.30079,r1=1.9019;r2=2.30079;r3=1.9984;r4=1.7597;r5=1.86377,T_r(cpu2)/T_r(cpu8)
plonk,witness_ms,stage,11,S8_cpu2_over_cpu8,1-5,5,1.69409,1.54467,2.02182,r1=1.69409;r2=2.02182;r3=1.54467;r4=1.57212;r5=1.83893,T_r(cpu2)/T_r(cpu8)
plonk,witness_ms,stage,12,S8_cpu2_over_cpu8,1-5,5,1.73174,1.03391,2.03627,r1=1.73174;r2=1.50475;r3=1.73661;r4=1.03391;r5=2.03627,T_r(cpu2)/T_r(cpu8)
plonk,witness_ms,stage,13,S8_cpu2_over_cpu8,1-5,5,1.80075,1.33345,1.92513,r1=1.88572;r2=1.33345;r3=1.80075;r4=1.92513;r5=1.71212,T_r(cpu2)/T_r(cpu8)
plonk,witness_ms,stage,14,S8_cpu2_over_cpu8,1-5,5,1.52897,1.42301,1.62657,r1=1.48444;r2=1.52897;r3=1.62657;r4=1.42301;r5=1.574,T_r(cpu2)/T_r(cpu8)
plonk,witness_ms,stage,15,S8_cpu2_over_cpu8,1-5,5,1.43138,1.35337,1.6119,r1=1.5959;r2=1.43138;r3=1.35337;r4=1.40305;r5=1.6119,T_r(cpu2)/T_r(cpu8)
plonk,witness_ms,stage,all,S8_cpu2_over_cpu8,1-5,11,1.80075,1.43138,1.95592,d5=1.95592;d6=1.93523;d7=1.82929;d8=1.9227;d9=1.66921;d10=1.9019;d11=1.69409;d12=1.73174;d13=1.80075;d14=1.52897;d15=1.43138,median and min-max over depths of the per-depth median (Figure 5)
plonk,witness_ms,stage,5,doubling_cpu4_over_cpu8,1-5,5,1.18882,1.10924,1.34476,r1=1.18882;r2=1.34476;r3=1.17568;r4=1.10924;r5=1.30173,T_r(cpu4)/T_r(cpu8)
plonk,witness_ms,stage,6,doubling_cpu4_over_cpu8,1-5,5,1.12924,1.09329,1.15889,r1=1.09329;r2=1.15889;r3=1.15115;r4=1.11447;r5=1.12924,T_r(cpu4)/T_r(cpu8)
plonk,witness_ms,stage,7,doubling_cpu4_over_cpu8,1-5,5,1.0835,0.998565,1.12014,r1=1.08355;r2=1.12014;r3=1.05599;r4=1.0835;r5=0.998565,T_r(cpu4)/T_r(cpu8)
plonk,witness_ms,stage,8,doubling_cpu4_over_cpu8,1-5,5,1.09369,1.08311,1.16742,r1=1.1345;r2=1.09369;r3=1.16742;r4=1.08311;r5=1.08911,T_r(cpu4)/T_r(cpu8)
plonk,witness_ms,stage,9,doubling_cpu4_over_cpu8,1-5,5,1.12774,1.08015,1.18786,r1=1.13572;r2=1.12774;r3=1.18786;r4=1.12295;r5=1.08015,T_r(cpu4)/T_r(cpu8)
plonk,witness_ms,stage,10,doubling_cpu4_over_cpu8,1-5,5,1.12842,1.05445,1.2196,r1=1.07585;r2=1.19429;r3=1.2196;r4=1.05445;r5=1.12842,T_r(cpu4)/T_r(cpu8)
plonk,witness_ms,stage,11,doubling_cpu4_over_cpu8,1-5,5,1.14251,1.0042,1.20835,r1=1.14251;r2=1.10494;r3=1.0042;r4=1.20835;r5=1.18049,T_r(cpu4)/T_r(cpu8)
plonk,witness_ms,stage,12,doubling_cpu4_over_cpu8,1-5,5,1.0446,0.588298,1.26346,r1=1.0446;r2=1.04361;r3=1.26346;r4=0.588298;r5=1.06551,T_r(cpu4)/T_r(cpu8)
plonk,witness_ms,stage,13,doubling_cpu4_over_cpu8,1-5,5,1.03434,0.927526,1.24757,r1=1.11904;r2=0.927526;r3=1.24757;r4=1.03434;r5=1.02447,T_r(cpu4)/T_r(cpu8)
plonk,witness_ms,stage,14,doubling_cpu4_over_cpu8,1-5,5,1.07227,0.997989,1.23485,r1=1.23485;r2=1.16618;r3=0.997989;r4=1.07227;r5=1.01406,T_r(cpu4)/T_r(cpu8)
plonk,witness_ms,stage,15,doubling_cpu4_over_cpu8,1-5,5,1.07866,1.00453,1.22122,r1=1.07866;r2=1.22122;r3=1.13275;r4=1.00453;r5=1.03677,T_r(cpu4)/T_r(cpu8)
plonk,witness_ms,stage,all,doubling_cpu4_over_cpu8,1-5,11,1.09369,1.03434,1.18882,d5=1.18882;d6=1.12924;d7=1.0835;d8=1.09369;d9=1.12774;d10=1.12842;d11=1.14251;d12=1.0446;d13=1.03434;d14=1.07227;d15=1.07866,median and min-max over depths of the per-depth median (Figure 5)
plonk,prove_ms,stage,5,S4_cpu2_over_cpu4,1-5,5,1.19152,1.07045,1.31584,r1=1.31584;r2=1.19152;r3=1.23635;r4=1.16506;r5=1.07045,T_r(cpu2)/T_r(cpu4)
plonk,prove_ms,stage,6,S4_cpu2_over_cpu4,1-5,5,1.1849,1.0567,1.31021,r1=1.31021;r2=1.1849;r3=1.18873;r4=1.1784;r5=1.0567,T_r(cpu2)/T_r(cpu4)
plonk,prove_ms,stage,7,S4_cpu2_over_cpu4,1-5,5,1.16789,1.02615,1.30766,r1=1.30766;r2=1.18455;r3=1.12185;r4=1.16789;r5=1.02615,T_r(cpu2)/T_r(cpu4)
plonk,prove_ms,stage,8,S4_cpu2_over_cpu4,1-5,5,1.19351,1.1856,1.30311,r1=1.30311;r2=1.19158;r3=1.19351;r4=1.1856;r5=1.19837,T_r(cpu2)/T_r(cpu4)
plonk,prove_ms,stage,9,S4_cpu2_over_cpu4,1-5,5,1.18388,1.08188,1.30425,r1=1.30425;r2=1.18388;r3=1.19022;r4=1.17759;r5=1.08188,T_r(cpu2)/T_r(cpu4)
plonk,prove_ms,stage,10,S4_cpu2_over_cpu4,1-5,5,1.18062,1.06726,1.30852,r1=1.30852;r2=1.19918;r3=1.18062;r4=1.17975;r5=1.06726,T_r(cpu2)/T_r(cpu4)
plonk,prove_ms,stage,11,S4_cpu2_over_cpu4,1-5,5,1.18053,1.07109,1.33676,r1=1.33676;r2=1.18492;r3=1.18053;r4=1.17178;r5=1.07109,T_r(cpu2)/T_r(cpu4)
plonk,prove_ms,stage,12,S4_cpu2_over_cpu4,1-5,5,1.18725,1.06396,1.31456,r1=1.31456;r2=1.18725;r3=1.18894;r4=1.17839;r5=1.06396,T_r(cpu2)/T_r(cpu4)
plonk,prove_ms,stage,13,S4_cpu2_over_cpu4,1-5,5,1.1816,1.05799,1.3002,r1=1.3002;r2=1.19092;r3=1.17597;r4=1.1816;r5=1.05799,T_r(cpu2)/T_r(cpu4)
plonk,prove_ms,stage,14,S4_cpu2_over_cpu4,1-5,5,1.18858,1.07073,1.29404,r1=1.29404;r2=1.198;r3=1.17881;r4=1.18858;r5=1.07073,T_r(cpu2)/T_r(cpu4)
plonk,prove_ms,stage,15,S4_cpu2_over_cpu4,1-5,5,1.17399,1.08543,1.31634,r1=1.31634;r2=1.19171;r3=1.17399;r4=1.17187;r5=1.08543,T_r(cpu2)/T_r(cpu4)
plonk,prove_ms,stage,all,S4_cpu2_over_cpu4,1-5,11,1.18388,1.16789,1.19351,d5=1.19152;d6=1.1849;d7=1.16789;d8=1.19351;d9=1.18388;d10=1.18062;d11=1.18053;d12=1.18725;d13=1.1816;d14=1.18858;d15=1.17399,median and min-max over depths of the per-depth median (Figure 5)
plonk,prove_ms,stage,5,S8_cpu2_over_cpu8,1-5,5,1.25837,1.25512,1.3948,r1=1.3948;r2=1.25553;r3=1.36811;r4=1.25512;r5=1.25837,T_r(cpu2)/T_r(cpu8)
plonk,prove_ms,stage,6,S8_cpu2_over_cpu8,1-5,5,1.26565,1.24198,1.38679,r1=1.38679;r2=1.24319;r3=1.28623;r4=1.26565;r5=1.24198,T_r(cpu2)/T_r(cpu8)
plonk,prove_ms,stage,7,S8_cpu2_over_cpu8,1-5,5,1.26348,1.25093,1.3834,r1=1.3834;r2=1.25093;r3=1.2972;r4=1.26348;r5=1.25438,T_r(cpu2)/T_r(cpu8)
plonk,prove_ms,stage,8,S8_cpu2_over_cpu8,1-5,5,1.27781,1.26306,1.37559,r1=1.37559;r2=1.26306;r3=1.29693;r4=1.27271;r5=1.27781,T_r(cpu2)/T_r(cpu8)
plonk,prove_ms,stage,9,S8_cpu2_over_cpu8,1-5,5,1.2647,1.25367,1.38744,r1=1.38744;r2=1.25367;r3=1.2647;r4=1.26006;r5=1.26528,T_r(cpu2)/T_r(cpu8)
plonk,prove_ms,stage,10,S8_cpu2_over_cpu8,1-5,5,1.27053,1.24269,1.38547,r1=1.38547;r2=1.24269;r3=1.28845;r4=1.27053;r5=1.2514,T_r(cpu2)/T_r(cpu8)
plonk,prove_ms,stage,11,S8_cpu2_over_cpu8,1-5,5,1.23763,1.21653,1.38622,r1=1.38622;r2=1.22449;r3=1.26866;r4=1.21653;r5=1.23763,T_r(cpu2)/T_r(cpu8)
plonk,prove_ms,stage,12,S8_cpu2_over_cpu8,1-5,5,1.24219,1.22342,1.37773,r1=1.37773;r2=1.22342;r3=1.25909;r4=1.24219;r5=1.24077,T_r(cpu2)/T_r(cpu8)
plonk,prove_ms,stage,13,S8_cpu2_over_cpu8,1-5,5,1.24625,1.24224,1.38106,r1=1.38106;r2=1.24224;r3=1.25823;r4=1.24625;r5=1.24615,T_r(cpu2)/T_r(cpu8)
plonk,prove_ms,stage,14,S8_cpu2_over_cpu8,1-5,5,1.25369,1.21105,1.35261,r1=1.35261;r2=1.21105;r3=1.27219;r4=1.25369;r5=1.22706,T_r(cpu2)/T_r(cpu8)
plonk,prove_ms,stage,15,S8_cpu2_over_cpu8,1-5,5,1.26231,1.22463,1.34547,r1=1.34547;r2=1.22463;r3=1.26231;r4=1.25259;r5=1.27423,T_r(cpu2)/T_r(cpu8)
plonk,prove_ms,stage,all,S8_cpu2_over_cpu8,1-5,11,1.26231,1.23763,1.27781,d5=1.25837;d6=1.26565;d7=1.26348;d8=1.27781;d9=1.2647;d10=1.27053;d11=1.23763;d12=1.24219;d13=1.24625;d14=1.25369;d15=1.26231,median and min-max over depths of the per-depth median (Figure 5)
plonk,prove_ms,stage,5,doubling_cpu4_over_cpu8,1-5,5,1.0773,1.05372,1.17555,r1=1.06001;r2=1.05372;r3=1.10657;r4=1.0773;r5=1.17555,T_r(cpu4)/T_r(cpu8)
plonk,prove_ms,stage,6,doubling_cpu4_over_cpu8,1-5,5,1.07404,1.04919,1.17533,r1=1.05845;r2=1.04919;r3=1.08202;r4=1.07404;r5=1.17533,T_r(cpu4)/T_r(cpu8)
plonk,prove_ms,stage,7,doubling_cpu4_over_cpu8,1-5,5,1.08185,1.05604,1.22241,r1=1.05792;r2=1.05604;r3=1.15631;r4=1.08185;r5=1.22241,T_r(cpu4)/T_r(cpu8)
plonk,prove_ms,stage,8,doubling_cpu4_over_cpu8,1-5,5,1.06629,1.05563,1.08665,r1=1.05563;r2=1.05999;r3=1.08665;r4=1.07347;r5=1.06629,T_r(cpu4)/T_r(cpu8)
plonk,prove_ms,stage,9,doubling_cpu4_over_cpu8,1-5,5,1.06379,1.05895,1.16952,r1=1.06379;r2=1.05895;r3=1.06257;r4=1.07003;r5=1.16952,T_r(cpu4)/T_r(cpu8)
plonk,prove_ms,stage,10,doubling_cpu4_over_cpu8,1-5,5,1.07696,1.03629,1.17253,r1=1.05881;r2=1.03629;r3=1.09133;r4=1.07696;r5=1.17253,T_r(cpu4)/T_r(cpu8)
plonk,prove_ms,stage,11,doubling_cpu4_over_cpu8,1-5,5,1.03819,1.03339,1.15548,r1=1.037;r2=1.03339;r3=1.07465;r4=1.03819;r5=1.15548,T_r(cpu4)/T_r(cpu8)
plonk,prove_ms,stage,12,doubling_cpu4_over_cpu8,1-5,5,1.05414,1.03046,1.16618,r1=1.04806;r2=1.03046;r3=1.059;r4=1.05414;r5=1.16618,T_r(cpu4)/T_r(cpu8)
plonk,prove_ms,stage,13,doubling_cpu4_over_cpu8,1-5,5,1.06219,1.04309,1.17785,r1=1.06219;r2=1.04309;r3=1.06995;r4=1.05471;r5=1.17785,T_r(cpu4)/T_r(cpu8)
plonk,prove_ms,stage,14,doubling_cpu4_over_cpu8,1-5,5,1.05478,1.01089,1.146,r1=1.04526;r2=1.01089;r3=1.07921;r4=1.05478;r5=1.146,T_r(cpu4)/T_r(cpu8)
plonk,prove_ms,stage,15,doubling_cpu4_over_cpu8,1-5,5,1.06888,1.02213,1.17394,r1=1.02213;r2=1.02762;r3=1.07523;r4=1.06888;r5=1.17394,T_r(cpu4)/T_r(cpu8)
plonk,prove_ms,stage,all,doubling_cpu4_over_cpu8,1-5,11,1.06629,1.03819,1.08185,d5=1.0773;d6=1.07404;d7=1.08185;d8=1.06629;d9=1.06379;d10=1.07696;d11=1.03819;d12=1.05414;d13=1.06219;d14=1.05478;d15=1.06888,median and min-max over depths of the per-depth median (Figure 5)
plonk,verify_first_ms,stage,5,S4_cpu2_over_cpu4,1-5,5,1.2474,1.20295,1.41004,r1=1.2474;r2=1.32981;r3=1.22753;r4=1.41004;r5=1.20295,T_r(cpu2)/T_r(cpu4)
plonk,verify_first_ms,stage,6,S4_cpu2_over_cpu4,1-5,5,1.34192,0.802363,1.45985,r1=1.45985;r2=1.34192;r3=1.28666;r4=0.802363;r5=1.44824,T_r(cpu2)/T_r(cpu4)
plonk,verify_first_ms,stage,7,S4_cpu2_over_cpu4,1-5,5,1.23201,1.02955,1.58736,r1=1.14835;r2=1.23201;r3=1.29362;r4=1.02955;r5=1.58736,T_r(cpu2)/T_r(cpu4)
plonk,verify_first_ms,stage,8,S4_cpu2_over_cpu4,1-5,5,1.35131,1.11966,1.39752,r1=1.26669;r2=1.35131;r3=1.38607;r4=1.11966;r5=1.39752,T_r(cpu2)/T_r(cpu4)
plonk,verify_first_ms,stage,9,S4_cpu2_over_cpu4,1-5,5,1.16657,1.01399,1.50903,r1=1.16657;r2=1.50903;r3=1.01399;r4=1.18415;r5=1.11277,T_r(cpu2)/T_r(cpu4)
plonk,verify_first_ms,stage,10,S4_cpu2_over_cpu4,1-5,5,1.19237,0.89301,1.56009,r1=1.19237;r2=0.89301;r3=1.0868;r4=1.56009;r5=1.32038,T_r(cpu2)/T_r(cpu4)
plonk,verify_first_ms,stage,11,S4_cpu2_over_cpu4,1-5,5,1.16383,0.764357,1.6411,r1=1.3067;r2=1.09956;r3=1.16383;r4=0.764357;r5=1.6411,T_r(cpu2)/T_r(cpu4)
plonk,verify_first_ms,stage,12,S4_cpu2_over_cpu4,1-5,5,1.01617,0.823066,1.71783,r1=0.908455;r2=1.01617;r3=1.06023;r4=0.823066;r5=1.71783,T_r(cpu2)/T_r(cpu4)
plonk,verify_first_ms,stage,13,S4_cpu2_over_cpu4,1-5,5,1.16298,1.03174,1.65513,r1=1.65513;r2=1.03174;r3=1.3742;r4=1.16298;r5=1.14264,T_r(cpu2)/T_r(cpu4)
plonk,verify_first_ms,stage,14,S4_cpu2_over_cpu4,1-5,5,1.28919,1.28014,1.62688,r1=1.46098;r2=1.28919;r3=1.28829;r4=1.28014;r5=1.62688,T_r(cpu2)/T_r(cpu4)
plonk,verify_first_ms,stage,15,S4_cpu2_over_cpu4,1-5,5,1.21721,1.04117,1.57075,r1=1.16989;r2=1.57075;r3=1.31695;r4=1.21721;r5=1.04117,T_r(cpu2)/T_r(cpu4)
plonk,verify_first_ms,stage,all,S4_cpu2_over_cpu4,1-5,11,1.21721,1.01617,1.35131,d5=1.2474;d6=1.34192;d7=1.23201;d8=1.35131;d9=1.16657;d10=1.19237;d11=1.16383;d12=1.01617;d13=1.16298;d14=1.28919;d15=1.21721,median and min-max over depths of the per-depth median (Figure 5)
plonk,verify_first_ms,stage,5,S8_cpu2_over_cpu8,1-5,5,1.18402,0.963518,1.40445,r1=0.963518;r2=1.3206;r3=1.18402;r4=1.40445;r5=1.1583,T_r(cpu2)/T_r(cpu8)
plonk,verify_first_ms,stage,6,S8_cpu2_over_cpu8,1-5,5,1.46023,1.01748,1.52081,r1=1.46023;r2=1.52081;r3=1.4117;r4=1.01748;r5=1.48696,T_r(cpu2)/T_r(cpu8)
plonk,verify_first_ms,stage,7,S8_cpu2_over_cpu8,1-5,5,1.25448,1.20677,1.58199,r1=1.25448;r2=1.21059;r3=1.28704;r4=1.20677;r5=1.58199,T_r(cpu2)/T_r(cpu8)
plonk,verify_first_ms,stage,8,S8_cpu2_over_cpu8,1-5,5,1.35888,1.29818,1.47694,r1=1.45145;r2=1.35888;r3=1.47694;r4=1.29818;r5=1.35178,T_r(cpu2)/T_r(cpu8)
plonk,verify_first_ms,stage,9,S8_cpu2_over_cpu8,1-5,5,1.37169,0.976481,1.50983,r1=1.30902;r2=1.50983;r3=0.976481;r4=1.37169;r5=1.38996,T_r(cpu2)/T_r(cpu8)
plonk,verify_first_ms,stage,10,S8_cpu2_over_cpu8,1-5,5,1.2662,1.00822,1.54867,r1=1.23562;r2=1.00822;r3=1.32306;r4=1.54867;r5=1.2662,T_r(cpu2)/T_r(cpu8)
plonk,verify_first_ms,stage,11,S8_cpu2_over_cpu8,1-5,5,1.17078,1.05262,1.69133,r1=1.31186;r2=1.14028;r3=1.17078;r4=1.05262;r5=1.69133,T_r(cpu2)/T_r(cpu8)
plonk,verify_first_ms,stage,12,S8_cpu2_over_cpu8,1-5,5,1.25362,1.14499,1.7721,r1=1.17892;r2=1.14499;r3=1.25362;r4=1.3369;r5=1.7721,T_r(cpu2)/T_r(cpu8)
plonk,verify_first_ms,stage,13,S8_cpu2_over_cpu8,1-5,5,1.27362,1.13296,1.68206,r1=1.68206;r2=1.27362;r3=1.44282;r4=1.13296;r5=1.19938,T_r(cpu2)/T_r(cpu8)
plonk,verify_first_ms,stage,14,S8_cpu2_over_cpu8,1-5,5,1.47496,1.30502,1.99358,r1=1.47496;r2=1.66699;r3=1.323;r4=1.30502;r5=1.99358,T_r(cpu2)/T_r(cpu8)
plonk,verify_first_ms,stage,15,S8_cpu2_over_cpu8,1-5,5,1.33853,1.18996,1.61234,r1=1.18996;r2=1.61234;r3=1.30878;r4=1.33853;r5=1.40288,T_r(cpu2)/T_r(cpu8)
plonk,verify_first_ms,stage,all,S8_cpu2_over_cpu8,1-5,11,1.27362,1.17078,1.47496,d5=1.18402;d6=1.46023;d7=1.25448;d8=1.35888;d9=1.37169;d10=1.2662;d11=1.17078;d12=1.25362;d13=1.27362;d14=1.47496;d15=1.33853,median and min-max over depths of the per-depth median (Figure 5)
plonk,verify_first_ms,stage,5,doubling_cpu4_over_cpu8,1-5,5,0.964556,0.772419,0.996037,r1=0.772419;r2=0.99308;r3=0.964556;r4=0.996037;r5=0.962879,T_r(cpu4)/T_r(cpu8)
plonk,verify_first_ms,stage,6,doubling_cpu4_over_cpu8,1-5,5,1.09718,1.00026,1.2681,r1=1.00026;r2=1.13332;r3=1.09718;r4=1.2681;r5=1.02673,T_r(cpu4)/T_r(cpu8)
plonk,verify_first_ms,stage,7,doubling_cpu4_over_cpu8,1-5,5,0.996616,0.982613,1.17213,r1=1.09242;r2=0.982613;r3=0.994913;r4=1.17213;r5=0.996616,T_r(cpu4)/T_r(cpu8)
plonk,verify_first_ms,stage,8,doubling_cpu4_over_cpu8,1-5,5,1.06556,0.96727,1.15944,r1=1.14586;r2=1.00561;r3=1.06556;r4=1.15944;r5=0.96727,T_r(cpu4)/T_r(cpu8)
plonk,verify_first_ms,stage,9,doubling_cpu4_over_cpu8,1-5,5,1.12211,0.963005,1.2491,r1=1.12211;r2=1.00053;r3=0.963005;r4=1.15837;r5=1.2491,T_r(cpu4)/T_r(cpu8)
plonk,verify_first_ms,stage,10,doubling_cpu4_over_cpu8,1-5,5,1.03627,0.958959,1.21739,r1=1.03627;r2=1.12901;r3=1.21739;r4=0.992674;r5=0.958959,T_r(cpu4)/T_r(cpu8)
plonk,verify_first_ms,stage,11,doubling_cpu4_over_cpu8,1-5,5,1.03061,1.00395,1.37713,r1=1.00395;r2=1.03704;r3=1.00597;r4=1.37713;r5=1.03061,T_r(cpu4)/T_r(cpu8)
plonk,verify_first_ms,stage,12,doubling_cpu4_over_cpu8,1-5,5,1.18241,1.03159,1.6243,r1=1.29772;r2=1.12677;r3=1.18241;r4=1.6243;r5=1.03159,T_r(cpu4)/T_r(cpu8)
plonk,verify_first_ms,stage,13,doubling_cpu4_over_cpu8,1-5,5,1.04965,0.974185,1.23444,r1=1.01627;r2=1.23444;r3=1.04993;r4=0.974185;r5=1.04965,T_r(cpu4)/T_r(cpu8)
plonk,verify_first_ms,stage,14,doubling_cpu4_over_cpu8,1-5,5,1.02694,1.00957,1.29305,r1=1.00957;r2=1.29305;r3=1.02694;r4=1.01943;r5=1.2254,T_r(cpu4)/T_r(cpu8)
plonk,verify_first_ms,stage,15,doubling_cpu4_over_cpu8,1-5,5,1.02648,0.993796,1.34741,r1=1.01716;r2=1.02648;r3=0.993796;r4=1.09967;r5=1.34741,T_r(cpu4)/T_r(cpu8)
plonk,verify_first_ms,stage,all,doubling_cpu4_over_cpu8,1-5,11,1.03627,0.964556,1.18241,d5=0.964556;d6=1.09718;d7=0.996616;d8=1.06556;d9=1.12211;d10=1.03627;d11=1.03061;d12=1.18241;d13=1.04965;d14=1.02694;d15=1.02648,median and min-max over depths of the per-depth median (Figure 5)
plonk,wall_ms,total,5,S4_cpu2_over_cpu4,1-5,5,1.19183,1.07074,1.31622,r1=1.31622;r2=1.19183;r3=1.23725;r4=1.16636;r5=1.07074,T_r(cpu2)/T_r(cpu4)
plonk,wall_ms,total,6,S4_cpu2_over_cpu4,1-5,5,1.1858,1.05812,1.31046,r1=1.31046;r2=1.1858;r3=1.18958;r4=1.17863;r5=1.05812,T_r(cpu2)/T_r(cpu4)
plonk,wall_ms,total,7,S4_cpu2_over_cpu4,1-5,5,1.16766,1.0274,1.3079,r1=1.3079;r2=1.18511;r3=1.12277;r4=1.16766;r5=1.0274,T_r(cpu2)/T_r(cpu4)
plonk,wall_ms,total,8,S4_cpu2_over_cpu4,1-5,5,1.19452,1.18609,1.30319,r1=1.30319;r2=1.19244;r3=1.19452;r4=1.18609;r5=1.19937,T_r(cpu2)/T_r(cpu4)
plonk,wall_ms,total,9,S4_cpu2_over_cpu4,1-5,5,1.18479,1.08252,1.30501,r1=1.30501;r2=1.18479;r3=1.19022;r4=1.17787;r5=1.08252,T_r(cpu2)/T_r(cpu4)
plonk,wall_ms,total,10,S4_cpu2_over_cpu4,1-5,5,1.18125,1.0683,1.30898,r1=1.30898;r2=1.19999;r3=1.18125;r4=1.18071;r5=1.0683,T_r(cpu2)/T_r(cpu4)
plonk,wall_ms,total,11,S4_cpu2_over_cpu4,1-5,5,1.18075,1.07172,1.33678,r1=1.33678;r2=1.18532;r3=1.18075;r4=1.17159;r5=1.07172,T_r(cpu2)/T_r(cpu4)
plonk,wall_ms,total,12,S4_cpu2_over_cpu4,1-5,5,1.18736,1.06511,1.31441,r1=1.31441;r2=1.18736;r3=1.18895;r4=1.1786;r5=1.06511,T_r(cpu2)/T_r(cpu4)
plonk,wall_ms,total,13,S4_cpu2_over_cpu4,1-5,5,1.18205,1.05863,1.30056,r1=1.30056;r2=1.19101;r3=1.17625;r4=1.18205;r5=1.05863,T_r(cpu2)/T_r(cpu4)
plonk,wall_ms,total,14,S4_cpu2_over_cpu4,1-5,5,1.1884,1.07131,1.2936,r1=1.2936;r2=1.1979;r3=1.17904;r4=1.1884;r5=1.07131,T_r(cpu2)/T_r(cpu4)
plonk,wall_ms,total,15,S4_cpu2_over_cpu4,1-5,5,1.17382,1.08596,1.31523,r1=1.31523;r2=1.19118;r3=1.17382;r4=1.17158;r5=1.08596,T_r(cpu2)/T_r(cpu4)
plonk,wall_ms,total,all,S4_cpu2_over_cpu4,1-5,11,1.18479,1.16766,1.19452,d5=1.19183;d6=1.1858;d7=1.16766;d8=1.19452;d9=1.18479;d10=1.18125;d11=1.18075;d12=1.18736;d13=1.18205;d14=1.1884;d15=1.17382,median and min-max over depths of the per-depth median (Figure 5)
plonk,wall_ms,total,5,S8_cpu2_over_cpu8,1-5,5,1.25869,1.25624,1.39499,r1=1.39499;r2=1.25624;r3=1.36907;r4=1.25647;r5=1.25869,T_r(cpu2)/T_r(cpu8)
plonk,wall_ms,total,6,S8_cpu2_over_cpu8,1-5,5,1.26613,1.24342,1.38704,r1=1.38704;r2=1.24439;r3=1.28727;r4=1.26613;r5=1.24342,T_r(cpu2)/T_r(cpu8)
plonk,wall_ms,total,7,S8_cpu2_over_cpu8,1-5,5,1.26397,1.25156,1.38398,r1=1.38398;r2=1.25156;r3=1.29795;r4=1.26397;r5=1.25538,T_r(cpu2)/T_r(cpu8)
plonk,wall_ms,total,8,S8_cpu2_over_cpu8,1-5,5,1.27861,1.26398,1.37591,r1=1.37591;r2=1.26398;r3=1.29814;r4=1.27331;r5=1.27861,T_r(cpu2)/T_r(cpu8)
plonk,wall_ms,total,9,S8_cpu2_over_cpu8,1-5,5,1.26482,1.25472,1.38842,r1=1.38842;r2=1.25472;r3=1.26482;r4=1.26054;r5=1.26591,T_r(cpu2)/T_r(cpu8)
plonk,wall_ms,total,10,S8_cpu2_over_cpu8,1-5,5,1.27142,1.24388,1.38596,r1=1.38596;r2=1.24388;r3=1.28946;r4=1.27142;r5=1.2523,T_r(cpu2)/T_r(cpu8)
plonk,wall_ms,total,11,S8_cpu2_over_cpu8,1-5,5,1.23824,1.21667,1.38633,r1=1.38633;r2=1.22496;r3=1.26873;r4=1.21667;r5=1.23824,T_r(cpu2)/T_r(cpu8)
plonk,wall_ms,total,12,S8_cpu2_over_cpu8,1-5,5,1.24189,1.22353,1.37764,r1=1.37764;r2=1.22353;r3=1.25931;r4=1.24169;r5=1.24189,T_r(cpu2)/T_r(cpu8)
plonk,wall_ms,total,13,S8_cpu2_over_cpu8,1-5,5,1.24658,1.24222,1.3814,r1=1.3814;r2=1.24222;r3=1.25863;r4=1.24658;r5=1.24646,T_r(cpu2)/T_r(cpu8)
plonk,wall_ms,total,14,S8_cpu2_over_cpu8,1-5,5,1.25327,1.21115,1.35219,r1=1.35219;r2=1.21115;r3=1.2721;r4=1.25327;r5=1.22723,T_r(cpu2)/T_r(cpu8)
plonk,wall_ms,total,15,S8_cpu2_over_cpu8,1-5,5,1.26179,1.22393,1.34398,r1=1.34398;r2=1.22393;r3=1.26179;r4=1.25174;r5=1.27332,T_r(cpu2)/T_r(cpu8)
plonk,wall_ms,total,all,S8_cpu2_over_cpu8,1-5,11,1.26179,1.23824,1.27861,d5=1.25869;d6=1.26613;d7=1.26397;d8=1.27861;d9=1.26482;d10=1.27142;d11=1.23824;d12=1.24189;d13=1.24658;d14=1.25327;d15=1.26179,median and min-max over depths of the per-depth median (Figure 5)
plonk,wall_ms,total,5,doubling_cpu4_over_cpu8,1-5,5,1.07726,1.05404,1.17553,r1=1.05985;r2=1.05404;r3=1.10653;r4=1.07726;r5=1.17553,T_r(cpu4)/T_r(cpu8)
plonk,wall_ms,total,6,doubling_cpu4_over_cpu8,1-5,5,1.07424,1.04941,1.17513,r1=1.05844;r2=1.04941;r3=1.08212;r4=1.07424;r5=1.17513,T_r(cpu4)/T_r(cpu8)
plonk,wall_ms,total,7,doubling_cpu4_over_cpu8,1-5,5,1.08247,1.05607,1.2219,r1=1.05817;r2=1.05607;r3=1.15602;r4=1.08247;r5=1.2219,T_r(cpu4)/T_r(cpu8)
plonk,wall_ms,total,8,doubling_cpu4_over_cpu8,1-5,5,1.06607,1.0558,1.08674,r1=1.0558;r2=1.06;r3=1.08674;r4=1.07353;r5=1.06607,T_r(cpu4)/T_r(cpu8)
plonk,wall_ms,total,9,doubling_cpu4_over_cpu8,1-5,5,1.06391,1.05903,1.16942,r1=1.06391;r2=1.05903;r3=1.06267;r4=1.07019;r5=1.16942,T_r(cpu4)/T_r(cpu8)
plonk,wall_ms,total,10,doubling_cpu4_over_cpu8,1-5,5,1.07682,1.03658,1.17224,r1=1.0588;r2=1.03658;r3=1.0916;r4=1.07682;r5=1.17224,T_r(cpu4)/T_r(cpu8)
plonk,wall_ms,total,11,doubling_cpu4_over_cpu8,1-5,5,1.03847,1.03344,1.15537,r1=1.03707;r2=1.03344;r3=1.07451;r4=1.03847;r5=1.15537,T_r(cpu4)/T_r(cpu8)
plonk,wall_ms,total,12,doubling_cpu4_over_cpu8,1-5,5,1.05353,1.03046,1.16597,r1=1.0481;r2=1.03046;r3=1.05918;r4=1.05353;r5=1.16597,T_r(cpu4)/T_r(cpu8)
plonk,wall_ms,total,13,doubling_cpu4_over_cpu8,1-5,5,1.06216,1.043,1.17743,r1=1.06216;r2=1.043;r3=1.07004;r4=1.05459;r5=1.17743,T_r(cpu4)/T_r(cpu8)
plonk,wall_ms,total,14,doubling_cpu4_over_cpu8,1-5,5,1.05459,1.01106,1.14554,r1=1.04529;r2=1.01106;r3=1.07893;r4=1.05459;r5=1.14554,T_r(cpu4)/T_r(cpu8)
plonk,wall_ms,total,15,doubling_cpu4_over_cpu8,1-5,5,1.06842,1.02186,1.17253,r1=1.02186;r2=1.02749;r3=1.07495;r4=1.06842;r5=1.17253,T_r(cpu4)/T_r(cpu8)
plonk,wall_ms,total,all,doubling_cpu4_over_cpu8,1-5,11,1.06607,1.03847,1.08247,d5=1.07726;d6=1.07424;d7=1.08247;d8=1.06607;d9=1.06391;d10=1.07682;d11=1.03847;d12=1.05353;d13=1.06216;d14=1.05459;d15=1.06842,median and min-max over depths of the per-depth median (Figure 5)
plonk,stage_sum_ms,diagnostic,5,S4_cpu2_over_cpu4,1-5,5,1.19183,1.07074,1.31622,r1=1.31622;r2=1.19183;r3=1.23726;r4=1.16636;r5=1.07074,T_r(cpu2)/T_r(cpu4)
plonk,stage_sum_ms,diagnostic,6,S4_cpu2_over_cpu4,1-5,5,1.1858,1.05812,1.31046,r1=1.31046;r2=1.1858;r3=1.18958;r4=1.17863;r5=1.05812,T_r(cpu2)/T_r(cpu4)
plonk,stage_sum_ms,diagnostic,7,S4_cpu2_over_cpu4,1-5,5,1.16767,1.0274,1.30791,r1=1.30791;r2=1.18511;r3=1.12277;r4=1.16767;r5=1.0274,T_r(cpu2)/T_r(cpu4)
plonk,stage_sum_ms,diagnostic,8,S4_cpu2_over_cpu4,1-5,5,1.19452,1.18609,1.30319,r1=1.30319;r2=1.19243;r3=1.19452;r4=1.18609;r5=1.19937,T_r(cpu2)/T_r(cpu4)
plonk,stage_sum_ms,diagnostic,9,S4_cpu2_over_cpu4,1-5,5,1.18479,1.08252,1.30501,r1=1.30501;r2=1.18479;r3=1.19022;r4=1.17787;r5=1.08252,T_r(cpu2)/T_r(cpu4)
plonk,stage_sum_ms,diagnostic,10,S4_cpu2_over_cpu4,1-5,5,1.18126,1.0683,1.30898,r1=1.30898;r2=1.19999;r3=1.18126;r4=1.18071;r5=1.0683,T_r(cpu2)/T_r(cpu4)
plonk,stage_sum_ms,diagnostic,11,S4_cpu2_over_cpu4,1-5,5,1.18075,1.07172,1.33678,r1=1.33678;r2=1.18532;r3=1.18075;r4=1.17159;r5=1.07172,T_r(cpu2)/T_r(cpu4)
plonk,stage_sum_ms,diagnostic,12,S4_cpu2_over_cpu4,1-5,5,1.18736,1.06511,1.31441,r1=1.31441;r2=1.18736;r3=1.18895;r4=1.1786;r5=1.06511,T_r(cpu2)/T_r(cpu4)
plonk,stage_sum_ms,diagnostic,13,S4_cpu2_over_cpu4,1-5,5,1.18205,1.05863,1.30056,r1=1.30056;r2=1.19101;r3=1.17625;r4=1.18205;r5=1.05863,T_r(cpu2)/T_r(cpu4)
plonk,stage_sum_ms,diagnostic,14,S4_cpu2_over_cpu4,1-5,5,1.1884,1.07131,1.29361,r1=1.29361;r2=1.1979;r3=1.17905;r4=1.1884;r5=1.07131,T_r(cpu2)/T_r(cpu4)
plonk,stage_sum_ms,diagnostic,15,S4_cpu2_over_cpu4,1-5,5,1.17382,1.08596,1.31523,r1=1.31523;r2=1.19118;r3=1.17382;r4=1.17158;r5=1.08596,T_r(cpu2)/T_r(cpu4)
plonk,stage_sum_ms,diagnostic,all,S4_cpu2_over_cpu4,1-5,11,1.18479,1.16767,1.19452,d5=1.19183;d6=1.1858;d7=1.16767;d8=1.19452;d9=1.18479;d10=1.18126;d11=1.18075;d12=1.18736;d13=1.18205;d14=1.1884;d15=1.17382,median and min-max over depths of the per-depth median (Figure 5)
plonk,stage_sum_ms,diagnostic,5,S8_cpu2_over_cpu8,1-5,5,1.25869,1.25624,1.39499,r1=1.39499;r2=1.25624;r3=1.36907;r4=1.25648;r5=1.25869,T_r(cpu2)/T_r(cpu8)
plonk,stage_sum_ms,diagnostic,6,S8_cpu2_over_cpu8,1-5,5,1.26613,1.24343,1.38704,r1=1.38704;r2=1.24439;r3=1.28727;r4=1.26613;r5=1.24343,T_r(cpu2)/T_r(cpu8)
plonk,stage_sum_ms,diagnostic,7,S8_cpu2_over_cpu8,1-5,5,1.26397,1.25156,1.38398,r1=1.38398;r2=1.25156;r3=1.29795;r4=1.26397;r5=1.25538,T_r(cpu2)/T_r(cpu8)
plonk,stage_sum_ms,diagnostic,8,S8_cpu2_over_cpu8,1-5,5,1.27861,1.26398,1.37591,r1=1.37591;r2=1.26398;r3=1.29814;r4=1.27331;r5=1.27861,T_r(cpu2)/T_r(cpu8)
plonk,stage_sum_ms,diagnostic,9,S8_cpu2_over_cpu8,1-5,5,1.26482,1.25472,1.38842,r1=1.38842;r2=1.25472;r3=1.26482;r4=1.26054;r5=1.26591,T_r(cpu2)/T_r(cpu8)
plonk,stage_sum_ms,diagnostic,10,S8_cpu2_over_cpu8,1-5,5,1.27142,1.24388,1.38596,r1=1.38596;r2=1.24388;r3=1.28946;r4=1.27142;r5=1.2523,T_r(cpu2)/T_r(cpu8)
plonk,stage_sum_ms,diagnostic,11,S8_cpu2_over_cpu8,1-5,5,1.23824,1.21667,1.38633,r1=1.38633;r2=1.22496;r3=1.26873;r4=1.21667;r5=1.23824,T_r(cpu2)/T_r(cpu8)
plonk,stage_sum_ms,diagnostic,12,S8_cpu2_over_cpu8,1-5,5,1.24189,1.22353,1.37764,r1=1.37764;r2=1.22353;r3=1.25931;r4=1.24169;r5=1.24189,T_r(cpu2)/T_r(cpu8)
plonk,stage_sum_ms,diagnostic,13,S8_cpu2_over_cpu8,1-5,5,1.24658,1.24222,1.3814,r1=1.3814;r2=1.24222;r3=1.25864;r4=1.24658;r5=1.24646,T_r(cpu2)/T_r(cpu8)
plonk,stage_sum_ms,diagnostic,14,S8_cpu2_over_cpu8,1-5,5,1.25327,1.21115,1.35219,r1=1.35219;r2=1.21115;r3=1.2721;r4=1.25327;r5=1.22723,T_r(cpu2)/T_r(cpu8)
plonk,stage_sum_ms,diagnostic,15,S8_cpu2_over_cpu8,1-5,5,1.26179,1.22393,1.34398,r1=1.34398;r2=1.22393;r3=1.26179;r4=1.25174;r5=1.27332,T_r(cpu2)/T_r(cpu8)
plonk,stage_sum_ms,diagnostic,all,S8_cpu2_over_cpu8,1-5,11,1.26179,1.23824,1.27861,d5=1.25869;d6=1.26613;d7=1.26397;d8=1.27861;d9=1.26482;d10=1.27142;d11=1.23824;d12=1.24189;d13=1.24658;d14=1.25327;d15=1.26179,median and min-max over depths of the per-depth median (Figure 5)
plonk,stage_sum_ms,diagnostic,5,doubling_cpu4_over_cpu8,1-5,5,1.07726,1.05404,1.17553,r1=1.05985;r2=1.05404;r3=1.10654;r4=1.07726;r5=1.17553,T_r(cpu4)/T_r(cpu8)
plonk,stage_sum_ms,diagnostic,6,doubling_cpu4_over_cpu8,1-5,5,1.07424,1.04941,1.17513,r1=1.05844;r2=1.04941;r3=1.08212;r4=1.07424;r5=1.17513,T_r(cpu4)/T_r(cpu8)
plonk,stage_sum_ms,diagnostic,7,doubling_cpu4_over_cpu8,1-5,5,1.08247,1.05607,1.2219,r1=1.05816;r2=1.05607;r3=1.15602;r4=1.08247;r5=1.2219,T_r(cpu4)/T_r(cpu8)
plonk,stage_sum_ms,diagnostic,8,doubling_cpu4_over_cpu8,1-5,5,1.06607,1.0558,1.08674,r1=1.0558;r2=1.06;r3=1.08674;r4=1.07353;r5=1.06607,T_r(cpu4)/T_r(cpu8)
plonk,stage_sum_ms,diagnostic,9,doubling_cpu4_over_cpu8,1-5,5,1.06391,1.05903,1.16942,r1=1.06391;r2=1.05903;r3=1.06267;r4=1.07019;r5=1.16942,T_r(cpu4)/T_r(cpu8)
plonk,stage_sum_ms,diagnostic,10,doubling_cpu4_over_cpu8,1-5,5,1.07682,1.03658,1.17224,r1=1.0588;r2=1.03658;r3=1.0916;r4=1.07682;r5=1.17224,T_r(cpu4)/T_r(cpu8)
plonk,stage_sum_ms,diagnostic,11,doubling_cpu4_over_cpu8,1-5,5,1.03847,1.03344,1.15537,r1=1.03707;r2=1.03344;r3=1.07451;r4=1.03847;r5=1.15537,T_r(cpu4)/T_r(cpu8)
plonk,stage_sum_ms,diagnostic,12,doubling_cpu4_over_cpu8,1-5,5,1.05353,1.03047,1.16597,r1=1.0481;r2=1.03047;r3=1.05918;r4=1.05353;r5=1.16597,T_r(cpu4)/T_r(cpu8)
plonk,stage_sum_ms,diagnostic,13,doubling_cpu4_over_cpu8,1-5,5,1.06216,1.043,1.17743,r1=1.06216;r2=1.043;r3=1.07004;r4=1.05459;r5=1.17743,T_r(cpu4)/T_r(cpu8)
plonk,stage_sum_ms,diagnostic,14,doubling_cpu4_over_cpu8,1-5,5,1.05459,1.01106,1.14554,r1=1.04529;r2=1.01106;r3=1.07893;r4=1.05459;r5=1.14554,T_r(cpu4)/T_r(cpu8)
plonk,stage_sum_ms,diagnostic,15,doubling_cpu4_over_cpu8,1-5,5,1.06842,1.02186,1.17253,r1=1.02186;r2=1.02749;r3=1.07495;r4=1.06842;r5=1.17253,T_r(cpu4)/T_r(cpu8)
plonk,stage_sum_ms,diagnostic,all,doubling_cpu4_over_cpu8,1-5,11,1.06607,1.03847,1.08247,d5=1.07726;d6=1.07424;d7=1.08247;d8=1.06607;d9=1.06391;d10=1.07682;d11=1.03847;d12=1.05353;d13=1.06216;d14=1.05459;d15=1.06842,median and min-max over depths of the per-depth median (Figure 5)
