profile_id,backend,depth,rounds,n,verify_first_median,verify_steady_median,first_over_steady_median,first_over_steady_min,first_over_steady_max
cpu2,groth16,5,1-5,5,12.975,10.843,1.05016,0.948765,1.65812
cpu2,groth16,6,1-5,5,11.362,11.013,1.0798,0.897318,1.25181
cpu2,groth16,7,1-5,5,12.405,10.607,1.16951,0.801393,1.71037
cpu2,groth16,8,1-5,5,12.35,11.236,1.07767,0.976421,1.43923
cpu2,groth16,9,1-5,5,12.726,9.936,1.05156,0.95256,1.70451
cpu2,groth16,10,1-5,5,11.274,10.698,1.04612,0.977291,1.11236
cpu2,groth16,11,1-5,5,10.913,9.937,1.07105,1.04458,1.24415
cpu2,groth16,12,1-5,5,10.395,11.023,0.989269,0.859964,1.12091
cpu2,groth16,13,1-5,5,10.442,10.469,1.03304,0.867786,1.22792
cpu2,groth16,14,1-5,5,11.799,10.477,1.18978,0.930922,1.25112
cpu2,groth16,15,1-5,5,12.972,12.367,1.21818,0.796267,1.55543
cpu2,groth16,all,1-5,55,11.799,10.607,1.0652,0.796267,1.71037
cpu2,groth16,5,1-10,10,11.8895,11.017,1.04387,0.932178,1.65812
cpu2,groth16,6,1-10,10,12.459,10.6415,1.19157,0.897318,1.30041
cpu2,groth16,7,1-10,10,11.6825,10.731,1.05133,0.801393,1.71037
cpu2,groth16,8,1-10,10,11.189,11.1525,0.99945,0.880872,1.43923
cpu2,groth16,9,1-10,10,11.058,10.344,1.06672,0.90706,1.70451
cpu2,groth16,10,1-10,10,11.168,10.7375,1.03292,0.945472,1.81848
cpu2,groth16,11,1-10,10,11.087,10.353,1.06812,0.877496,1.24415
cpu2,groth16,12,1-10,10,10.9135,10.725,1.0144,0.859964,1.20445
cpu2,groth16,13,1-10,10,11.679,10.5085,1.06013,0.867786,2.05456
cpu2,groth16,14,1-10,10,10.9735,10.5875,1.09033,0.776977,1.25112
cpu2,groth16,15,1-10,10,12.6725,11.0095,1.09001,0.796267,1.55543
cpu2,groth16,all,1-10,110,11.318,10.6785,1.05145,0.776977,2.05456
cpu2,plonk,5,1-5,5,10.089,7.363,1.38566,1.18545,1.41988
cpu2,plonk,6,1-5,5,11.2,7.536,1.513,0.906133,1.60096
cpu2,plonk,7,1-5,5,9.529,7.313,1.28107,1.11869,1.68786
cpu2,plonk,8,1-5,5,10.821,7.815,1.37549,1.21181,1.56082
cpu2,plonk,9,1-5,5,10.775,7.296,1.36499,1.05003,1.6153
cpu2,plonk,10,1-5,5,10.027,7.306,1.29015,1.06358,1.64371
cpu2,plonk,11,1-5,5,10.182,7.297,1.23201,1.08411,1.83675
cpu2,plonk,12,1-5,5,9.876,7.223,1.24062,1.16548,1.88847
cpu2,plonk,13,1-5,5,9.882,7.309,1.26255,1.05842,1.77647
cpu2,plonk,14,1-5,5,11.251,7.272,1.54717,1.2133,2.10911
cpu2,plonk,15,1-5,5,10.126,7.278,1.41326,1.17977,1.69209
cpu2,plonk,all,1-5,55,10.126,7.313,1.36749,0.906133,2.10911
cpu4,groth16,5,1-5,5,7.835,6.593,1.19847,0.969614,1.31969
cpu4,groth16,6,1-5,5,7.676,7.149,1.07372,0.879115,1.17511
cpu4,groth16,7,1-5,5,7.52,7.178,1.01252,0.762677,1.09443
cpu4,groth16,8,1-5,5,7.788,7.353,0.967209,0.936856,1.24642
cpu4,groth16,9,1-5,5,7.779,7.062,1.10087,0.888762,1.1222
cpu4,groth16,10,1-5,5,7.242,7.031,1.04026,0.971024,1.16882
cpu4,groth16,11,1-5,5,7.985,7.21,1.11716,0.903795,1.48929
cpu4,groth16,12,1-5,5,7.196,6.447,1.15375,0.919373,1.23282
cpu4,groth16,13,1-5,5,7.843,7.129,1.12338,1.0887,1.26662
cpu4,groth16,14,1-5,5,6.514,6.736,1.06564,0.918349,1.09705
cpu4,groth16,15,1-5,5,6.877,7.053,0.891819,0.624018,1.06919
cpu4,groth16,all,1-5,55,7.563,7.062,1.07372,0.624018,1.48929
cpu4,groth16,5,1-10,10,7.619,6.915,1.1222,0.811023,1.31969
cpu4,groth16,6,1-10,10,7.6645,7.1645,1.06952,0.879115,1.38661
cpu4,groth16,7,1-10,10,7.5805,7.1935,1.03813,0.762677,1.10928
cpu4,groth16,8,1-10,10,7.5815,7.0895,1.03192,0.936856,1.24642
cpu4,groth16,9,1-10,10,7.7285,7.0605,1.09656,0.649596,1.26898
cpu4,groth16,10,1-10,10,7.506,7.0675,1.03818,0.900535,1.16882
cpu4,groth16,11,1-10,10,7.644,7.115,1.08265,0.873267,1.48929
cpu4,groth16,12,1-10,10,7.5475,6.8625,1.10507,0.919373,1.23282
cpu4,groth16,13,1-10,10,7.9135,7.096,1.12425,0.921321,1.26662
cpu4,groth16,14,1-10,10,7.6385,6.995,1.06173,0.918349,1.1051
cpu4,groth16,15,1-10,10,6.991,7.0555,0.963725,0.624018,1.08657
cpu4,groth16,all,1-10,110,7.608,7.0625,1.069,0.624018,1.48929
cpu4,plonk,5,1-5,5,7.75,7.264,1.07059,1.034,1.11114
cpu4,plonk,6,1-5,5,8.648,7.269,1.18971,1.06526,1.31835
cpu4,plonk,7,1-5,5,7.823,7.235,1.08082,1.04672,1.22849
cpu4,plonk,8,1-5,5,8.11,7.288,1.12905,1.06098,1.22928
cpu4,plonk,9,1-5,5,8.537,7.228,1.19032,1.03441,1.34076
cpu4,plonk,10,1-5,5,7.943,7.216,1.10075,1.0363,1.30013
cpu4,plonk,11,1-5,5,7.98,7.256,1.09136,1.06836,1.84195
cpu4,plonk,12,1-5,5,9.315,7.231,1.26185,1.09509,1.71954
cpu4,plonk,13,1-5,5,7.969,7.265,1.0851,1.06504,1.35704
cpu4,plonk,14,1-5,5,7.815,7.233,1.0746,1.0558,1.49558
cpu4,plonk,15,1-5,5,7.764,7.209,1.08586,1.06629,1.46488
cpu4,plonk,all,1-5,55,7.969,7.238,1.09509,1.034,1.84195
cpu8,groth16,5,1-5,5,6.396,6.056,1.09768,1.01027,1.10441
cpu8,groth16,6,1-5,5,6.317,5.824,1.09461,1.01479,1.18321
cpu8,groth16,7,1-5,5,6.406,5.996,1.10128,0.841282,1.17467
cpu8,groth16,8,1-5,5,6.098,6.072,0.993118,0.926325,1.98725
cpu8,groth16,9,1-5,5,5.862,5.988,1.00198,0.948309,1.03077
cpu8,groth16,10,1-5,5,5.892,5.797,1.00384,0.996372,1.07216
cpu8,groth16,11,1-5,5,5.767,5.984,0.982225,0.922779,1.00941
cpu8,groth16,12,1-5,5,5.902,6.021,0.993068,0.980236,1.02423
cpu8,groth16,13,1-5,5,5.881,5.775,1.01835,0.96191,1.08711
cpu8,groth16,14,1-5,5,6.017,5.894,0.994545,0.977604,1.14826
cpu8,groth16,15,1-5,5,6.158,5.88,1.04728,1.00556,1.53489
cpu8,groth16,all,1-5,55,6.082,5.956,1.01251,0.841282,1.98725
cpu8,groth16,5,1-10,10,6.3615,6.0315,1.05485,0.867299,1.36365
cpu8,groth16,6,1-10,10,6.3045,5.9105,1.06311,0.988975,1.18321
cpu8,groth16,7,1-10,10,6.34,6.024,1.06871,0.841282,1.51372
cpu8,groth16,8,1-10,10,6.0925,6.1545,1.00644,0.926325,1.98725
cpu8,groth16,9,1-10,10,5.9715,6.0235,1.00457,0.924349,1.0328
cpu8,groth16,10,1-10,10,5.9435,5.9205,1.00135,0.91847,1.07216
cpu8,groth16,11,1-10,10,6.03,6.043,0.986564,0.922779,1.49002
cpu8,groth16,12,1-10,10,5.984,6.04,0.988517,0.966488,1.07301
cpu8,groth16,13,1-10,10,5.924,5.863,1.0205,0.941456,1.2905
cpu8,groth16,14,1-10,10,5.955,5.8945,0.993759,0.977604,1.14826
cpu8,groth16,15,1-10,10,6.131,5.995,1.04102,0.956316,1.58424
cpu8,groth16,all,1-10,110,6.088,6,1.01737,0.841282,1.98725
cpu8,plonk,5,1-5,5,7.823,7.297,1.07208,1.06438,1.45917
cpu8,plonk,6,1-5,5,7.67,7.317,1.05605,1.02011,1.06055
cpu8,plonk,7,1-5,5,7.684,7.256,1.05899,1.04369,1.08921
cpu8,plonk,8,1-5,5,7.713,7.287,1.05694,1.0491,1.09853
cpu8,plonk,9,1-5,5,7.752,7.287,1.06325,1.03432,1.0696
cpu8,plonk,10,1-5,5,7.665,7.243,1.06314,1.0469,1.08733
cpu8,plonk,11,1-5,5,7.84,7.396,1.06354,1.04191,1.29543
cpu8,plonk,12,1-5,5,7.692,7.235,1.06467,1.05643,1.073
cpu8,plonk,13,1-5,5,7.694,7.278,1.05233,1.04287,1.07272
cpu8,plonk,14,1-5,5,7.628,7.383,1.03345,1.01951,1.11617
cpu8,plonk,15,1-5,5,7.633,7.336,1.04467,1.03122,1.06614
cpu8,plonk,all,1-5,55,7.706,7.287,1.06035,1.01951,1.45917
