profile_id,backend,depth,quantity,rounds,n,median,min,max,values,definition
cpu2,groth16,5,path_prove_ms,1-5,5,250.639,245.232,267.482,dr1=245.352;dr2=245.232;dr3=267.482;dr4=253.435;dr5=250.639,prove_ms of the path call
cpu2,groth16,5,mem_prove_ms,1-5,5,258.299,238.242,266.968,dr1=238.242;dr2=263.846;dr3=258.299;dr4=266.968;dr5=256.277,prove_ms of the mem call
cpu2,groth16,5,paired_diff_path_minus_mem_ms,1-5,5,-5.638,-18.614,9.183,dr1=7.11;dr2=-18.614;dr3=9.183;dr4=-13.533;dr5=-5.638,"path - mem, same diagnostic round"
cpu2,groth16,5,paired_ratio_mem_over_path,1-5,5,1.02249,0.965669,1.0759,dr1=0.971021;dr2=1.0759;dr3=0.965669;dr4=1.0534;dr5=1.02249,"mem / path, same diagnostic round"
cpu2,groth16,5,zkey_readfile_ms,1-5,5,2.33,0.721,2.718,dr1=0.721;dr2=2.718;dr3=2.458;dr4=2.33;dr5=1.766,fs.readFileSync(zkey) before the mem call
cpu2,groth16,7,path_prove_ms,1-5,5,317.038,286.121,322.577,dr1=322.577;dr2=286.121;dr3=319.067;dr4=312.569;dr5=317.038,prove_ms of the path call
cpu2,groth16,7,mem_prove_ms,1-5,5,311.246,275.849,321.061,dr1=316.039;dr2=321.061;dr3=275.849;dr4=311.246;dr5=298.035,prove_ms of the mem call
cpu2,groth16,7,paired_diff_path_minus_mem_ms,1-5,5,6.538,-34.94,43.218,dr1=6.538;dr2=-34.94;dr3=43.218;dr4=1.323;dr5=19.003,"path - mem, same diagnostic round"
cpu2,groth16,7,paired_ratio_mem_over_path,1-5,5,0.979732,0.864549,1.12212,dr1=0.979732;dr2=1.12212;dr3=0.864549;dr4=0.995767;dr5=0.940061,"mem / path, same diagnostic round"
cpu2,groth16,7,zkey_readfile_ms,1-5,5,1.791,0.795,1.939,dr1=1.939;dr2=0.805;dr3=0.795;dr4=1.791;dr5=1.92,fs.readFileSync(zkey) before the mem call
cpu2,groth16,8,path_prove_ms,1-5,5,353.87,321.147,370.994,dr1=338.76;dr2=353.87;dr3=321.147;dr4=355.758;dr5=370.994,prove_ms of the path call
cpu2,groth16,8,mem_prove_ms,1-5,5,338.96,331.833,344.618,dr1=331.833;dr2=336.25;dr3=343.08;dr4=338.96;dr5=344.618,prove_ms of the mem call
cpu2,groth16,8,paired_diff_path_minus_mem_ms,1-5,5,16.798,-21.933,26.376,dr1=6.927;dr2=17.62;dr3=-21.933;dr4=16.798;dr5=26.376,"path - mem, same diagnostic round"
cpu2,groth16,8,paired_ratio_mem_over_path,1-5,5,0.952783,0.928905,1.0683,dr1=0.979552;dr2=0.950208;dr3=1.0683;dr4=0.952783;dr5=0.928905,"mem / path, same diagnostic round"
cpu2,groth16,8,zkey_readfile_ms,1-5,5,1.76,0.86,2.046,dr1=0.86;dr2=1.866;dr3=1.76;dr4=0.91;dr5=2.046,fs.readFileSync(zkey) before the mem call
cpu2,groth16,15,path_prove_ms,1-5,5,459.453,458.513,480.205,dr1=468.44;dr2=458.513;dr3=480.205;dr4=459.365;dr5=459.453,prove_ms of the path call
cpu2,groth16,15,mem_prove_ms,1-5,5,450.48,446.621,477.83,dr1=449.357;dr2=450.48;dr3=477.83;dr4=462.246;dr5=446.621,prove_ms of the mem call
cpu2,groth16,15,paired_diff_path_minus_mem_ms,1-5,5,8.033,-2.881,19.083,dr1=19.083;dr2=8.033;dr3=2.375;dr4=-2.881;dr5=12.832,"path - mem, same diagnostic round"
cpu2,groth16,15,paired_ratio_mem_over_path,1-5,5,0.98248,0.959263,1.00627,dr1=0.959263;dr2=0.98248;dr3=0.995054;dr4=1.00627;dr5=0.972071,"mem / path, same diagnostic round"
cpu2,groth16,15,zkey_readfile_ms,1-5,5,2.083,1.141,3.216,dr1=2.083;dr2=1.997;dr3=1.141;dr4=3.192;dr5=3.216,fs.readFileSync(zkey) before the mem call
cpu2,plonk,5,path_prove_ms,1-5,5,12033.3,11929.4,12125,dr1=12125;dr2=11939.9;dr3=11929.4;dr4=12033.3;dr5=12093.4,prove_ms of the path call
cpu2,plonk,5,mem_prove_ms,1-5,5,11941.8,11861.4,12022.5,dr1=12022.5;dr2=11871.3;dr3=11861.4;dr4=11942.5;dr5=11941.8,prove_ms of the mem call
cpu2,plonk,5,paired_diff_path_minus_mem_ms,1-5,5,90.787,67.942,151.673,dr1=102.459;dr2=68.639;dr3=67.942;dr4=90.787;dr5=151.673,"path - mem, same diagnostic round"
cpu2,plonk,5,paired_ratio_mem_over_path,1-5,5,0.992455,0.987458,0.994305,dr1=0.99155;dr2=0.994251;dr3=0.994305;dr4=0.992455;dr5=0.987458,"mem / path, same diagnostic round"
cpu2,plonk,5,zkey_readfile_ms,1-5,5,20.653,17.796,22.022,dr1=22.022;dr2=20.653;dr3=18.842;dr4=21.127;dr5=17.796,fs.readFileSync(zkey) before the mem call
cpu2,plonk,10,path_prove_ms,1-5,5,12000.8,11956.2,12263.6,dr1=12263.6;dr2=11956.2;dr3=11989.2;dr4=12000.8;dr5=12103.5,prove_ms of the path call
cpu2,plonk,10,mem_prove_ms,1-5,5,11942.9,11844.4,12123.8,dr1=12123.8;dr2=11844.4;dr3=11928.5;dr4=11942.9;dr5=11986.1,prove_ms of the mem call
cpu2,plonk,10,paired_diff_path_minus_mem_ms,1-5,5,111.816,57.892,139.848,dr1=139.848;dr2=111.816;dr3=60.757;dr4=57.892;dr5=117.392,"path - mem, same diagnostic round"
cpu2,plonk,10,paired_ratio_mem_over_path,1-5,5,0.990648,0.988596,0.995176,dr1=0.988596;dr2=0.990648;dr3=0.994932;dr4=0.995176;dr5=0.990301,"mem / path, same diagnostic round"
cpu2,plonk,10,zkey_readfile_ms,1-5,5,21.176,20.997,24.22,dr1=20.997;dr2=21.176;dr3=24.22;dr4=21.165;dr5=22.53,fs.readFileSync(zkey) before the mem call
cpu2,plonk,11,path_prove_ms,1-5,5,23240.8,22920,23356.2,dr1=23240.8;dr2=23056.5;dr3=22920;dr4=23356.2;dr5=23329.3,prove_ms of the path call
cpu2,plonk,11,mem_prove_ms,1-5,5,23140.9,23005.7,23556.8,dr1=23556.8;dr2=23140.9;dr3=23043.4;dr4=23005.7;dr5=23194.8,prove_ms of the mem call
cpu2,plonk,11,paired_diff_path_minus_mem_ms,1-5,5,-84.405,-316.068,350.512,dr1=-316.068;dr2=-84.405;dr3=-123.379;dr4=350.512;dr5=134.431,"path - mem, same diagnostic round"
cpu2,plonk,11,paired_ratio_mem_over_path,1-5,5,1.00366,0.984993,1.0136,dr1=1.0136;dr2=1.00366;dr3=1.00538;dr4=0.984993;dr5=0.994238,"mem / path, same diagnostic round"
cpu2,plonk,11,zkey_readfile_ms,1-5,5,39.621,36.547,41.575,dr1=41.575;dr2=39.823;dr3=36.547;dr4=38.511;dr5=39.621,fs.readFileSync(zkey) before the mem call
cpu2,plonk,15,path_prove_ms,1-5,5,23387.4,23049.6,23543.3,dr1=23543.3;dr2=23049.6;dr3=23203.1;dr4=23387.4;dr5=23410.6,prove_ms of the path call
cpu2,plonk,15,mem_prove_ms,1-5,5,23456,22799.2,23520.2,dr1=23520.2;dr2=23121.7;dr3=22799.2;dr4=23516.4;dr5=23456,prove_ms of the mem call
cpu2,plonk,15,paired_diff_path_minus_mem_ms,1-5,5,-45.358,-128.976,403.944,dr1=23.079;dr2=-72.175;dr3=403.944;dr4=-128.976;dr5=-45.358,"path - mem, same diagnostic round"
cpu2,plonk,15,paired_ratio_mem_over_path,1-5,5,1.00194,0.982591,1.00551,dr1=0.99902;dr2=1.00313;dr3=0.982591;dr4=1.00551;dr5=1.00194,"mem / path, same diagnostic round"
cpu2,plonk,15,zkey_readfile_ms,1-5,5,38.912,33.735,45.219,dr1=38.106;dr2=38.912;dr3=39.314;dr4=33.735;dr5=45.219,fs.readFileSync(zkey) before the mem call
cpu2,plonk,11/10,A_boundary_d11_over_d10_path,1-5,5,1.92748,1.8951,1.94622,dr1=1.8951;dr2=1.92842;dr3=1.91172;dr4=1.94622;dr5=1.92748,"prove(11)/prove(10), path calls"
cpu2,plonk,11/10,A_boundary_d11_over_d10_mem,1-5,5,1.93514,1.92631,1.95375,dr1=1.94303;dr2=1.95375;dr3=1.9318;dr4=1.92631;dr5=1.93514,"prove(11)/prove(10), mem calls"
cpu2,plonk,10/5,plateau_end_L_d10_over_d5_path,1-5,5,1.00136,0.9973,1.01143,dr1=1.01143;dr2=1.00136;dr3=1.00502;dr4=0.9973;dr5=1.00083,"prove(10)/prove(5), path calls"
cpu2,plonk,10/5,plateau_end_L_d10_over_d5_mem,1-5,5,1.00371,0.997732,1.00842,dr1=1.00842;dr2=0.997732;dr3=1.00565;dr4=1.00003;dr5=1.00371,"prove(10)/prove(5), mem calls"
cpu2,plonk,15/11,plateau_end_U_d15_over_d11_path,1-5,5,1.00349,0.999699,1.01302,dr1=1.01302;dr2=0.999699;dr3=1.01235;dr4=1.00134;dr5=1.00349,"prove(15)/prove(11), path calls"
cpu2,plonk,15/11,plateau_end_U_d15_over_d11_mem,1-5,5,0.999171,0.989401,1.0222,dr1=0.998444;dr2=0.999171;dr3=0.989401;dr4=1.0222;dr5=1.01126,"prove(15)/prove(11), mem calls"
cpu2,groth16,8/7,B_boundary_d8_over_d7_path,1-5,5,1.13817,1.00652,1.23678,dr1=1.05017;dr2=1.23678;dr3=1.00652;dr4=1.13817;dr5=1.17019,"prove(8)/prove(7), path calls"
cpu2,groth16,8/7,B_boundary_d8_over_d7_mem,1-5,5,1.08904,1.04731,1.24372,dr1=1.04997;dr2=1.04731;dr3=1.24372;dr4=1.08904;dr5=1.1563,"prove(8)/prove(7), mem calls"
cpu2,groth16,7/5,plateau_end_L_d7_over_d5_path,1-5,5,1.23333,1.16674,1.31475,dr1=1.31475;dr2=1.16674;dr3=1.19285;dr4=1.23333;dr5=1.26492,"prove(7)/prove(5), path calls"
cpu2,groth16,7/5,plateau_end_L_d7_over_d5_mem,1-5,5,1.16586,1.06794,1.32655,dr1=1.32655;dr2=1.21685;dr3=1.06794;dr4=1.16586;dr5=1.16294,"prove(7)/prove(5), mem calls"
cpu2,groth16,15/8,plateau_end_U_d15_over_d8_path,1-5,5,1.29571,1.23844,1.49528,dr1=1.38281;dr2=1.29571;dr3=1.49528;dr4=1.29123;dr5=1.23844,"prove(15)/prove(8), path calls"
cpu2,groth16,15/8,plateau_end_U_d15_over_d8_mem,1-5,5,1.35417,1.29599,1.39277,dr1=1.35417;dr2=1.33972;dr3=1.39277;dr4=1.36372;dr5=1.29599,"prove(15)/prove(8), mem calls"
cpu4,groth16,5,path_prove_ms,1-5,5,147.066,143.225,150.476,dr1=150.476;dr2=143.225;dr3=143.448;dr4=147.066;dr5=150.363,prove_ms of the path call
cpu4,groth16,5,mem_prove_ms,1-5,5,143.305,139.297,146.349,dr1=144.52;dr2=139.297;dr3=143.305;dr4=146.349;dr5=142.184,prove_ms of the mem call
cpu4,groth16,5,paired_diff_path_minus_mem_ms,1-5,5,3.928,0.143,8.179,dr1=5.956;dr2=3.928;dr3=0.143;dr4=0.717;dr5=8.179,"path - mem, same diagnostic round"
cpu4,groth16,5,paired_ratio_mem_over_path,1-5,5,0.972575,0.945605,0.999003,dr1=0.960419;dr2=0.972575;dr3=0.999003;dr4=0.995125;dr5=0.945605,"mem / path, same diagnostic round"
cpu4,groth16,5,zkey_readfile_ms,1-5,5,1.13,0.835,1.195,dr1=0.848;dr2=1.13;dr3=0.835;dr4=1.19;dr5=1.195,fs.readFileSync(zkey) before the mem call
cpu4,groth16,7,path_prove_ms,1-5,5,172.452,166.97,291.043,dr1=167.691;dr2=172.452;dr3=172.822;dr4=166.97;dr5=291.043,prove_ms of the path call
cpu4,groth16,7,mem_prove_ms,1-5,5,173.795,162.306,364.454,dr1=162.603;dr2=174.573;dr3=162.306;dr4=173.795;dr5=364.454,prove_ms of the mem call
cpu4,groth16,7,paired_diff_path_minus_mem_ms,1-5,5,-2.121,-73.411,10.516,dr1=5.088;dr2=-2.121;dr3=10.516;dr4=-6.825;dr5=-73.411,"path - mem, same diagnostic round"
cpu4,groth16,7,paired_ratio_mem_over_path,1-5,5,1.0123,0.939151,1.25223,dr1=0.969658;dr2=1.0123;dr3=0.939151;dr4=1.04088;dr5=1.25223,"mem / path, same diagnostic round"
cpu4,groth16,7,zkey_readfile_ms,1-5,5,1.185,0.824,1.633,dr1=1.293;dr2=0.824;dr3=1.185;dr4=0.949;dr5=1.633,fs.readFileSync(zkey) before the mem call
cpu4,groth16,8,path_prove_ms,1-5,5,193.823,186.972,351.385,dr1=195.882;dr2=193.823;dr3=193.455;dr4=186.972;dr5=351.385,prove_ms of the path call
cpu4,groth16,8,mem_prove_ms,1-5,5,189.669,186.544,250.987,dr1=186.754;dr2=186.544;dr3=189.669;dr4=191.316;dr5=250.987,prove_ms of the mem call
cpu4,groth16,8,paired_diff_path_minus_mem_ms,1-5,5,7.279,-4.344,100.398,dr1=9.128;dr2=7.279;dr3=3.786;dr4=-4.344;dr5=100.398,"path - mem, same diagnostic round"
cpu4,groth16,8,paired_ratio_mem_over_path,1-5,5,0.962445,0.714279,1.02323,dr1=0.953401;dr2=0.962445;dr3=0.98043;dr4=1.02323;dr5=0.714279,"mem / path, same diagnostic round"
cpu4,groth16,8,zkey_readfile_ms,1-5,5,1.24,0.932,1.328,dr1=1.328;dr2=1.24;dr3=1.272;dr4=0.932;dr5=1.014,fs.readFileSync(zkey) before the mem call
cpu4,groth16,15,path_prove_ms,1-5,5,264.846,254.091,283.985,dr1=262.847;dr2=264.846;dr3=254.091;dr4=265.44;dr5=283.985,prove_ms of the path call
cpu4,groth16,15,mem_prove_ms,1-5,5,261.792,250.868,462.324,dr1=262.81;dr2=258.822;dr3=250.868;dr4=261.792;dr5=462.324,prove_ms of the mem call
cpu4,groth16,15,paired_diff_path_minus_mem_ms,1-5,5,3.223,-178.339,6.024,dr1=0.037;dr2=6.024;dr3=3.223;dr4=3.648;dr5=-178.339,"path - mem, same diagnostic round"
cpu4,groth16,15,paired_ratio_mem_over_path,1-5,5,0.987316,0.977255,1.62799,dr1=0.999859;dr2=0.977255;dr3=0.987316;dr4=0.986257;dr5=1.62799,"mem / path, same diagnostic round"
cpu4,groth16,15,zkey_readfile_ms,1-5,5,1.282,1.202,1.557,dr1=1.235;dr2=1.202;dr3=1.282;dr4=1.557;dr5=1.437,fs.readFileSync(zkey) before the mem call
cpu4,plonk,5,path_prove_ms,1-5,5,10312.4,10030.7,10437.7,dr1=10437.7;dr2=10216.9;dr3=10312.4;dr4=10030.7;dr5=10383.6,prove_ms of the path call
cpu4,plonk,5,mem_prove_ms,1-5,5,10079.8,10029.9,10281.9,dr1=10281.9;dr2=10049.2;dr3=10079.8;dr4=10029.9;dr5=10276.8,prove_ms of the mem call
cpu4,plonk,5,paired_diff_path_minus_mem_ms,1-5,5,155.785,0.763,232.608,dr1=155.785;dr2=167.721;dr3=232.608;dr4=0.763;dr5=106.768,"path - mem, same diagnostic round"
cpu4,plonk,5,paired_ratio_mem_over_path,1-5,5,0.985075,0.977444,0.999924,dr1=0.985075;dr2=0.983584;dr3=0.977444;dr4=0.999924;dr5=0.989718,"mem / path, same diagnostic round"
cpu4,plonk,5,zkey_readfile_ms,1-5,5,17.789,17.563,19.547,dr1=17.789;dr2=19.547;dr3=17.611;dr4=18.477;dr5=17.563,fs.readFileSync(zkey) before the mem call
cpu4,plonk,10,path_prove_ms,1-5,5,10262,10110.2,11407.9,dr1=10262;dr2=10207.9;dr3=11407.9;dr4=10110.2;dr5=10627.1,prove_ms of the path call
cpu4,plonk,10,mem_prove_ms,1-5,5,10195.1,10140.7,11397.8,dr1=10186.5;dr2=10195.1;dr3=11397.8;dr4=10140.7;dr5=10410.2,prove_ms of the mem call
cpu4,plonk,10,paired_diff_path_minus_mem_ms,1-5,5,12.756,-30.432,216.871,dr1=75.469;dr2=12.756;dr3=10.059;dr4=-30.432;dr5=216.871,"path - mem, same diagnostic round"
cpu4,plonk,10,paired_ratio_mem_over_path,1-5,5,0.99875,0.979593,1.00301,dr1=0.992646;dr2=0.99875;dr3=0.999118;dr4=1.00301;dr5=0.979593,"mem / path, same diagnostic round"
cpu4,plonk,10,zkey_readfile_ms,1-5,5,17.61,17.342,20.365,dr1=17.342;dr2=17.485;dr3=20.166;dr4=20.365;dr5=17.61,fs.readFileSync(zkey) before the mem call
cpu4,plonk,11,path_prove_ms,1-5,5,19768.3,19686.8,22155.7,dr1=19768.3;dr2=19686.8;dr3=22155.7;dr4=19687.5;dr5=20168.5,prove_ms of the path call
cpu4,plonk,11,mem_prove_ms,1-5,5,19789.9,19278.3,20588.5,dr1=19789.9;dr2=19655.6;dr3=20588.5;dr4=19278.3;dr5=20073.8,prove_ms of the mem call
cpu4,plonk,11,paired_diff_path_minus_mem_ms,1-5,5,94.745,-21.558,1567.21,dr1=-21.558;dr2=31.17;dr3=1567.21;dr4=409.165;dr5=94.745,"path - mem, same diagnostic round"
cpu4,plonk,11,paired_ratio_mem_over_path,1-5,5,0.995302,0.929264,1.00109,dr1=1.00109;dr2=0.998417;dr3=0.929264;dr4=0.979217;dr5=0.995302,"mem / path, same diagnostic round"
cpu4,plonk,11,zkey_readfile_ms,1-5,5,36.723,35.721,38.682,dr1=38.08;dr2=35.986;dr3=38.682;dr4=35.721;dr5=36.723,fs.readFileSync(zkey) before the mem call
cpu4,plonk,15,path_prove_ms,1-5,5,19882.9,19508.6,22191.7,dr1=19882.9;dr2=19508.6;dr3=22191.7;dr4=19813.9;dr5=20167.8,prove_ms of the path call
cpu4,plonk,15,mem_prove_ms,1-5,5,19736.1,19539.9,22248.4,dr1=20012.6;dr2=19539.9;dr3=22248.4;dr4=19636;dr5=19736.1,prove_ms of the mem call
cpu4,plonk,15,paired_diff_path_minus_mem_ms,1-5,5,-31.336,-129.758,431.677,dr1=-129.758;dr2=-31.336;dr3=-56.703;dr4=177.909;dr5=431.677,"path - mem, same diagnostic round"
cpu4,plonk,15,paired_ratio_mem_over_path,1-5,5,1.00161,0.978596,1.00653,dr1=1.00653;dr2=1.00161;dr3=1.00256;dr4=0.991021;dr5=0.978596,"mem / path, same diagnostic round"
cpu4,plonk,15,zkey_readfile_ms,1-5,5,38.349,35.521,47.503,dr1=47.503;dr2=35.624;dr3=38.812;dr4=38.349;dr5=35.521,fs.readFileSync(zkey) before the mem call
cpu4,plonk,11/10,A_boundary_d11_over_d10_path,1-5,5,1.92859,1.89784,1.94728,dr1=1.92636;dr2=1.92859;dr3=1.94215;dr4=1.94728;dr5=1.89784,"prove(11)/prove(10), path calls"
cpu4,plonk,11/10,A_boundary_d11_over_d10_mem,1-5,5,1.92794,1.80636,1.94275,dr1=1.94275;dr2=1.92794;dr3=1.80636;dr4=1.90108;dr5=1.92828,"prove(11)/prove(10), mem calls"
cpu4,plonk,10/5,plateau_end_L_d10_over_d5_path,1-5,5,1.00793,0.98317,1.10623,dr1=0.98317;dr2=0.999119;dr3=1.10623;dr4=1.00793;dr5=1.02345,"prove(10)/prove(5), path calls"
cpu4,plonk,10/5,plateau_end_L_d10_over_d5_mem,1-5,5,1.01298,0.990727,1.13076,dr1=0.990727;dr2=1.01452;dr3=1.13076;dr4=1.01104;dr5=1.01298,"prove(10)/prove(5), mem calls"
cpu4,plonk,15/11,plateau_end_U_d15_over_d11_path,1-5,5,1.00162,0.990947,1.00642,dr1=1.00579;dr2=0.990947;dr3=1.00162;dr4=1.00642;dr5=0.999961,"prove(15)/prove(11), path calls"
cpu4,plonk,15/11,plateau_end_U_d15_over_d11_mem,1-5,5,1.01126,0.983177,1.08062,dr1=1.01126;dr2=0.994112;dr3=1.08062;dr4=1.01856;dr5=0.983177,"prove(15)/prove(11), mem calls"
cpu4,groth16,8/7,B_boundary_d8_over_d7_path,1-5,5,1.12392,1.11939,1.20733,dr1=1.16811;dr2=1.12392;dr3=1.11939;dr4=1.11979;dr5=1.20733,"prove(8)/prove(7), path calls"
cpu4,groth16,8/7,B_boundary_d8_over_d7_mem,1-5,5,1.10081,0.688666,1.16859,dr1=1.14853;dr2=1.06857;dr3=1.16859;dr4=1.10081;dr5=0.688666,"prove(8)/prove(7), mem calls"
cpu4,groth16,7/5,plateau_end_L_d7_over_d5_path,1-5,5,1.20406,1.1144,1.9356,dr1=1.1144;dr2=1.20406;dr3=1.20477;dr4=1.13534;dr5=1.9356,"prove(7)/prove(5), path calls"
cpu4,groth16,7/5,plateau_end_L_d7_over_d5_mem,1-5,5,1.18754,1.12512,2.56326,dr1=1.12512;dr2=1.25324;dr3=1.13259;dr4=1.18754;dr5=2.56326,"prove(7)/prove(5), mem calls"
cpu4,groth16,15/8,plateau_end_U_d15_over_d8_path,1-5,5,1.34186,0.808188,1.41968,dr1=1.34186;dr2=1.36643;dr3=1.31344;dr4=1.41968;dr5=0.808188,"prove(15)/prove(8), path calls"
cpu4,groth16,15/8,plateau_end_U_d15_over_d8_mem,1-5,5,1.38746,1.32266,1.84202,dr1=1.40725;dr2=1.38746;dr3=1.32266;dr4=1.36837;dr5=1.84202,"prove(15)/prove(8), mem calls"
cpu8,groth16,5,path_prove_ms,1-5,5,103.061,101.229,106.318,dr1=106.318;dr2=103.072;dr3=101.229;dr4=101.847;dr5=103.061,prove_ms of the path call
cpu8,groth16,5,mem_prove_ms,1-5,5,102.163,100.489,104.655,dr1=103.856;dr2=102.163;dr3=104.655;dr4=100.489;dr5=101.383,prove_ms of the mem call
cpu8,groth16,5,paired_diff_path_minus_mem_ms,1-5,5,1.358,-3.426,2.462,dr1=2.462;dr2=0.909;dr3=-3.426;dr4=1.358;dr5=1.678,"path - mem, same diagnostic round"
cpu8,groth16,5,paired_ratio_mem_over_path,1-5,5,0.986666,0.976843,1.03384,dr1=0.976843;dr2=0.991181;dr3=1.03384;dr4=0.986666;dr5=0.983718,"mem / path, same diagnostic round"
cpu8,groth16,5,zkey_readfile_ms,1-5,5,0.854,0.637,1.212,dr1=0.637;dr2=0.854;dr3=0.739;dr4=0.879;dr5=1.212,fs.readFileSync(zkey) before the mem call
cpu8,groth16,7,path_prove_ms,1-5,5,120.173,119.341,121.609,dr1=120.173;dr2=119.341;dr3=120.485;dr4=120.121;dr5=121.609,prove_ms of the path call
cpu8,groth16,7,mem_prove_ms,1-5,5,121.863,118.195,124.249,dr1=118.195;dr2=120.08;dr3=121.863;dr4=124.249;dr5=123.995,prove_ms of the mem call
cpu8,groth16,7,paired_diff_path_minus_mem_ms,1-5,5,-1.378,-4.128,1.978,dr1=1.978;dr2=-0.739;dr3=-1.378;dr4=-4.128;dr5=-2.386,"path - mem, same diagnostic round"
cpu8,groth16,7,paired_ratio_mem_over_path,1-5,5,1.01144,0.98354,1.03437,dr1=0.98354;dr2=1.00619;dr3=1.01144;dr4=1.03437;dr5=1.01962,"mem / path, same diagnostic round"
cpu8,groth16,7,zkey_readfile_ms,1-5,5,0.885,0.811,1.224,dr1=0.928;dr2=0.811;dr3=1.224;dr4=0.885;dr5=0.838,fs.readFileSync(zkey) before the mem call
cpu8,groth16,8,path_prove_ms,1-5,5,141.394,139.461,144.781,dr1=141.394;dr2=144.781;dr3=140.867;dr4=139.461;dr5=142.44,prove_ms of the path call
cpu8,groth16,8,mem_prove_ms,1-5,5,139.82,137.943,144.696,dr1=139.918;dr2=137.943;dr3=139.82;dr4=138.981;dr5=144.696,prove_ms of the mem call
cpu8,groth16,8,paired_diff_path_minus_mem_ms,1-5,5,1.047,-2.256,6.838,dr1=1.476;dr2=6.838;dr3=1.047;dr4=0.48;dr5=-2.256,"path - mem, same diagnostic round"
cpu8,groth16,8,paired_ratio_mem_over_path,1-5,5,0.992567,0.95277,1.01584,dr1=0.989561;dr2=0.95277;dr3=0.992567;dr4=0.996558;dr5=1.01584,"mem / path, same diagnostic round"
cpu8,groth16,8,zkey_readfile_ms,1-5,5,0.998,0.913,1.166,dr1=1.166;dr2=1.072;dr3=0.998;dr4=0.959;dr5=0.913,fs.readFileSync(zkey) before the mem call
cpu8,groth16,15,path_prove_ms,1-5,5,192.322,190.821,193.919,dr1=192.322;dr2=192.104;dr3=193.919;dr4=190.821;dr5=192.985,prove_ms of the path call
cpu8,groth16,15,mem_prove_ms,1-5,5,189.626,189.08,197.558,dr1=189.626;dr2=189.08;dr3=189.106;dr4=191.294;dr5=197.558,prove_ms of the mem call
cpu8,groth16,15,paired_diff_path_minus_mem_ms,1-5,5,2.696,-4.573,4.813,dr1=2.696;dr2=3.024;dr3=4.813;dr4=-0.473;dr5=-4.573,"path - mem, same diagnostic round"
cpu8,groth16,15,paired_ratio_mem_over_path,1-5,5,0.985982,0.97518,1.0237,dr1=0.985982;dr2=0.984259;dr3=0.97518;dr4=1.00248;dr5=1.0237,"mem / path, same diagnostic round"
cpu8,groth16,15,zkey_readfile_ms,1-5,5,1.213,1.155,1.33,dr1=1.155;dr2=1.169;dr3=1.279;dr4=1.33;dr5=1.213,fs.readFileSync(zkey) before the mem call
cpu8,plonk,5,path_prove_ms,1-5,5,9582.8,9424.98,10379.3,dr1=10028.6;dr2=9442.41;dr3=9582.8;dr4=9424.98;dr5=10379.3,prove_ms of the path call
cpu8,plonk,5,mem_prove_ms,1-5,5,9383.72,9344.95,9399.89,dr1=9399.89;dr2=9374.56;dr3=9344.95;dr4=9383.72;dr5=9398.53,prove_ms of the mem call
cpu8,plonk,5,paired_diff_path_minus_mem_ms,1-5,5,237.85,41.257,980.763,dr1=628.746;dr2=67.855;dr3=237.85;dr4=41.257;dr5=980.763,"path - mem, same diagnostic round"
cpu8,plonk,5,paired_ratio_mem_over_path,1-5,5,0.975179,0.905508,0.995623,dr1=0.937305;dr2=0.992814;dr3=0.975179;dr4=0.995623;dr5=0.905508,"mem / path, same diagnostic round"
cpu8,plonk,5,zkey_readfile_ms,1-5,5,18.169,17.146,19.631,dr1=19.631;dr2=18.297;dr3=17.681;dr4=18.169;dr5=17.146,fs.readFileSync(zkey) before the mem call
cpu8,plonk,10,path_prove_ms,1-5,5,9519.58,9424.93,9559.68,dr1=9529.05;dr2=9559.68;dr3=9486.17;dr4=9519.58;dr5=9424.93,prove_ms of the path call
cpu8,plonk,10,mem_prove_ms,1-5,5,9447.39,9321.13,9542.91,dr1=9542.91;dr2=9321.13;dr3=9447.39;dr4=9460.74;dr5=9374.76,prove_ms of the mem call
cpu8,plonk,10,paired_diff_path_minus_mem_ms,1-5,5,50.171,-13.858,238.546,dr1=-13.858;dr2=238.546;dr3=38.783;dr4=58.843;dr5=50.171,"path - mem, same diagnostic round"
cpu8,plonk,10,paired_ratio_mem_over_path,1-5,5,0.994677,0.975047,1.00145,dr1=1.00145;dr2=0.975047;dr3=0.995912;dr4=0.993819;dr5=0.994677,"mem / path, same diagnostic round"
cpu8,plonk,10,zkey_readfile_ms,1-5,5,18.704,17.076,19.309,dr1=19.18;dr2=17.076;dr3=19.309;dr4=18.669;dr5=18.704,fs.readFileSync(zkey) before the mem call
cpu8,plonk,11,path_prove_ms,1-5,5,18589.4,18438.3,21246.1,dr1=18492.7;dr2=18438.3;dr3=18618.3;dr4=18589.4;dr5=21246.1,prove_ms of the path call
cpu8,plonk,11,mem_prove_ms,1-5,5,18515.8,18467.3,21061,dr1=18804.1;dr2=18507.9;dr3=18515.8;dr4=18467.3;dr5=21061,prove_ms of the mem call
cpu8,plonk,11,paired_diff_path_minus_mem_ms,1-5,5,102.537,-311.389,185.102,dr1=-311.389;dr2=-69.562;dr3=102.537;dr4=122.104;dr5=185.102,"path - mem, same diagnostic round"
cpu8,plonk,11,paired_ratio_mem_over_path,1-5,5,0.994493,0.991288,1.01684,dr1=1.01684;dr2=1.00377;dr3=0.994493;dr4=0.993432;dr5=0.991288,"mem / path, same diagnostic round"
cpu8,plonk,11,zkey_readfile_ms,1-5,5,37.73,34.183,38.274,dr1=34.183;dr2=35.575;dr3=37.73;dr4=38.274;dr5=38.208,fs.readFileSync(zkey) before the mem call
cpu8,plonk,15,path_prove_ms,1-5,5,18690,18424.5,18715.6,dr1=18713.2;dr2=18424.5;dr3=18715.6;dr4=18538.3;dr5=18690,prove_ms of the path call
cpu8,plonk,15,mem_prove_ms,1-5,5,18566.9,18431.2,18596.1,dr1=18588.5;dr2=18566.9;dr3=18431.2;dr4=18434.5;dr5=18596.1,prove_ms of the mem call
cpu8,plonk,15,paired_diff_path_minus_mem_ms,1-5,5,103.773,-142.456,284.364,dr1=124.675;dr2=-142.456;dr3=284.364;dr4=103.773;dr5=93.981,"path - mem, same diagnostic round"
cpu8,plonk,15,paired_ratio_mem_over_path,1-5,5,0.994402,0.984806,1.00773,dr1=0.993338;dr2=1.00773;dr3=0.984806;dr4=0.994402;dr5=0.994972,"mem / path, same diagnostic round"
cpu8,plonk,15,zkey_readfile_ms,1-5,5,37.157,34.427,38.897,dr1=34.427;dr2=37.184;dr3=38.897;dr4=37.157;dr5=35.581,fs.readFileSync(zkey) before the mem call
cpu8,plonk,11/10,A_boundary_d11_over_d10_path,1-5,5,1.95276,1.92876,2.25425,dr1=1.94067;dr2=1.92876;dr3=1.96268;dr4=1.95276;dr5=2.25425,"prove(11)/prove(10), path calls"
cpu8,plonk,11/10,A_boundary_d11_over_d10_mem,1-5,5,1.97048,1.952,2.24657,dr1=1.97048;dr2=1.98558;dr3=1.95988;dr4=1.952;dr5=2.24657,"prove(11)/prove(10), mem calls"
cpu8,plonk,10/5,plateau_end_L_d10_over_d5_path,1-5,5,0.989916,0.908052,1.01242,dr1=0.950184;dr2=1.01242;dr3=0.989916;dr4=1.01004;dr5=0.908052,"prove(10)/prove(5), path calls"
cpu8,plonk,10/5,plateau_end_L_d10_over_d5_mem,1-5,5,1.00821,0.994301,1.01521,dr1=1.01521;dr2=0.994301;dr3=1.01096;dr4=1.00821;dr5=0.997471,"prove(10)/prove(5), mem calls"
cpu8,plonk,15/11,plateau_end_U_d15_over_d11_path,1-5,5,0.999248,0.879692,1.01192,dr1=1.01192;dr2=0.999248;dr3=1.00522;dr4=0.997247;dr5=0.879692,"prove(15)/prove(11), path calls"
cpu8,plonk,15/11,plateau_end_U_d15_over_d11_mem,1-5,5,0.995433,0.882961,1.00319,dr1=0.988534;dr2=1.00319;dr3=0.995433;dr4=0.998222;dr5=0.882961,"prove(15)/prove(11), mem calls"
cpu8,groth16,8/7,B_boundary_d8_over_d7_path,1-5,5,1.17129,1.161,1.21317,dr1=1.17659;dr2=1.21317;dr3=1.16917;dr4=1.161;dr5=1.17129,"prove(8)/prove(7), path calls"
cpu8,groth16,8/7,B_boundary_d8_over_d7_mem,1-5,5,1.14876,1.11857,1.18379,dr1=1.18379;dr2=1.14876;dr3=1.14735;dr4=1.11857;dr5=1.16695,"prove(8)/prove(7), mem calls"
cpu8,groth16,7/5,plateau_end_L_d7_over_d5_path,1-5,5,1.17943,1.13032,1.19022,dr1=1.13032;dr2=1.15784;dr3=1.19022;dr4=1.17943;dr5=1.17997,"prove(7)/prove(5), path calls"
cpu8,groth16,7/5,plateau_end_L_d7_over_d5_mem,1-5,5,1.17538,1.13807,1.23644,dr1=1.13807;dr2=1.17538;dr3=1.16443;dr4=1.23644;dr5=1.22304,"prove(7)/prove(5), mem calls"
cpu8,groth16,15/8,plateau_end_U_d15_over_d8_path,1-5,5,1.36019,1.32686,1.37661,dr1=1.36019;dr2=1.32686;dr3=1.37661;dr4=1.36828;dr5=1.35485,"prove(15)/prove(8), path calls"
cpu8,groth16,15/8,plateau_end_U_d15_over_d8_mem,1-5,5,1.36533,1.3525,1.3764,dr1=1.35527;dr2=1.37071;dr3=1.3525;dr4=1.3764;dr5=1.36533,"prove(15)/prove(8), mem calls"
