profile_id,backend,depth,stage,role,rounds,n,median,q1,q3,iqr,min,max
cpu2,groth16,5,input_ms,stage,1-5,5,0.844,0.803,0.851,0.048,0.771,1.502
cpu2,groth16,5,witness_ms,stage,1-5,5,22.641,22.334,23.309,0.975,19.745,27.562
cpu2,groth16,5,prove_ms,stage,1-5,5,248.817,239.769,256.783,17.014,237.506,278.562
cpu2,groth16,5,verify_first_ms,stage,1-5,5,12.975,10.133,16.71,6.577,9.759,17.979
cpu2,groth16,5,verify_steady_ms,stage,1-5,5,10.843,10.286,11.271,0.985,9.649,12.505
cpu2,groth16,5,wall_ms,total,1-5,5,289.636,278.315,295.351,17.036,271.121,315.048
cpu2,groth16,5,stage_sum_ms,diagnostic,1-5,5,289.607,278.295,295.321,17.026,271.101,315.03
cpu2,groth16,6,input_ms,stage,1-5,5,0.821,0.798,0.823,0.025,0.682,1.331
cpu2,groth16,6,witness_ms,stage,1-5,5,23.4,22.872,24.132,1.26,19.535,25.908
cpu2,groth16,6,prove_ms,stage,1-5,5,289.735,277.851,297.15,19.299,241.397,299.423
cpu2,groth16,6,verify_first_ms,stage,1-5,5,11.362,10.825,13.288,2.463,9.936,16.464
cpu2,groth16,6,verify_steady_ms,stage,1-5,5,11.013,10.615,11.073,0.458,10.025,13.427
cpu2,groth16,6,wall_ms,total,1-5,5,328.871,312.757,330.276,17.519,281.572,334.345
cpu2,groth16,6,stage_sum_ms,diagnostic,1-5,5,328.844,312.742,330.261,17.519,281.553,334.331
cpu2,groth16,7,input_ms,stage,1-5,5,0.858,0.817,0.859,0.042,0.758,0.931
cpu2,groth16,7,witness_ms,stage,1-5,5,24.336,23.055,25.318,2.263,22.082,28.681
cpu2,groth16,7,prove_ms,stage,1-5,5,293.379,275.804,294.262,18.458,269.96,322.461
cpu2,groth16,7,verify_first_ms,stage,1-5,5,12.405,10.16,12.938,2.778,9.777,16.736
cpu2,groth16,7,verify_steady_ms,stage,1-5,5,10.607,10.229,12.2,1.971,9.785,12.237
cpu2,groth16,7,wall_ms,total,1-5,5,330.555,311.258,332.609,21.351,309.652,361.595
cpu2,groth16,7,stage_sum_ms,diagnostic,1-5,5,330.54,311.23,332.595,21.365,309.636,361.576
cpu2,groth16,8,input_ms,stage,1-5,5,1.171,1.13,1.179,0.049,1.005,1.371
cpu2,groth16,8,witness_ms,stage,1-5,5,23.3,23.134,25.561,2.427,20.463,25.679
cpu2,groth16,8,prove_ms,stage,1-5,5,339.162,325.044,349.255,24.211,314.891,353.993
cpu2,groth16,8,verify_first_ms,stage,1-5,5,12.35,12.25,12.376,0.126,10.808,15.014
cpu2,groth16,8,verify_steady_ms,stage,1-5,5,11.236,11.069,11.484,0.415,10.432,11.971
cpu2,groth16,8,wall_ms,total,1-5,5,378.238,360.346,387.833,27.487,351.787,391.022
cpu2,groth16,8,stage_sum_ms,diagnostic,1-5,5,378.221,360.331,387.811,27.48,351.771,391.001
cpu2,groth16,9,input_ms,stage,1-5,5,1.961,1.824,1.972,0.148,1.763,5.121
cpu2,groth16,9,witness_ms,stage,1-5,5,24.338,23.417,25.158,1.741,22.053,28.899
cpu2,groth16,9,prove_ms,stage,1-5,5,345.742,344.037,371.353,27.316,340.759,380.506
cpu2,groth16,9,verify_first_ms,stage,1-5,5,12.726,10.381,12.735,2.354,10.12,16.936
cpu2,groth16,9,verify_steady_ms,stage,1-5,5,9.936,9.872,10.624,0.752,9.569,12.314
cpu2,groth16,9,wall_ms,total,1-5,5,387.97,381.06,414.976,33.916,377.517,420.361
cpu2,groth16,9,stage_sum_ms,diagnostic,1-5,5,387.955,381.042,414.959,33.917,377.499,420.346
cpu2,groth16,10,input_ms,stage,1-5,5,2.864,2.743,2.927,0.184,2.661,3.138
cpu2,groth16,10,witness_ms,stage,1-5,5,22.023,21.443,26.343,4.9,21.351,26.817
cpu2,groth16,10,prove_ms,stage,1-5,5,378.158,372.856,394.638,21.782,365.872,398.882
cpu2,groth16,10,verify_first_ms,stage,1-5,5,11.274,11.062,11.9,0.838,9.812,12.455
cpu2,groth16,10,verify_steady_ms,stage,1-5,5,10.698,10.04,10.777,0.737,9.991,12.214
cpu2,groth16,10,wall_ms,total,1-5,5,418.716,408.915,428.578,19.663,402.003,441.097
cpu2,groth16,10,stage_sum_ms,diagnostic,1-5,5,418.7,408.896,428.555,19.659,401.986,441.081
cpu2,groth16,11,input_ms,stage,1-5,5,6.683,6.191,7.055,0.864,5.535,7.681
cpu2,groth16,11,witness_ms,stage,1-5,5,27.479,25.244,27.833,2.589,24.381,30.193
cpu2,groth16,11,prove_ms,stage,1-5,5,379.045,378.363,383.707,5.344,360.047,391.83
cpu2,groth16,11,verify_first_ms,stage,1-5,5,10.913,10.613,11.705,1.092,10.38,12.682
cpu2,groth16,11,verify_steady_ms,stage,1-5,5,9.937,9.909,10.245,0.336,9.408,10.461
cpu2,groth16,11,wall_ms,total,1-5,5,423.347,421.684,430.319,8.635,407.857,434.449
cpu2,groth16,11,stage_sum_ms,diagnostic,1-5,5,423.328,421.667,430.299,8.632,407.836,434.43
cpu2,groth16,12,input_ms,stage,1-5,5,9.809,9.31,15.945,6.635,8.907,16.33
cpu2,groth16,12,witness_ms,stage,1-5,5,26.557,24.613,26.997,2.384,22.84,29.105
cpu2,groth16,12,prove_ms,stage,1-5,5,419.104,414.073,419.528,5.455,402.793,419.57
cpu2,groth16,12,verify_first_ms,stage,1-5,5,10.395,10.298,11.069,0.771,9.973,12.537
cpu2,groth16,12,verify_steady_ms,stage,1-5,5,11.023,10.09,11.597,1.507,9.875,12.673
cpu2,groth16,12,wall_ms,total,1-5,5,464.18,463.438,472.026,8.588,445.272,474.957
cpu2,groth16,12,stage_sum_ms,diagnostic,1-5,5,464.159,463.416,472.003,8.587,445.241,474.933
cpu2,groth16,13,input_ms,stage,1-5,5,27.602,27.51,31.54,4.03,25.113,33.549
cpu2,groth16,13,witness_ms,stage,1-5,5,32.578,30.435,32.651,2.216,29.872,38.354
cpu2,groth16,13,prove_ms,stage,1-5,5,437.801,421.178,445.386,24.208,419.861,472.125
cpu2,groth16,13,verify_first_ms,stage,1-5,5,10.442,10.357,12.779,2.422,9.563,12.854
cpu2,groth16,13,verify_steady_ms,stage,1-5,5,10.469,10.407,10.517,0.11,10.108,11.02
cpu2,groth16,13,wall_ms,total,1-5,5,506.159,494.437,524.22,29.783,490.853,546.012
cpu2,groth16,13,stage_sum_ms,diagnostic,1-5,5,506.128,494.41,524.196,29.786,490.829,545.989
cpu2,groth16,14,input_ms,stage,1-5,5,49.572,46.602,53.609,7.007,46.333,59.236
cpu2,groth16,14,witness_ms,stage,1-5,5,29.893,29.818,30.489,0.671,29.693,38.871
cpu2,groth16,14,prove_ms,stage,1-5,5,439.296,435.423,459.962,24.539,433.028,466.12
cpu2,groth16,14,verify_first_ms,stage,1-5,5,11.799,9.959,13.108,3.149,9.937,14.361
cpu2,groth16,14,verify_steady_ms,stage,1-5,5,10.477,10.06,10.698,0.638,9.917,11.726
cpu2,groth16,14,wall_ms,total,1-5,5,540.245,539.901,546.363,6.462,528.615,552.106
cpu2,groth16,14,stage_sum_ms,diagnostic,1-5,5,540.224,539.869,546.34,6.471,528.593,552.083
cpu2,groth16,15,input_ms,stage,1-5,5,119.111,118.029,120.613,2.584,108.253,126.577
cpu2,groth16,15,witness_ms,stage,1-5,5,36.618,30.334,37.097,6.763,27.372,38.882
cpu2,groth16,15,prove_ms,stage,1-5,5,490.249,489.492,498.429,8.937,488.365,504.173
cpu2,groth16,15,verify_first_ms,stage,1-5,5,12.972,12.568,14.221,1.653,10.111,19.236
cpu2,groth16,15,verify_steady_ms,stage,1-5,5,12.367,10.431,12.403,1.972,10.317,12.698
cpu2,groth16,15,wall_ms,total,1-5,5,658.998,657.298,666.417,9.119,652.507,667.636
cpu2,groth16,15,stage_sum_ms,diagnostic,1-5,5,658.971,657.271,666.379,9.108,652.473,667.609
cpu2,groth16,5,input_ms,stage,1-10,10,0.7975,0.774,0.84925,0.07525,0.606,1.502
cpu2,groth16,5,witness_ms,stage,1-10,10,22.4875,21.5802,24.9432,3.363,19.745,27.562
cpu2,groth16,5,prove_ms,stage,1-10,10,266.399,250.809,271.624,20.815,237.506,281.181
cpu2,groth16,5,verify_first_ms,stage,1-10,10,11.8895,10.2918,13.812,3.52025,9.759,17.979
cpu2,groth16,5,verify_steady_ms,stage,1-10,10,11.017,10.1465,11.4083,1.26175,9.649,12.505
cpu2,groth16,5,wall_ms,total,1-10,10,303.062,291.065,309.463,18.3983,271.121,315.048
cpu2,groth16,5,stage_sum_ms,diagnostic,1-10,10,303.046,291.036,309.439,18.404,271.101,315.03
cpu2,groth16,6,input_ms,stage,1-10,10,0.822,0.77325,1.394,0.62075,0.673,1.845
cpu2,groth16,6,witness_ms,stage,1-10,10,22.898,22.5055,23.949,1.4435,19.535,25.908
cpu2,groth16,6,prove_ms,stage,1-10,10,286.106,278.692,295.296,16.6047,241.397,299.423
cpu2,groth16,6,verify_first_ms,stage,1-10,10,12.459,10.9592,12.7037,1.7445,9.936,16.464
cpu2,groth16,6,verify_steady_ms,stage,1-10,10,10.6415,10.1852,11.0095,0.82425,9.607,13.427
cpu2,groth16,6,wall_ms,total,1-10,10,323.008,313.71,329.925,16.2145,281.572,334.5
cpu2,groth16,6,stage_sum_ms,diagnostic,1-10,10,322.995,313.695,329.907,16.2115,281.553,334.482
cpu2,groth16,7,input_ms,stage,1-10,10,0.87,0.85825,0.92975,0.0715,0.758,1.667
cpu2,groth16,7,witness_ms,stage,1-10,10,23.6955,22.253,25.7312,3.47825,21.643,28.681
cpu2,groth16,7,prove_ms,stage,1-10,10,294.82,293.506,302.064,8.558,269.96,343.581
cpu2,groth16,7,verify_first_ms,stage,1-10,10,11.6825,10.025,13.0025,2.9775,9.667,16.736
cpu2,groth16,7,verify_steady_ms,stage,1-10,10,10.731,10.2237,11.6605,1.43675,9.785,12.237
cpu2,groth16,7,wall_ms,total,1-10,10,333.115,328.174,339.037,10.8635,309.652,379.254
cpu2,groth16,7,stage_sum_ms,diagnostic,1-10,10,333.1,328.159,339.022,10.8625,309.636,379.234
cpu2,groth16,8,input_ms,stage,1-10,10,1.2565,1.14025,1.8945,0.75425,1.005,2.1
cpu2,groth16,8,witness_ms,stage,1-10,10,23.7065,23.1755,24.5785,1.403,20.463,25.679
cpu2,groth16,8,prove_ms,stage,1-10,10,339.263,327.615,347.5,19.8845,314.891,353.993
cpu2,groth16,8,verify_first_ms,stage,1-10,10,11.189,10.682,12.325,1.643,9.78,15.014
cpu2,groth16,8,verify_steady_ms,stage,1-10,10,11.1525,10.7538,11.5403,0.7865,10.432,12.137
cpu2,groth16,8,wall_ms,total,1-10,10,376.321,363.331,384.549,21.218,351.787,391.022
cpu2,groth16,8,stage_sum_ms,diagnostic,1-10,10,376.303,363.316,384.527,21.2108,351.771,391.001
cpu2,groth16,9,input_ms,stage,1-10,10,1.8295,1.7705,1.96925,0.19875,1.745,5.121
cpu2,groth16,9,witness_ms,stage,1-10,10,24.449,23.2505,26.988,3.7375,22.053,28.899
cpu2,groth16,9,prove_ms,stage,1-10,10,359.062,347.64,368.868,21.228,340.759,380.506
cpu2,groth16,9,verify_first_ms,stage,1-10,10,11.058,10.5077,12.7327,2.225,10.111,16.936
cpu2,groth16,9,verify_steady_ms,stage,1-10,10,10.344,9.888,11.3382,1.45025,9.569,12.318
cpu2,groth16,9,wall_ms,total,1-10,10,397.34,389.351,411.647,22.2962,377.517,420.361
cpu2,groth16,9,stage_sum_ms,diagnostic,1-10,10,397.318,389.336,411.63,22.2945,377.499,420.346
cpu2,groth16,10,input_ms,stage,1-10,10,2.8035,2.66625,3.023,0.35675,2.594,3.459
cpu2,groth16,10,witness_ms,stage,1-10,10,24.8135,22.3603,26.5343,4.174,21.351,30.308
cpu2,groth16,10,prove_ms,stage,1-10,10,380.753,373.515,391.854,18.3392,353.367,398.882
cpu2,groth16,10,verify_first_ms,stage,1-10,10,11.168,10.827,11.8733,1.04625,9.812,21.82
cpu2,groth16,10,verify_steady_ms,stage,1-10,10,10.7375,10.1532,11.7027,1.5495,9.991,12.214
cpu2,groth16,10,wall_ms,total,1-10,10,419.92,410.184,433.115,22.931,391.486,441.097
cpu2,groth16,10,stage_sum_ms,diagnostic,1-10,10,419.904,410.165,433.091,22.926,391.467,441.081
cpu2,groth16,11,input_ms,stage,1-10,10,6.437,5.78475,7.1615,1.37675,5.535,7.681
cpu2,groth16,11,witness_ms,stage,1-10,10,27.123,24.9785,28.5087,3.53025,24.248,30.73
cpu2,groth16,11,prove_ms,stage,1-10,10,387.769,378.534,405.873,27.339,360.047,429.876
cpu2,groth16,11,verify_first_ms,stage,1-10,10,11.087,10.688,11.6297,0.94175,10.38,12.682
cpu2,groth16,11,verify_steady_ms,stage,1-10,10,10.353,9.95125,10.8955,0.94425,9.408,12.718
cpu2,groth16,11,wall_ms,total,1-10,10,432.384,422.1,447.537,25.4373,407.857,476.987
cpu2,groth16,11,stage_sum_ms,diagnostic,1-10,10,432.365,422.082,447.517,25.4352,407.836,476.966
cpu2,groth16,12,input_ms,stage,1-10,10,16.1375,10.1785,16.832,6.6535,8.907,18.652
cpu2,groth16,12,witness_ms,stage,1-10,10,26.814,25.261,28.2485,2.9875,22.84,31.883
cpu2,groth16,12,prove_ms,stage,1-10,10,417.636,414.133,419.422,5.289,398.655,429.451
cpu2,groth16,12,verify_first_ms,stage,1-10,10,10.9135,10.3223,11.9462,1.624,9.973,12.811
cpu2,groth16,12,verify_steady_ms,stage,1-10,10,10.725,10.039,10.978,0.939,9.875,12.673
cpu2,groth16,12,wall_ms,total,1-10,10,470.641,463.623,472.073,8.44975,445.272,487.083
cpu2,groth16,12,stage_sum_ms,diagnostic,1-10,10,470.62,463.602,472.053,8.4515,445.241,487.056
cpu2,groth16,13,input_ms,stage,1-10,10,31.0885,27.533,31.5902,4.05725,24.827,33.549
cpu2,groth16,13,witness_ms,stage,1-10,10,30.775,29.8075,32.6328,2.82525,28.08,38.354
cpu2,groth16,13,prove_ms,stage,1-10,10,441.95,425.334,454.242,28.9083,407.386,472.125
cpu2,groth16,13,verify_first_ms,stage,1-10,10,11.679,10.5035,12.7413,2.23775,9.563,21.388
cpu2,groth16,13,verify_steady_ms,stage,1-10,10,10.5085,10.4247,10.8332,0.4085,10.108,11.615
cpu2,groth16,13,wall_ms,total,1-10,10,515.151,497.368,527.68,30.313,479.495,546.012
cpu2,groth16,13,stage_sum_ms,diagnostic,1-10,10,515.124,497.34,527.646,30.3065,479.467,545.989
cpu2,groth16,14,input_ms,stage,1-10,10,55.9765,50.5813,58.4925,7.91125,46.333,59.236
cpu2,groth16,14,witness_ms,stage,1-10,10,29.8555,28.2447,30.4083,2.1635,25.99,38.871
cpu2,groth16,14,prove_ms,stage,1-10,10,455.54,441.73,468.251,26.5208,433.028,486.352
cpu2,groth16,14,verify_first_ms,stage,1-10,10,10.9735,10.0125,12.603,2.5905,9.814,14.361
cpu2,groth16,14,verify_steady_ms,stage,1-10,10,10.5875,10.0525,10.9965,0.944,9.797,12.631
cpu2,groth16,14,wall_ms,total,1-10,10,548.766,540.912,561.561,20.6485,528.615,588.13
cpu2,groth16,14,stage_sum_ms,diagnostic,1-10,10,548.742,540.89,561.537,20.6463,528.593,588.102
cpu2,groth16,15,input_ms,stage,1-10,10,120.722,118.299,124.059,5.76,100.964,126.812
cpu2,groth16,15,witness_ms,stage,1-10,10,29.8945,28.6913,35.6505,6.95925,27.148,38.882
cpu2,groth16,15,prove_ms,stage,1-10,10,485.759,471.02,490.06,19.0398,444.303,504.173
cpu2,groth16,15,verify_first_ms,stage,1-10,10,12.6725,11.0642,13.5885,2.52425,10.044,19.236
cpu2,groth16,15,verify_steady_ms,stage,1-10,10,11.0095,10.3455,12.3135,1.968,9.828,12.698
cpu2,groth16,15,wall_ms,total,1-10,10,651.424,628.791,658.573,29.7818,605.72,667.636
cpu2,groth16,15,stage_sum_ms,diagnostic,1-10,10,651.394,628.764,658.546,29.7815,605.69,667.609
cpu2,groth16,5,input_ms,stage,6-10,5,0.783,0.698,0.792,0.094,0.606,1.465
cpu2,groth16,5,witness_ms,stage,6-10,5,21.65,21.557,25.488,3.931,21.282,27.041
cpu2,groth16,5,prove_ms,stage,6-10,5,270.863,269.317,271.877,2.56,263.482,281.181
cpu2,groth16,5,verify_first_ms,stage,6-10,5,11.228,10.432,12.551,2.119,10.245,14.091
cpu2,groth16,5,verify_steady_ms,stage,6-10,5,11.191,10.1,11.454,1.354,10.051,12.392
cpu2,groth16,5,wall_ms,total,6-10,5,305.698,304.363,310.718,6.355,301.762,314.194
cpu2,groth16,5,stage_sum_ms,diagnostic,6-10,5,305.664,304.346,310.698,6.352,301.746,314.173
cpu2,groth16,6,input_ms,stage,6-10,5,1.415,0.765,1.446,0.681,0.673,1.845
cpu2,groth16,6,witness_ms,stage,6-10,5,22.651,22.457,22.924,0.467,22.152,24.154
cpu2,groth16,6,prove_ms,stage,6-10,5,285.184,281.213,287.029,5.816,277.157,297.232
cpu2,groth16,6,verify_first_ms,stage,6-10,5,12.493,12.425,12.553,0.128,10.482,12.754
cpu2,groth16,6,verify_steady_ms,stage,6-10,5,10.57,10.057,10.668,0.611,9.607,10.999
cpu2,groth16,6,wall_ms,total,6-10,5,322.576,316.57,323.439,6.869,311.994,334.5
cpu2,groth16,6,stage_sum_ms,diagnostic,6-10,5,322.564,316.555,323.425,6.87,311.978,334.482
cpu2,groth16,7,input_ms,stage,6-10,5,0.926,0.878,0.991,0.113,0.862,1.667
cpu2,groth16,7,witness_ms,stage,6-10,5,22.766,21.768,25.869,4.101,21.643,26.439
cpu2,groth16,7,prove_ms,stage,6-10,5,299.192,295.378,303.021,7.643,293.886,343.581
cpu2,groth16,7,verify_first_ms,stage,6-10,5,10.96,9.98,13.024,3.044,9.667,13.691
cpu2,groth16,7,verify_steady_ms,stage,6-10,5,10.855,10.222,10.894,0.672,10.016,11.916
cpu2,groth16,7,wall_ms,total,6-10,5,335.945,333.621,340.068,6.447,327.38,379.254
cpu2,groth16,7,stage_sum_ms,diagnostic,6-10,5,335.929,333.605,340.053,6.448,327.366,379.234
cpu2,groth16,8,input_ms,stage,6-10,5,2.069,1.334,2.097,0.763,1.063,2.1
cpu2,groth16,8,witness_ms,stage,6-10,5,23.817,23.596,24.232,0.636,22.905,24.694
cpu2,groth16,8,prove_ms,stage,6-10,5,339.364,335.329,343.398,8.069,319.017,348.867
cpu2,groth16,8,verify_first_ms,stage,6-10,5,10.64,10.182,10.916,0.734,9.78,11.462
cpu2,groth16,8,verify_steady_ms,stage,6-10,5,10.987,10.676,11.559,0.883,10.478,12.137
cpu2,groth16,8,wall_ms,total,6-10,5,374.44,372.287,378.201,5.914,355.371,386.653
cpu2,groth16,8,stage_sum_ms,diagnostic,6-10,5,374.426,372.272,378.181,5.909,355.353,386.629
cpu2,groth16,9,input_ms,stage,6-10,5,1.793,1.761,1.835,0.074,1.745,2.534
cpu2,groth16,9,witness_ms,stage,6-10,5,24.56,23.195,27.598,4.403,23.038,28.24
cpu2,groth16,9,prove_ms,stage,6-10,5,360.597,357.528,361.413,3.885,353.334,379.366
cpu2,groth16,9,verify_first_ms,stage,6-10,5,11.04,10.888,11.076,0.188,10.111,15.642
cpu2,groth16,9,verify_steady_ms,stage,6-10,5,11.147,10.064,11.402,1.338,9.85,12.318
cpu2,groth16,9,wall_ms,total,6-10,5,397.988,396.692,401.662,4.97,393.495,417.55
cpu2,groth16,9,stage_sum_ms,diagnostic,6-10,5,397.969,396.667,401.644,4.977,393.478,417.535
cpu2,groth16,10,input_ms,stage,6-10,5,2.682,2.649,3.055,0.406,2.594,3.459
cpu2,groth16,10,witness_ms,stage,6-10,5,25.913,23.714,26.598,2.884,23.372,30.308
cpu2,groth16,10,prove_ms,stage,6-10,5,383.348,375.492,383.503,8.011,353.367,396.43
cpu2,groth16,10,verify_first_ms,stage,6-10,5,10.929,10.793,11.793,1,9.918,21.82
cpu2,groth16,10,verify_steady_ms,stage,6-10,5,10.814,10.49,11.999,1.509,10.041,12.08
cpu2,groth16,10,wall_ms,total,6-10,5,421.124,413.99,434.627,20.637,391.486,440.603
cpu2,groth16,10,stage_sum_ms,diagnostic,6-10,5,421.109,413.972,434.603,20.631,391.467,440.586
cpu2,groth16,11,input_ms,stage,6-10,5,6.108,5.677,7.197,1.52,5.571,7.664
cpu2,groth16,11,witness_ms,stage,6-10,5,26.767,24.89,28.734,3.844,24.248,30.73
cpu2,groth16,11,prove_ms,stage,6-10,5,408.246,398.752,422.118,23.366,374.74,429.876
cpu2,groth16,11,verify_first_ms,stage,6-10,5,11.16,11.014,11.404,0.39,10.536,12.321
cpu2,groth16,11,verify_steady_ms,stage,6-10,5,11.011,10.549,11.533,0.984,9.994,12.718
cpu2,groth16,11,wall_ms,total,6-10,5,448.726,443.97,471.546,27.576,416.632,476.987
cpu2,groth16,11,stage_sum_ms,diagnostic,6-10,5,448.707,443.949,471.526,27.577,416.605,476.966
cpu2,groth16,12,input_ms,stage,6-10,5,16.874,16.706,18.532,1.826,11.287,18.652
cpu2,groth16,12,witness_ms,stage,6-10,5,27.92,26.631,28.358,1.727,24.829,31.883
cpu2,groth16,12,prove_ms,stage,6-10,5,416.829,414.313,418.443,4.13,398.655,429.451
cpu2,groth16,12,verify_first_ms,stage,6-10,5,11.572,10.758,12.071,1.313,10.093,12.811
cpu2,groth16,12,verify_steady_ms,stage,6-10,5,10.618,10.022,10.832,0.81,10.011,10.843
cpu2,groth16,12,wall_ms,total,6-10,5,471.893,469.39,472.089,2.699,456.328,487.083
cpu2,groth16,12,stage_sum_ms,diagnostic,6-10,5,471.872,469.367,472.07,2.703,456.304,487.056
cpu2,groth16,13,input_ms,stage,6-10,5,31.148,31.029,31.607,0.578,24.827,32.468
cpu2,groth16,13,witness_ms,stage,6-10,5,29.786,28.123,31.115,2.992,28.08,35.069
cpu2,groth16,13,prove_ms,stage,6-10,5,443.873,440.027,457.194,17.167,407.386,460.375
cpu2,groth16,13,verify_first_ms,stage,6-10,5,12.33,11.028,12.628,1.6,10.688,21.388
cpu2,groth16,13,verify_steady_ms,stage,6-10,5,10.681,10.5,10.884,0.384,10.41,11.615
cpu2,groth16,13,wall_ms,total,6-10,5,515.476,514.827,528.834,14.007,479.495,541.687
cpu2,groth16,13,stage_sum_ms,diagnostic,6-10,5,515.45,514.798,528.796,13.998,479.467,541.659
cpu2,groth16,14,input_ms,stage,6-10,5,57.831,55.984,58.713,2.729,55.969,59.207
cpu2,groth16,14,witness_ms,stage,6-10,5,27.762,26.783,30.166,3.383,25.99,32.802
cpu2,groth16,14,prove_ms,stage,6-10,5,468.961,451.118,470.475,19.357,449.032,486.352
cpu2,groth16,14,verify_first_ms,stage,6-10,5,10.467,10.173,11.48,1.307,9.814,12.871
cpu2,groth16,14,verify_steady_ms,stage,6-10,5,10.698,10.05,11.096,1.046,9.797,12.631
cpu2,groth16,14,wall_ms,total,6-10,5,564.712,551.169,565.153,13.984,542.913,588.13
cpu2,groth16,14,stage_sum_ms,diagnostic,6-10,5,564.688,551.144,565.124,13.98,542.89,588.102
cpu2,groth16,15,input_ms,stage,6-10,5,123.653,120.832,124.195,3.363,100.964,126.812
cpu2,groth16,15,witness_ms,stage,6-10,5,28.704,28.687,29.455,0.768,27.148,32.748
cpu2,groth16,15,prove_ms,stage,6-10,5,470.207,459.272,473.459,14.187,444.303,483.153
cpu2,groth16,15,verify_first_ms,stage,6-10,5,11.974,10.761,12.777,2.016,10.044,13.794
cpu2,groth16,15,verify_steady_ms,stage,6-10,5,10.984,10.156,11.035,0.879,9.828,12.153
cpu2,groth16,15,wall_ms,total,6-10,5,627.538,616.941,632.551,15.61,605.72,650.342
cpu2,groth16,15,stage_sum_ms,diagnostic,6-10,5,627.513,616.903,632.519,15.616,605.69,650.315
cpu2,plonk,5,input_ms,stage,1-5,5,0.797,0.759,1.175,0.416,0.745,1.498
cpu2,plonk,5,witness_ms,stage,1-5,5,22.986,22.149,26.261,4.112,18.793,28.556
cpu2,plonk,5,prove_ms,stage,1-5,5,12301.9,12045.4,12936.2,890.856,11890.7,13302.8
cpu2,plonk,5,verify_first_ms,stage,1-5,5,10.089,9.22,10.306,1.086,9.205,10.987
cpu2,plonk,5,verify_steady_ms,stage,1-5,5,7.363,7.327,7.738,0.411,7.281,7.765
cpu2,plonk,5,wall_ms,total,1-5,5,12331.4,12078.6,12972.9,894.314,11931,13336.7
cpu2,plonk,5,stage_sum_ms,diagnostic,1-5,5,12331.4,12078.6,12972.9,894.312,11931,13336.7
cpu2,plonk,6,input_ms,stage,1-5,5,1.362,0.882,1.426,0.544,0.793,1.443
cpu2,plonk,6,witness_ms,stage,1-5,5,25.607,22.249,25.759,3.51,20.095,28.909
cpu2,plonk,6,prove_ms,stage,1-5,5,12110.3,12108.4,12232.4,123.952,11945.1,13316.2
cpu2,plonk,6,verify_first_ms,stage,1-5,5,11.2,11.127,11.402,0.275,7.742,11.727
cpu2,plonk,6,verify_steady_ms,stage,1-5,5,7.536,7.325,8.544,1.219,7.275,8.579
cpu2,plonk,6,wall_ms,total,1-5,5,12150.1,12148.7,12270.5,121.88,11976.5,13348.3
cpu2,plonk,6,stage_sum_ms,diagnostic,1-5,5,12150.1,12148.6,12270.5,121.88,11976.5,13348.2
cpu2,plonk,7,input_ms,stage,1-5,5,0.946,0.941,0.995,0.054,0.708,0.999
cpu2,plonk,7,witness_ms,stage,1-5,5,24.146,23.025,24.218,1.193,22.778,24.747
cpu2,plonk,7,prove_ms,stage,1-5,5,12228.4,12072.6,12271.6,198.957,12027.4,13309.8
cpu2,plonk,7,verify_first_ms,stage,1-5,5,9.529,9.33,10.12,0.79,9.233,12.156
cpu2,plonk,7,verify_steady_ms,stage,1-5,5,7.313,7.283,7.729,0.446,7.202,8.518
cpu2,plonk,7,wall_ms,total,1-5,5,12265.5,12106,12306.8,200.825,12060.4,13345.1
cpu2,plonk,7,stage_sum_ms,diagnostic,1-5,5,12265.5,12106,12306.8,200.811,12060.3,13345.1
cpu2,plonk,8,input_ms,stage,1-5,5,1.2,1.193,1.242,0.049,0.977,1.739
cpu2,plonk,8,witness_ms,stage,1-5,5,24.051,23.586,27.359,3.773,20.728,27.484
cpu2,plonk,8,prove_ms,stage,1-5,5,12260.3,12086.8,12298.7,211.934,12053.7,13347.1
cpu2,plonk,8,verify_first_ms,stage,1-5,5,10.821,10.424,11.195,0.771,10.031,11.241
cpu2,plonk,8,verify_steady_ms,stage,1-5,5,7.815,7.309,7.867,0.558,7.202,8.602
cpu2,plonk,8,wall_ms,total,1-5,5,12300.8,12122.2,12338.1,215.851,12088.6,13380.3
cpu2,plonk,8,stage_sum_ms,diagnostic,1-5,5,12300.8,12122.2,12338.1,215.855,12088.6,13380.3
cpu2,plonk,9,input_ms,stage,1-5,5,1.995,1.864,2.208,0.344,1.69,2.287
cpu2,plonk,9,witness_ms,stage,1-5,5,23.868,23.096,25.166,2.07,20.543,30.086
cpu2,plonk,9,prove_ms,stage,1-5,5,12164,12144.2,12387.4,243.205,12012.1,13306.1
cpu2,plonk,9,verify_first_ms,stage,1-5,5,10.775,9.959,10.835,0.876,7.681,11.446
cpu2,plonk,9,verify_steady_ms,stage,1-5,5,7.296,7.251,7.315,0.064,7.086,8.563
cpu2,plonk,9,wall_ms,total,1-5,5,12194.4,12183.1,12423.9,240.814,12047.7,13348.1
cpu2,plonk,9,stage_sum_ms,diagnostic,1-5,5,12194.4,12183.1,12423.9,240.814,12047.7,13348.1
cpu2,plonk,10,input_ms,stage,1-5,5,2.945,2.811,3.535,0.724,2.75,3.926
cpu2,plonk,10,witness_ms,stage,1-5,5,27.428,26.077,28.648,2.571,25.433,30.138
cpu2,plonk,10,prove_ms,stage,1-5,5,12203.4,12114.8,12223.7,108.899,12047.8,13395.1
cpu2,plonk,10,verify_first_ms,stage,1-5,5,10.027,9.471,10.042,0.571,7.729,11.838
cpu2,plonk,10,verify_steady_ms,stage,1-5,5,7.306,7.267,7.341,0.074,7.202,8.508
cpu2,plonk,10,wall_ms,total,1-5,5,12244.8,12155.5,12265.1,109.647,12088,13434.2
cpu2,plonk,10,stage_sum_ms,diagnostic,1-5,5,12244.8,12155.5,12265.1,109.645,12088,13434.2
cpu2,plonk,11,input_ms,stage,1-5,5,6.28,5.96,6.43,0.47,5.258,8.247
cpu2,plonk,11,witness_ms,stage,1-5,5,25.059,23.533,26.144,2.611,21.777,28.629
cpu2,plonk,11,prove_ms,stage,1-5,5,23521.4,23298.6,23695.5,396.946,23140.1,26083
cpu2,plonk,11,verify_first_ms,stage,1-5,5,10.182,9.022,10.285,1.263,8.99,13.096
cpu2,plonk,11,verify_steady_ms,stage,1-5,5,7.297,7.257,8.322,1.065,7.13,8.483
cpu2,plonk,11,wall_ms,total,1-5,5,23560.4,23341.5,23743,401.558,23178.3,26124.3
cpu2,plonk,11,stage_sum_ms,diagnostic,1-5,5,23560.4,23341.5,23743,401.556,23178.3,26124.3
cpu2,plonk,12,input_ms,stage,1-5,5,16.579,16.499,17.897,1.398,11.1,18.285
cpu2,plonk,12,witness_ms,stage,1-5,5,25.434,24.936,29.53,4.594,24.842,32.956
cpu2,plonk,12,prove_ms,stage,1-5,5,23399,23320.8,23481.5,160.645,23112.6,25884.6
cpu2,plonk,12,verify_first_ms,stage,1-5,5,9.876,8.987,10.234,1.247,8.961,13.631
cpu2,plonk,12,verify_steady_ms,stage,1-5,5,7.223,7.222,7.711,0.489,7.218,8.584
cpu2,plonk,12,wall_ms,total,1-5,5,23444.9,23371.2,23541.2,170.054,23173.7,25937.3
cpu2,plonk,12,stage_sum_ms,diagnostic,1-5,5,23444.9,23371.1,23541.2,170.058,23173.7,25937.2
cpu2,plonk,13,input_ms,stage,1-5,5,25.797,24.769,26.351,1.582,24.748,26.681
cpu2,plonk,13,witness_ms,stage,1-5,5,31.349,31.153,32.127,0.974,27.709,34.481
cpu2,plonk,13,prove_ms,stage,1-5,5,23422.8,23348.6,23519.2,170.64,23066.2,25686.6
cpu2,plonk,13,verify_first_ms,stage,1-5,5,9.882,9.228,10.951,1.723,9.041,12.819
cpu2,plonk,13,verify_steady_ms,stage,1-5,5,7.309,7.244,8.542,1.298,7.216,8.63
cpu2,plonk,13,wall_ms,total,1-5,5,23490,23412.5,23586.1,173.566,23134.5,25757.4
cpu2,plonk,13,stage_sum_ms,diagnostic,1-5,5,23490,23412.5,23586.1,173.571,23134.5,25757.4
cpu2,plonk,14,input_ms,stage,1-5,5,49.307,44.23,53.121,8.891,43.84,59.38
cpu2,plonk,14,witness_ms,stage,1-5,5,25.413,25.378,27.502,2.124,24.887,28.768
cpu2,plonk,14,prove_ms,stage,1-5,5,23625.6,23310.1,23690,379.88,23307.6,25343.1
cpu2,plonk,14,verify_first_ms,stage,1-5,5,11.251,10.068,13.726,3.658,9.939,15.213
cpu2,plonk,14,verify_steady_ms,stage,1-5,5,7.272,7.261,7.831,0.57,7.213,8.298
cpu2,plonk,14,wall_ms,total,1-5,5,23712.5,23393.1,23793.4,400.268,23386.7,25432.9
cpu2,plonk,14,stage_sum_ms,diagnostic,1-5,5,23712.5,23393.1,23793.3,400.262,23386.7,25432.9
cpu2,plonk,15,input_ms,stage,1-5,5,123.152,112.633,123.859,11.226,106.205,124.711
cpu2,plonk,15,witness_ms,stage,1-5,5,32.483,30.046,33.795,3.749,28.088,34.999
cpu2,plonk,15,prove_ms,stage,1-5,5,23338.6,23256.4,24114.3,857.876,23126.7,25857.7
cpu2,plonk,15,verify_first_ms,stage,1-5,5,10.126,10.126,10.899,0.773,9.083,12.178
cpu2,plonk,15,verify_steady_ms,stage,1-5,5,7.278,7.197,7.536,0.339,7.165,8.583
cpu2,plonk,15,wall_ms,total,1-5,5,23495.2,23420.6,24280.8,860.292,23278.1,26021.5
cpu2,plonk,15,stage_sum_ms,diagnostic,1-5,5,23495.1,23420.5,24280.8,860.285,23278.1,26021.5
cpu4,groth16,5,input_ms,stage,1-5,5,0.796,0.792,0.826,0.034,0.786,1.096
cpu4,groth16,5,witness_ms,stage,1-5,5,14.835,13.258,15.773,2.515,12.968,15.905
cpu4,groth16,5,prove_ms,stage,1-5,5,142.555,142.351,143.702,1.351,135.868,144.848
cpu4,groth16,5,verify_first_ms,stage,1-5,5,7.835,7.586,7.844,0.258,7.052,8.012
cpu4,groth16,5,verify_steady_ms,stage,1-5,5,6.593,6.545,7.2,0.655,5.937,7.273
cpu4,groth16,5,wall_ms,total,1-5,5,166.763,164.656,166.968,2.312,157.783,168.617
cpu4,groth16,5,stage_sum_ms,diagnostic,1-5,5,166.745,164.631,166.949,2.318,157.766,168.597
cpu4,groth16,6,input_ms,stage,1-5,5,0.806,0.792,0.829,0.037,0.71,0.903
cpu4,groth16,6,witness_ms,stage,1-5,5,14.292,14.125,14.839,0.714,13.585,15.177
cpu4,groth16,6,prove_ms,stage,1-5,5,157.698,156.046,158.127,2.081,152.142,162.277
cpu4,groth16,6,verify_first_ms,stage,1-5,5,7.676,6.436,7.774,1.338,6.22,7.838
cpu4,groth16,6,verify_steady_ms,stage,1-5,5,7.149,6.67,7.18,0.51,6.559,7.321
cpu4,groth16,6,wall_ms,total,1-5,5,179.777,178.765,181.56,2.795,174.211,184.063
cpu4,groth16,6,stage_sum_ms,diagnostic,1-5,5,179.759,178.75,181.542,2.792,174.195,184.047
cpu4,groth16,7,input_ms,stage,1-5,5,0.889,0.875,1.174,0.299,0.782,2.927
cpu4,groth16,7,witness_ms,stage,1-5,5,14.984,14.671,16.031,1.36,14.218,16.982
cpu4,groth16,7,prove_ms,stage,1-5,5,168.793,167.951,173.022,5.071,164.982,178.113
cpu4,groth16,7,verify_first_ms,stage,1-5,5,7.52,7.287,7.601,0.314,7.267,7.823
cpu4,groth16,7,verify_steady_ms,stage,1-5,5,7.178,7.148,7.507,0.359,6.812,9.86
cpu4,groth16,7,wall_ms,total,1-5,5,192.791,192.426,195.889,3.463,192.045,200.823
cpu4,groth16,7,stage_sum_ms,diagnostic,1-5,5,192.774,192.411,195.869,3.458,192.032,200.807
cpu4,groth16,8,input_ms,stage,1-5,5,1.195,1.18,1.202,0.022,1.06,1.415
cpu4,groth16,8,witness_ms,stage,1-5,5,16.767,13.695,16.903,3.208,13.537,16.966
cpu4,groth16,8,prove_ms,stage,1-5,5,196.465,195.949,200.678,4.729,188.156,202.269
cpu4,groth16,8,verify_first_ms,stage,1-5,5,7.788,7.197,7.997,0.8,6.505,7.997
cpu4,groth16,8,verify_steady_ms,stage,1-5,5,7.353,6.922,7.441,0.519,6.416,8.536
cpu4,groth16,8,wall_ms,total,1-5,5,221.649,220.79,223.357,2.567,214.332,224.878
cpu4,groth16,8,stage_sum_ms,diagnostic,1-5,5,221.632,220.773,223.342,2.569,214.314,224.862
cpu4,groth16,9,input_ms,stage,1-5,5,2.016,2.013,2.07,0.057,1.866,2.274
cpu4,groth16,9,witness_ms,stage,1-5,5,14.927,14.81,15.565,0.755,14.434,15.981
cpu4,groth16,9,prove_ms,stage,1-5,5,206.655,205.601,208.878,3.277,204.047,209.758
cpu4,groth16,9,verify_first_ms,stage,1-5,5,7.779,7.772,7.836,0.064,6.208,7.925
cpu4,groth16,9,verify_steady_ms,stage,1-5,5,7.062,7.033,7.118,0.085,6.985,7.122
cpu4,groth16,9,wall_ms,total,1-5,5,232.28,230.074,232.982,2.908,228.434,234.726
cpu4,groth16,9,stage_sum_ms,diagnostic,1-5,5,232.266,230.056,232.963,2.907,228.419,234.71
cpu4,groth16,10,input_ms,stage,1-5,5,2.807,2.671,3.015,0.344,2.644,3.056
cpu4,groth16,10,witness_ms,stage,1-5,5,15.093,14.795,15.371,0.576,14.452,16.837
cpu4,groth16,10,prove_ms,stage,1-5,5,217.05,215.918,221.835,5.917,214.977,223.442
cpu4,groth16,10,verify_first_ms,stage,1-5,5,7.242,7.138,7.39,0.252,7.048,7.775
cpu4,groth16,10,verify_steady_ms,stage,1-5,5,7.031,7.016,7.104,0.088,6.196,7.351
cpu4,groth16,10,wall_ms,total,1-5,5,241.566,241.086,249.001,7.915,239.852,249.136
cpu4,groth16,10,stage_sum_ms,diagnostic,1-5,5,241.55,241.071,248.981,7.91,239.835,249.118
cpu4,groth16,11,input_ms,stage,1-5,5,6.732,6.478,7.161,0.683,5.456,7.356
cpu4,groth16,11,witness_ms,stage,1-5,5,15.328,14.424,15.747,1.323,14.206,16.065
cpu4,groth16,11,prove_ms,stage,1-5,5,233.041,232.063,233.548,1.485,228.88,240.494
cpu4,groth16,11,verify_first_ms,stage,1-5,5,7.985,7.451,8.21,0.759,6.407,10.988
cpu4,groth16,11,verify_steady_ms,stage,1-5,5,7.21,7.089,7.349,0.26,6.455,7.378
cpu4,groth16,11,wall_ms,total,1-5,5,261.954,261.593,263.76,2.167,257.787,273.024
cpu4,groth16,11,stage_sum_ms,diagnostic,1-5,5,261.937,261.572,263.741,2.169,257.768,273.002
cpu4,groth16,12,input_ms,stage,1-5,5,8.956,8.953,14.507,5.554,8.72,15.176
cpu4,groth16,12,witness_ms,stage,1-5,5,16.983,15.942,17.01,1.068,15.363,17.734
cpu4,groth16,12,prove_ms,stage,1-5,5,244.651,242.922,245.447,2.525,234.038,251.717
cpu4,groth16,12,verify_first_ms,stage,1-5,5,7.196,7.099,7.531,0.432,6.625,7.948
cpu4,groth16,12,verify_steady_ms,stage,1-5,5,6.447,6.153,6.77,0.617,5.899,7.206
cpu4,groth16,12,wall_ms,total,1-5,5,279.355,276.825,282.072,5.247,272.872,283.5
cpu4,groth16,12,stage_sum_ms,diagnostic,1-5,5,279.334,276.804,282.052,5.248,272.849,283.479
cpu4,groth16,13,input_ms,stage,1-5,5,25.65,23.548,29.616,6.068,22.88,30.691
cpu4,groth16,13,witness_ms,stage,1-5,5,20.728,18.864,20.945,2.081,17.013,21.069
cpu4,groth16,13,prove_ms,stage,1-5,5,247.282,242.266,252.617,10.351,238.301,256.981
cpu4,groth16,13,verify_first_ms,stage,1-5,5,7.843,7.703,7.876,0.173,7.563,8.021
cpu4,groth16,13,verify_steady_ms,stage,1-5,5,7.129,6.857,7.167,0.31,5.971,7.204
cpu4,groth16,13,wall_ms,total,1-5,5,298.973,298.649,304.938,6.289,293.731,311.292
cpu4,groth16,13,stage_sum_ms,diagnostic,1-5,5,298.95,298.622,304.913,6.291,293.708,311.263
cpu4,groth16,14,input_ms,stage,1-5,5,45.818,45.318,51.376,6.058,41.74,54.575
cpu4,groth16,14,witness_ms,stage,1-5,5,19.28,18.918,19.981,1.063,17.925,23.338
cpu4,groth16,14,prove_ms,stage,1-5,5,257.439,257.209,260.205,2.996,251.668,261.114
cpu4,groth16,14,verify_first_ms,stage,1-5,5,6.514,6.461,7.591,1.13,6.186,8.082
cpu4,groth16,14,verify_steady_ms,stage,1-5,5,6.736,6.158,6.996,0.838,6.063,7.367
cpu4,groth16,14,wall_ms,total,1-5,5,330.488,325.646,340.03,14.384,322.476,342.223
cpu4,groth16,14,stage_sum_ms,diagnostic,1-5,5,330.462,325.622,340.005,14.383,322.451,342.198
cpu4,groth16,15,input_ms,stage,1-5,5,107.43,103.793,115.365,11.572,101.977,117.122
cpu4,groth16,15,witness_ms,stage,1-5,5,25.659,23.803,26.611,2.808,20.103,27.677
cpu4,groth16,15,prove_ms,stage,1-5,5,269.27,264.833,270.266,5.433,262.49,273.446
cpu4,groth16,15,verify_first_ms,stage,1-5,5,6.877,6.338,7.105,0.767,6.29,7.15
cpu4,groth16,15,verify_steady_ms,stage,1-5,5,7.053,6.871,7.313,0.442,6.432,11.458
cpu4,groth16,15,wall_ms,total,1-5,5,410.365,406.033,411.282,5.249,398.259,417.799
cpu4,groth16,15,stage_sum_ms,diagnostic,1-5,5,410.338,406.007,411.254,5.247,398.228,417.776
cpu4,groth16,5,input_ms,stage,1-10,10,0.791,0.78625,0.8185,0.03225,0.603,1.096
cpu4,groth16,5,witness_ms,stage,1-10,10,15.481,14.442,15.9748,1.53275,12.968,16.666
cpu4,groth16,5,prove_ms,stage,1-10,10,143.883,142.727,145.676,2.94875,135.868,152.085
cpu4,groth16,5,verify_first_ms,stage,1-10,10,7.619,7.049,7.84175,0.79275,6.725,8.012
cpu4,groth16,5,verify_steady_ms,stage,1-10,10,6.915,6.557,7.271,0.714,5.937,8.292
cpu4,groth16,5,wall_ms,total,1-10,10,167.792,166.313,168.736,2.42325,157.783,176.323
cpu4,groth16,5,stage_sum_ms,diagnostic,1-10,10,167.773,166.296,168.718,2.422,157.766,176.305
cpu4,groth16,6,input_ms,stage,1-10,10,0.8095,0.7945,0.88,0.0855,0.71,0.903
cpu4,groth16,6,witness_ms,stage,1-10,10,15.008,14.1668,15.743,1.57625,13.305,17.1
cpu4,groth16,6,prove_ms,stage,1-10,10,158.756,156.459,164.675,8.21575,152.142,178.109
cpu4,groth16,6,verify_first_ms,stage,1-10,10,7.6645,6.71675,7.822,1.10525,6.22,10.358
cpu4,groth16,6,verify_steady_ms,stage,1-10,10,7.1645,6.719,7.39825,0.67925,6.101,7.49
cpu4,groth16,6,wall_ms,total,1-10,10,182.552,179.018,186.44,7.4225,174.211,205.184
cpu4,groth16,6,stage_sum_ms,diagnostic,1-10,10,182.534,179.002,186.425,7.423,174.195,205.169
cpu4,groth16,7,input_ms,stage,1-10,10,0.9,0.87775,1.1275,0.24975,0.782,4.763
cpu4,groth16,7,witness_ms,stage,1-10,10,14.856,14.593,15.9372,1.34425,14.218,17.049
cpu4,groth16,7,prove_ms,stage,1-10,10,170.189,167.449,173.885,6.43525,164.982,178.113
cpu4,groth16,7,verify_first_ms,stage,1-10,10,7.5805,7.346,7.66125,0.31525,7.267,7.823
cpu4,groth16,7,verify_steady_ms,stage,1-10,10,7.1935,7.14725,7.56325,0.416,6.57,9.86
cpu4,groth16,7,wall_ms,total,1-10,10,195.134,192.517,196.667,4.15025,188.496,202.358
cpu4,groth16,7,stage_sum_ms,diagnostic,1-10,10,195.118,192.502,196.652,4.15025,188.481,202.34
cpu4,groth16,8,input_ms,stage,1-10,10,1.202,1.18375,1.31275,0.129,1.027,1.415
cpu4,groth16,8,witness_ms,stage,1-10,10,15.7045,14.0098,16.767,2.75725,13.241,16.966
cpu4,groth16,8,prove_ms,stage,1-10,10,197.549,196.078,200.231,4.1535,188.156,202.269
cpu4,groth16,8,verify_first_ms,stage,1-10,10,7.5815,7.24625,7.74375,0.4975,6.374,7.997
cpu4,groth16,8,verify_steady_ms,stage,1-10,10,7.0895,6.7445,7.419,0.6745,6.416,8.536
cpu4,groth16,8,wall_ms,total,1-10,10,222.328,221.005,223.805,2.8,214.332,224.944
cpu4,groth16,8,stage_sum_ms,diagnostic,1-10,10,222.312,220.988,223.79,2.802,214.314,224.926
cpu4,groth16,9,input_ms,stage,1-10,10,1.8925,1.866,2.01525,0.14925,1.733,2.274
cpu4,groth16,9,witness_ms,stage,1-10,10,15.343,14.8392,15.6827,0.8435,14.309,17.937
cpu4,groth16,9,prove_ms,stage,1-10,10,209.219,206.933,211.058,4.1255,204.047,219.382
cpu4,groth16,9,verify_first_ms,stage,1-10,10,7.7285,7.63375,7.79625,0.1625,6.208,7.925
cpu4,groth16,9,verify_steady_ms,stage,1-10,10,7.0605,7.03,7.121,0.091,5.993,11.755
cpu4,groth16,9,wall_ms,total,1-10,10,233.758,232.341,237.362,5.02025,228.434,244.621
cpu4,groth16,9,stage_sum_ms,diagnostic,1-10,10,233.742,232.327,237.345,5.019,228.419,244.605
cpu4,groth16,10,input_ms,stage,1-10,10,2.9155,2.7455,3.10925,0.36375,2.644,4.444
cpu4,groth16,10,witness_ms,stage,1-10,10,16.365,15.1625,17.929,2.7665,14.452,19.881
cpu4,groth16,10,prove_ms,stage,1-10,10,219.484,217.523,222.197,4.67425,214.977,223.619
cpu4,groth16,10,verify_first_ms,stage,1-10,10,7.506,7.279,7.79825,0.51925,7.048,8.076
cpu4,groth16,10,verify_steady_ms,stage,1-10,10,7.0675,6.9245,7.344,0.4195,6.196,8.968
cpu4,groth16,10,wall_ms,total,1-10,10,248.731,243.17,249.729,6.5595,239.852,251.154
cpu4,groth16,10,stage_sum_ms,diagnostic,1-10,10,248.713,243.153,249.713,6.5595,239.835,251.137
cpu4,groth16,11,input_ms,stage,1-10,10,6.587,5.8895,7.05375,1.16425,5.456,7.461
cpu4,groth16,11,witness_ms,stage,1-10,10,16.001,15.4327,17.6095,2.17675,14.206,20.436
cpu4,groth16,11,prove_ms,stage,1-10,10,231.865,228.742,233.421,4.67925,220.027,241.443
cpu4,groth16,11,verify_first_ms,stage,1-10,10,7.644,7.26875,7.93025,0.6615,6.236,10.988
cpu4,groth16,11,verify_steady_ms,stage,1-10,10,7.115,6.889,7.309,0.42,6.455,7.378
cpu4,groth16,11,wall_ms,total,1-10,10,261.774,259.812,263.555,3.74275,252.115,273.024
cpu4,groth16,11,stage_sum_ms,diagnostic,1-10,10,261.755,259.789,263.536,3.7475,252.095,273.002
cpu4,groth16,12,input_ms,stage,1-10,10,14.573,10.3438,15.0913,4.7475,8.72,17.148
cpu4,groth16,12,witness_ms,stage,1-10,10,18.098,16.9898,19.7888,2.799,15.363,21.694
cpu4,groth16,12,prove_ms,stage,1-10,10,243.786,236.409,245.697,9.28825,234.038,251.717
cpu4,groth16,12,verify_first_ms,stage,1-10,10,7.5475,7.2785,7.6355,0.357,6.625,7.948
cpu4,groth16,12,verify_steady_ms,stage,1-10,10,6.8625,6.52775,7.167,0.63925,5.899,7.35
cpu4,groth16,12,wall_ms,total,1-10,10,281.762,277.457,283.226,5.76875,272.872,290.534
cpu4,groth16,12,stage_sum_ms,diagnostic,1-10,10,281.74,277.436,283.204,5.76775,272.849,290.506
cpu4,groth16,13,input_ms,stage,1-10,10,28.2955,24.0735,29.667,5.5935,22.88,30.691
cpu4,groth16,13,witness_ms,stage,1-10,10,21.2275,20.7823,22.587,1.80475,17.013,23.325
cpu4,groth16,13,prove_ms,stage,1-10,10,251.524,248.128,251.753,3.625,238.301,256.981
cpu4,groth16,13,verify_first_ms,stage,1-10,10,7.9135,7.738,8.1995,0.4615,6.976,8.558
cpu4,groth16,13,verify_steady_ms,stage,1-10,10,7.096,6.68075,7.19475,0.514,5.971,8.63
cpu4,groth16,13,wall_ms,total,1-10,10,306.922,300.464,311.648,11.1833,293.731,311.898
cpu4,groth16,13,stage_sum_ms,diagnostic,1-10,10,306.899,300.441,311.621,11.1807,293.708,311.874
cpu4,groth16,14,input_ms,stage,1-10,10,50.6675,46.7537,51.3195,4.56575,41.74,55.612
cpu4,groth16,14,witness_ms,stage,1-10,10,19.099,18.8818,20.3485,1.46675,17.925,23.338
cpu4,groth16,14,prove_ms,stage,1-10,10,258.293,255.739,260.887,5.14775,251.347,268.617
cpu4,groth16,14,verify_first_ms,stage,1-10,10,7.6385,6.724,7.7065,0.9825,6.186,8.082
cpu4,groth16,14,verify_steady_ms,stage,1-10,10,6.995,6.79075,7.25425,0.4635,6.063,7.507
cpu4,groth16,14,wall_ms,total,1-10,10,336.356,328.841,340.147,11.306,322.476,350.503
cpu4,groth16,14,stage_sum_ms,diagnostic,1-10,10,336.332,328.814,340.124,11.3093,322.451,350.48
cpu4,groth16,15,input_ms,stage,1-10,10,115.681,108.721,116.052,7.3315,101.977,117.424
cpu4,groth16,15,witness_ms,stage,1-10,10,24.7895,23.5458,26.2657,2.72,20.103,27.677
cpu4,groth16,15,prove_ms,stage,1-10,10,269.768,265.634,273.986,8.35225,262.49,287.616
cpu4,groth16,15,verify_first_ms,stage,1-10,10,6.991,6.3795,7.231,0.8515,6.172,7.669
cpu4,groth16,15,verify_steady_ms,stage,1-10,10,7.0555,7.0395,7.299,0.2595,6.432,11.458
cpu4,groth16,15,wall_ms,total,1-10,10,413.806,410.594,419.462,8.86825,398.259,434.182
cpu4,groth16,15,stage_sum_ms,diagnostic,1-10,10,413.777,410.567,419.437,8.8695,398.228,434.157
cpu4,groth16,5,input_ms,stage,6-10,5,0.787,0.701,0.79,0.089,0.603,0.83
cpu4,groth16,5,witness_ms,stage,6-10,5,15.998,15.189,16.218,1.029,14.311,16.666
cpu4,groth16,5,prove_ms,stage,6-10,5,145.952,144.064,147.84,3.776,143.244,152.085
cpu4,groth16,5,verify_first_ms,stage,6-10,5,7.048,6.853,7.652,0.799,6.725,7.989
cpu4,groth16,5,verify_steady_ms,stage,6-10,5,7.265,6.63,7.519,0.889,6.426,8.292
cpu4,groth16,5,wall_ms,total,6-10,5,168.742,168.719,171.689,2.97,166.163,176.323
cpu4,groth16,5,stage_sum_ms,diagnostic,6-10,5,168.725,168.696,171.673,2.977,166.146,176.305
cpu4,groth16,6,input_ms,stage,6-10,5,0.813,0.802,0.897,0.095,0.786,0.902
cpu4,groth16,6,witness_ms,stage,6-10,5,15.8,15.572,16.834,1.262,13.305,17.1
cpu4,groth16,6,prove_ms,stage,6-10,5,165.474,159.385,173.615,14.23,153.866,178.109
cpu4,groth16,6,verify_first_ms,stage,6-10,5,7.653,7.559,7.909,0.35,6.411,10.358
cpu4,groth16,6,verify_steady_ms,stage,6-10,5,7.424,6.866,7.47,0.604,6.101,7.49
cpu4,groth16,6,wall_ms,total,6-10,5,187.233,183.543,199.455,15.912,177.816,205.184
cpu4,groth16,6,stage_sum_ms,diagnostic,6-10,5,187.218,183.527,199.437,15.91,177.8,205.169
cpu4,groth16,7,input_ms,stage,6-10,5,0.911,0.886,0.988,0.102,0.854,4.763
cpu4,groth16,7,witness_ms,stage,6-10,5,14.728,14.567,15.656,1.089,14.472,17.049
cpu4,groth16,7,prove_ms,stage,6-10,5,171.584,167.282,174.172,6.89,165.595,176.512
cpu4,groth16,7,verify_first_ms,stage,6-10,5,7.647,7.56,7.666,0.106,7.288,7.791
cpu4,groth16,7,verify_steady_ms,stage,6-10,5,7.209,7.147,7.582,0.435,6.57,8.255
cpu4,groth16,7,wall_ms,total,6-10,5,195.383,194.885,196.927,2.042,188.496,202.358
cpu4,groth16,7,stage_sum_ms,diagnostic,6-10,5,195.367,194.87,196.913,2.043,188.481,202.34
cpu4,groth16,8,input_ms,stage,6-10,5,1.258,1.202,1.331,0.129,1.027,1.341
cpu4,groth16,8,witness_ms,stage,6-10,5,15.166,14.954,16.243,1.289,13.241,16.767
cpu4,groth16,8,prove_ms,stage,6-10,5,197.927,197.171,198.892,1.721,192.651,202.258
cpu4,groth16,8,verify_first_ms,stage,6-10,5,7.561,7.394,7.602,0.208,6.374,7.611
cpu4,groth16,8,verify_steady_ms,stage,6-10,5,6.842,6.712,7.257,0.545,6.669,7.489
cpu4,groth16,8,wall_ms,total,6-10,5,222.678,221.978,223.954,1.976,214.497,224.944
cpu4,groth16,8,stage_sum_ms,diagnostic,6-10,5,222.663,221.962,223.939,1.977,214.481,224.926
cpu4,groth16,9,input_ms,stage,6-10,5,1.866,1.734,1.874,0.14,1.733,1.911
cpu4,groth16,9,witness_ms,stage,6-10,5,15.424,15.262,15.722,0.46,14.309,17.937
cpu4,groth16,9,prove_ms,stage,6-10,5,211.492,209.561,214.319,4.758,207.767,219.382
cpu4,groth16,9,verify_first_ms,stage,6-10,5,7.636,7.633,7.685,0.052,7.605,7.802
cpu4,groth16,9,verify_steady_ms,stage,6-10,5,7.059,7.029,7.146,0.117,5.993,11.755
cpu4,groth16,9,wall_ms,total,6-10,5,238.24,234.535,238.81,4.275,232.525,244.621
cpu4,groth16,9,stage_sum_ms,diagnostic,6-10,5,238.224,234.521,238.795,4.274,232.508,244.605
cpu4,groth16,10,input_ms,stage,6-10,5,3.127,2.816,3.446,0.63,2.725,4.444
cpu4,groth16,10,witness_ms,stage,6-10,5,18.293,16.501,18.458,1.957,16.229,19.881
cpu4,groth16,10,prove_ms,stage,6-10,5,219.512,219.457,222.318,2.861,218.942,223.619
cpu4,groth16,10,verify_first_ms,stage,6-10,5,7.806,7.621,7.844,0.223,7.391,8.076
cpu4,groth16,10,verify_steady_ms,stage,6-10,5,7.323,6.894,7.534,0.64,6.879,8.968
cpu4,groth16,10,wall_ms,total,6-10,5,249.927,248.462,251.063,2.601,247.981,251.154
cpu4,groth16,10,stage_sum_ms,diagnostic,6-10,5,249.911,248.445,251.047,2.602,247.963,251.137
cpu4,groth16,11,input_ms,stage,6-10,5,5.948,5.87,6.696,0.826,5.518,7.461
cpu4,groth16,11,witness_ms,stage,6-10,5,17.688,17.374,18.177,0.803,15.937,20.436
cpu4,groth16,11,prove_ms,stage,6-10,5,228.696,228.422,231.668,3.246,220.027,241.443
cpu4,groth16,11,verify_first_ms,stage,6-10,5,7.603,7.208,7.685,0.477,6.236,7.766
cpu4,groth16,11,verify_steady_ms,stage,6-10,5,6.925,6.877,7.141,0.264,6.758,7.342
cpu4,groth16,11,wall_ms,total,6-10,5,260.911,259.446,262.94,3.494,252.115,272.555
cpu4,groth16,11,stage_sum_ms,diagnostic,6-10,5,260.886,259.423,262.922,3.499,252.095,272.531
cpu4,groth16,12,input_ms,stage,6-10,5,14.837,14.589,16.914,2.325,14.557,17.148
cpu4,groth16,12,witness_ms,stage,6-10,5,20.04,19.035,20.962,1.927,18.462,21.694
cpu4,groth16,12,prove_ms,stage,6-10,5,238.51,235.709,245.781,10.072,235.349,245.793
cpu4,groth16,12,verify_first_ms,stage,6-10,5,7.619,7.564,7.641,0.077,7.526,7.843
cpu4,groth16,12,verify_steady_ms,stage,6-10,5,7.05,6.917,7.338,0.421,6.808,7.35
cpu4,groth16,12,wall_ms,total,6-10,5,282.405,281.451,287.318,5.867,275.984,290.534
cpu4,groth16,12,stage_sum_ms,diagnostic,6-10,5,282.38,281.428,287.295,5.867,275.964,290.506
cpu4,groth16,13,input_ms,stage,6-10,5,29.096,27.495,29.684,2.189,23.495,29.711
cpu4,groth16,13,witness_ms,stage,6-10,5,22.728,22.164,22.94,0.776,21.386,23.325
cpu4,groth16,13,prove_ms,stage,6-10,5,251.577,251.472,251.641,0.169,250.665,251.79
cpu4,groth16,13,verify_first_ms,stage,6-10,5,8.259,7.951,8.276,0.325,6.976,8.558
cpu4,groth16,13,verify_steady_ms,stage,6-10,5,7.063,6.622,7.384,0.762,6.408,8.63
cpu4,groth16,13,wall_ms,total,6-10,5,311.766,308.634,311.8,3.166,305.21,311.898
cpu4,groth16,13,stage_sum_ms,diagnostic,6-10,5,311.741,308.611,311.775,3.164,305.186,311.874
cpu4,groth16,14,input_ms,stage,6-10,5,51.064,50.271,51.15,0.879,49.561,55.612
cpu4,groth16,14,witness_ms,stage,6-10,5,18.896,18.877,20.471,1.594,18.055,21.768
cpu4,groth16,14,prove_ms,stage,6-10,5,259.148,255.249,263.329,8.08,251.347,268.617
cpu4,groth16,14,verify_first_ms,stage,6-10,5,7.687,7.686,7.713,0.027,7.354,7.716
cpu4,groth16,14,verify_steady_ms,stage,6-10,5,7.039,6.994,7.326,0.332,6.955,7.507
cpu4,groth16,14,wall_ms,total,6-10,5,336.923,335.789,340.186,4.397,328.292,350.503
cpu4,groth16,14,stage_sum_ms,diagnostic,6-10,5,336.895,335.768,340.163,4.395,328.265,350.48
cpu4,groth16,15,input_ms,stage,6-10,5,116.042,115.998,116.056,0.058,112.594,117.424
cpu4,groth16,15,witness_ms,stage,6-10,5,23.92,23.46,25.68,2.22,21.86,26.461
cpu4,groth16,15,prove_ms,stage,6-10,5,274.166,268.036,277.056,9.02,264.823,287.616
cpu4,groth16,15,verify_first_ms,stage,6-10,5,7.258,6.504,7.55,1.046,6.172,7.669
cpu4,groth16,15,verify_steady_ms,stage,6-10,5,7.058,7.041,7.257,0.216,7.039,7.524
cpu4,groth16,15,wall_ms,total,6-10,5,420.017,413.854,424.672,10.818,413.758,434.182
cpu4,groth16,15,stage_sum_ms,diagnostic,6-10,5,419.99,413.83,424.643,10.813,413.724,434.157
cpu4,plonk,5,input_ms,stage,1-5,5,0.794,0.7,0.799,0.099,0.651,0.843
cpu4,plonk,5,witness_ms,stage,1-5,5,14.591,13.971,16.079,2.108,13.779,16.718
cpu4,plonk,5,prove_ms,stage,1-5,5,10206.1,10109.7,10463.3,353.54,10109.2,11492.3
cpu4,plonk,5,verify_first_ms,stage,1-5,5,7.75,7.652,7.792,0.14,7.511,8.088
cpu4,plonk,5,verify_steady_ms,stage,1-5,5,7.264,7.239,7.276,0.037,7.177,7.279
cpu4,plonk,5,wall_ms,total,1-5,5,10229.3,10134.5,10485.2,350.734,10132.6,11516.7
cpu4,plonk,5,stage_sum_ms,diagnostic,1-5,5,10229.3,10134.5,10485.2,350.735,10132.6,11516.7
cpu4,plonk,6,input_ms,stage,1-5,5,0.874,0.82,0.882,0.062,0.763,0.897
cpu4,plonk,6,witness_ms,stage,1-5,5,15.01,14.11,15.232,1.122,14.098,15.404
cpu4,plonk,6,prove_ms,stage,1-5,5,10220.5,10163.4,10290.2,126.865,10136.7,11458.7
cpu4,plonk,6,verify_first_ms,stage,1-5,5,8.648,7.873,8.739,0.866,7.672,9.649
cpu4,plonk,6,verify_steady_ms,stage,1-5,5,7.269,7.202,7.289,0.087,7.081,7.319
cpu4,plonk,6,wall_ms,total,1-5,5,10245.1,10185.9,10315,129.084,10161.4,11482.8
cpu4,plonk,6,stage_sum_ms,diagnostic,1-5,5,10245.1,10185.9,10315,129.083,10161.4,11482.8
cpu4,plonk,7,input_ms,stage,1-5,5,1.075,0.86,2.701,1.841,0.798,6.186
cpu4,plonk,7,witness_ms,stage,1-5,5,14.007,13.635,14.657,1.022,13.22,15.053
cpu4,plonk,7,prove_ms,stage,1-5,5,10298.4,10191.7,10938.7,746.992,10178.4,11916.8
cpu4,plonk,7,verify_first_ms,stage,1-5,5,7.823,7.658,8.298,0.64,7.573,8.968
cpu4,plonk,7,verify_steady_ms,stage,1-5,5,7.235,7.228,7.238,0.01,7.161,7.3
cpu4,plonk,7,wall_ms,total,1-5,5,10328.6,10215,10961.1,746.005,10203.5,11938.5
cpu4,plonk,7,stage_sum_ms,diagnostic,1-5,5,10328.6,10215,10961,746.006,10203.4,11938.4
cpu4,plonk,8,input_ms,stage,1-5,5,1.171,1.148,1.199,0.051,1.052,1.273
cpu4,plonk,8,witness_ms,stage,1-5,5,15.013,14.761,15.314,0.553,13.681,15.843
cpu4,plonk,8,prove_ms,stage,1-5,5,10242.5,10166.8,10262.8,96.025,10143.5,10272.5
cpu4,plonk,8,verify_first_ms,stage,1-5,5,8.11,7.743,8.838,1.095,7.714,8.959
cpu4,plonk,8,verify_steady_ms,stage,1-5,5,7.288,7.202,7.293,0.091,7.183,7.298
cpu4,plonk,8,wall_ms,total,1-5,5,10267.3,10191.9,10287.2,95.234,10166,10297.7
cpu4,plonk,8,stage_sum_ms,diagnostic,1-5,5,10267.3,10191.9,10287.1,95.234,10165.9,10297.7
cpu4,plonk,9,input_ms,stage,1-5,5,1.825,1.799,1.975,0.176,1.725,2.132
cpu4,plonk,9,witness_ms,stage,1-5,5,15.732,15.445,16.295,0.85,15.273,16.879
cpu4,plonk,9,prove_ms,stage,1-5,5,10219.9,10202.1,10258,55.85,10200.6,11449.9
cpu4,plonk,9,verify_first_ms,stage,1-5,5,8.537,7.585,9.15,1.565,7.575,9.683
cpu4,plonk,9,verify_steady_ms,stage,1-5,5,7.228,7.222,7.268,0.046,7.172,7.323
cpu4,plonk,9,wall_ms,total,1-5,5,10245.5,10228.4,10283,54.543,10228.4,11476.9
cpu4,plonk,9,stage_sum_ms,diagnostic,1-5,5,10245.5,10228.4,10283,54.546,10228.4,11476.9
cpu4,plonk,10,input_ms,stage,1-5,5,2.875,2.797,3.536,0.739,2.712,3.542
cpu4,plonk,10,witness_ms,stage,1-5,5,15.644,15.24,16.739,1.499,14.751,17.345
cpu4,plonk,10,prove_ms,stage,1-5,5,10236.8,10212.2,10336.4,124.195,10102.6,11453.3
cpu4,plonk,10,verify_first_ms,stage,1-5,5,7.943,7.594,8.655,1.061,7.588,9.24
cpu4,plonk,10,verify_steady_ms,stage,1-5,5,7.216,7.2,7.228,0.028,7.107,7.328
cpu4,plonk,10,wall_ms,total,1-5,5,10263.1,10237.9,10365.9,128.008,10129.7,11481
cpu4,plonk,10,stage_sum_ms,diagnostic,1-5,5,10263.1,10237.9,10365.9,128.008,10129.7,11480.9
cpu4,plonk,11,input_ms,stage,1-5,5,5.904,5.76,6.15,0.39,5.673,6.592
cpu4,plonk,11,witness_ms,stage,1-5,5,16.738,15.646,16.783,1.137,15.299,16.9
cpu4,plonk,11,prove_ms,stage,1-5,5,19747.8,19662.6,19924.5,261.857,19512.1,22122.8
cpu4,plonk,11,verify_first_ms,stage,1-5,5,7.98,7.871,8.176,0.305,7.752,13.321
cpu4,plonk,11,verify_steady_ms,stage,1-5,5,7.256,7.253,7.304,0.051,7.232,7.312
cpu4,plonk,11,wall_ms,total,1-5,5,19783.6,19692.1,19953.7,261.566,19542.8,22154.2
cpu4,plonk,11,stage_sum_ms,diagnostic,1-5,5,19783.6,19692.1,19953.7,261.563,19542.8,22154.1
cpu4,plonk,12,input_ms,stage,1-5,5,14.557,11.049,16.99,5.941,8.956,17.227
cpu4,plonk,12,witness_ms,stage,1-5,5,17.229,15.452,18.142,2.69,15.342,18.752
cpu4,plonk,12,prove_ms,stage,1-5,5,19680.5,19642.6,19690.7,48.086,19613.7,22069.8
cpu4,plonk,12,verify_first_ms,stage,1-5,5,9.315,8.844,9.864,1.02,7.935,12.434
cpu4,plonk,12,verify_steady_ms,stage,1-5,5,7.231,7.149,7.246,0.097,7.053,7.382
cpu4,plonk,12,wall_ms,total,1-5,5,19719,19683.3,19732.9,49.652,19662.1,22102.1
cpu4,plonk,12,stage_sum_ms,diagnostic,1-5,5,19719,19683.3,19732.9,49.653,19662.1,22102.1
cpu4,plonk,13,input_ms,stage,1-5,5,23.326,22.496,23.464,0.968,22.112,24.042
cpu4,plonk,13,witness_ms,stage,1-5,5,19.065,18.758,19.274,0.516,18.526,21.583
cpu4,plonk,13,prove_ms,stage,1-5,5,19756,19605.4,19999.9,394.434,19521.2,22139
cpu4,plonk,13,verify_first_ms,stage,1-5,5,7.969,7.774,8.076,0.302,7.745,9.578
cpu4,plonk,13,verify_steady_ms,stage,1-5,5,7.265,7.16,7.272,0.112,7.058,7.344
cpu4,plonk,13,wall_ms,total,1-5,5,19804.9,19657.8,20051.9,394.158,19571.5,22189.2
cpu4,plonk,13,stage_sum_ms,diagnostic,1-5,5,19804.9,19657.7,20051.9,394.166,19571.5,22189.2
cpu4,plonk,14,input_ms,stage,1-5,5,45.064,43.021,47.145,4.124,40.808,56.662
cpu4,plonk,14,witness_ms,stage,1-5,5,18.753,18.534,19.383,0.849,16.874,21.111
cpu4,plonk,14,prove_ms,stage,1-5,5,19609.7,19584.5,20041.9,457.351,19457.6,22125
cpu4,plonk,14,verify_first_ms,stage,1-5,5,7.815,7.764,9.351,1.587,7.701,10.647
cpu4,plonk,14,verify_steady_ms,stage,1-5,5,7.233,7.225,7.294,0.069,7.119,7.325
cpu4,plonk,14,wall_ms,total,1-5,5,19679.2,19660.5,20111.6,451.146,19528.4,22209.6
cpu4,plonk,14,stage_sum_ms,diagnostic,1-5,5,19679.2,19660.5,20111.6,451.147,19528.4,22209.5
cpu4,plonk,15,input_ms,stage,1-5,5,111.103,100.757,113.114,12.357,100.347,114.811
cpu4,plonk,15,witness_ms,stage,1-5,5,23.964,20.893,25.058,4.165,20.308,28.286
cpu4,plonk,15,prove_ms,stage,1-5,5,19734.9,19643.6,19879.6,236.086,19515.1,22216.3
cpu4,plonk,15,verify_first_ms,stage,1-5,5,7.764,7.753,8.319,0.566,7.689,10.468
cpu4,plonk,15,verify_steady_ms,stage,1-5,5,7.209,7.146,7.271,0.125,7.081,7.347
cpu4,plonk,15,wall_ms,total,1-5,5,19869.1,19784.8,20016,231.221,19661.7,22358.8
cpu4,plonk,15,stage_sum_ms,diagnostic,1-5,5,19869,19784.7,20016,231.221,19661.6,22358.8
cpu8,groth16,5,input_ms,stage,1-5,5,0.794,0.773,0.868,0.095,0.74,6.552
cpu8,groth16,5,witness_ms,stage,1-5,5,13.384,12.676,13.76,1.084,12.617,16.088
cpu8,groth16,5,prove_ms,stage,1-5,5,103.902,102.175,106.033,3.858,101.698,110.457
cpu8,groth16,5,verify_first_ms,stage,1-5,5,6.396,6.327,6.41,0.083,6.261,6.659
cpu8,groth16,5,verify_steady_ms,stage,1-5,5,6.056,5.804,6.074,0.27,5.764,6.331
cpu8,groth16,5,wall_ms,total,1-5,5,128.837,123.743,129.409,5.666,121.393,131.293
cpu8,groth16,5,stage_sum_ms,diagnostic,1-5,5,128.815,123.724,129.386,5.662,121.374,131.273
cpu8,groth16,6,input_ms,stage,1-5,5,0.84,0.816,0.854,0.038,0.643,0.89
cpu8,groth16,6,witness_ms,stage,1-5,5,13.309,13.289,13.761,0.472,13.199,14.836
cpu8,groth16,6,prove_ms,stage,1-5,5,110.118,109.663,110.641,0.978,109.354,111.659
cpu8,groth16,6,verify_first_ms,stage,1-5,5,6.317,6.275,6.813,0.538,6.242,6.891
cpu8,groth16,6,verify_steady_ms,stage,1-5,5,5.824,5.771,5.905,0.134,5.771,6.151
cpu8,groth16,6,wall_ms,total,1-5,5,131.671,131.037,131.865,0.828,129.785,132.122
cpu8,groth16,6,stage_sum_ms,diagnostic,1-5,5,131.656,131.019,131.852,0.833,129.771,132.109
cpu8,groth16,7,input_ms,stage,1-5,5,0.942,0.915,1.401,0.486,0.758,3.832
cpu8,groth16,7,witness_ms,stage,1-5,5,13.96,13.009,14.154,1.145,12.294,14.504
cpu8,groth16,7,prove_ms,stage,1-5,5,119.38,117.765,120.545,2.78,116.686,123.189
cpu8,groth16,7,verify_first_ms,stage,1-5,5,6.406,6.274,6.509,0.235,6.063,7.391
cpu8,groth16,7,verify_steady_ms,stage,1-5,5,5.996,5.779,6.292,0.513,5.697,7.737
cpu8,groth16,7,wall_ms,total,1-5,5,139.958,139.674,141.032,1.358,139.356,146.044
cpu8,groth16,7,stage_sum_ms,diagnostic,1-5,5,139.932,139.66,141.016,1.356,139.343,146.026
cpu8,groth16,8,input_ms,stage,1-5,5,1.219,1.117,1.404,0.287,1.048,5.291
cpu8,groth16,8,witness_ms,stage,1-5,5,13.613,12.763,13.699,0.936,12.65,13.971
cpu8,groth16,8,prove_ms,stage,1-5,5,141.347,138.635,141.654,3.019,138.392,143.87
cpu8,groth16,8,verify_first_ms,stage,1-5,5,6.098,5.917,6.139,0.222,5.856,12.309
cpu8,groth16,8,verify_steady_ms,stage,1-5,5,6.072,6.02,6.194,0.174,5.958,6.583
cpu8,groth16,8,wall_ms,total,1-5,5,161.619,159.758,166.451,6.693,159.28,169.963
cpu8,groth16,8,stage_sum_ms,diagnostic,1-5,5,161.603,159.742,166.435,6.693,159.264,169.946
cpu8,groth16,9,input_ms,stage,1-5,5,2.096,1.991,2.227,0.236,1.864,2.459
cpu8,groth16,9,witness_ms,stage,1-5,5,13.948,13.058,14.04,0.982,12.476,14.046
cpu8,groth16,9,prove_ms,stage,1-5,5,146.798,146.533,148.082,1.549,146.274,150.141
cpu8,groth16,9,verify_first_ms,stage,1-5,5,5.862,5.834,5.916,0.082,5.827,6.071
cpu8,groth16,9,verify_steady_ms,stage,1-5,5,5.988,5.874,6.059,0.185,5.687,6.152
cpu8,groth16,9,wall_ms,total,1-5,5,168.41,168.4,170.412,2.012,167.83,170.576
cpu8,groth16,9,stage_sum_ms,diagnostic,1-5,5,168.391,168.382,170.397,2.015,167.815,170.56
cpu8,groth16,10,input_ms,stage,1-5,5,2.84,2.712,2.94,0.228,2.664,2.98
cpu8,groth16,10,witness_ms,stage,1-5,5,13.718,13.692,14.586,0.894,13.639,15.19
cpu8,groth16,10,prove_ms,stage,1-5,5,155.51,154.791,156.954,2.163,154.238,157.907
cpu8,groth16,10,verify_first_ms,stage,1-5,5,5.892,5.767,6.082,0.315,5.748,6.359
cpu8,groth16,10,verify_steady_ms,stage,1-5,5,5.797,5.788,5.931,0.143,5.726,6.089
cpu8,groth16,10,wall_ms,total,1-5,5,177.914,177.548,180.715,3.167,177.228,180.891
cpu8,groth16,10,stage_sum_ms,diagnostic,1-5,5,177.896,177.531,180.696,3.165,177.211,180.876
cpu8,groth16,11,input_ms,stage,1-5,5,7.055,6.689,7.106,0.417,6.123,7.457
cpu8,groth16,11,witness_ms,stage,1-5,5,13.901,13.731,13.996,0.265,13.416,15.965
cpu8,groth16,11,prove_ms,stage,1-5,5,162.463,161.24,163.651,2.411,160.566,163.875
cpu8,groth16,11,verify_first_ms,stage,1-5,5,5.767,5.747,5.926,0.179,5.724,6.117
cpu8,groth16,11,verify_steady_ms,stage,1-5,5,5.984,5.956,6.06,0.104,5.851,6.203
cpu8,groth16,11,wall_ms,total,1-5,5,190.078,188.623,190.717,2.094,186.414,190.786
cpu8,groth16,11,stage_sum_ms,diagnostic,1-5,5,190.059,188.604,190.693,2.089,186.395,190.765
cpu8,groth16,12,input_ms,stage,1-5,5,8.948,8.92,15.206,6.286,8.804,15.925
cpu8,groth16,12,witness_ms,stage,1-5,5,14.765,14.355,15.246,0.891,14.179,16.628
cpu8,groth16,12,prove_ms,stage,1-5,5,170.982,170.958,171.628,0.67,170.462,172.069
cpu8,groth16,12,verify_first_ms,stage,1-5,5,5.902,5.897,6.017,0.12,5.732,6.215
cpu8,groth16,12,verify_steady_ms,stage,1-5,5,6.021,5.877,6.059,0.182,5.828,6.068
cpu8,groth16,12,wall_ms,total,1-5,5,200.689,200.185,207.679,7.494,199.859,210.549
cpu8,groth16,12,stage_sum_ms,diagnostic,1-5,5,200.663,200.163,207.649,7.486,199.837,210.524
cpu8,groth16,13,input_ms,stage,1-5,5,30.858,24.789,31.986,7.197,22.255,32.273
cpu8,groth16,13,witness_ms,stage,1-5,5,18.007,17.079,19.617,2.538,16.365,20.062
cpu8,groth16,13,prove_ms,stage,1-5,5,178.872,178.472,179.244,0.772,177.44,180.976
cpu8,groth16,13,verify_first_ms,stage,1-5,5,5.881,5.827,5.914,0.087,5.783,6.215
cpu8,groth16,13,verify_steady_ms,stage,1-5,5,5.775,5.755,5.783,0.028,5.717,6.012
cpu8,groth16,13,wall_ms,total,1-5,5,233.317,228.195,233.425,5.23,226.195,236.909
cpu8,groth16,13,stage_sum_ms,diagnostic,1-5,5,233.293,228.171,233.396,5.225,226.171,236.883
cpu8,groth16,14,input_ms,stage,1-5,5,46.719,45.726,53.113,7.387,42.085,54.661
cpu8,groth16,14,witness_ms,stage,1-5,5,16.973,16.901,17.683,0.782,16.742,20.933
cpu8,groth16,14,prove_ms,stage,1-5,5,187.64,185.944,188.165,2.221,184.804,189.017
cpu8,groth16,14,verify_first_ms,stage,1-5,5,6.017,5.821,6.128,0.307,5.762,7.071
cpu8,groth16,14,verify_steady_ms,stage,1-5,5,5.894,5.866,6.05,0.184,5.799,6.158
cpu8,groth16,14,wall_ms,total,1-5,5,258.327,257.016,264.33,7.314,249.579,268.781
cpu8,groth16,14,stage_sum_ms,diagnostic,1-5,5,258.3,256.992,264.305,7.313,249.553,268.756
cpu8,groth16,15,input_ms,stage,1-5,5,102.71,100.812,118.295,17.483,100.476,120.565
cpu8,groth16,15,witness_ms,stage,1-5,5,24.334,21.003,24.596,3.593,19.76,26.923
cpu8,groth16,15,prove_ms,stage,1-5,5,192.641,191.144,194.144,3,188.058,197.5
cpu8,groth16,15,verify_first_ms,stage,1-5,5,6.158,6.104,7.004,0.9,5.791,9.92
cpu8,groth16,15,verify_steady_ms,stage,1-5,5,5.88,5.759,5.986,0.227,5.717,6.463
cpu8,groth16,15,wall_ms,total,1-5,5,327.005,324.686,336.879,12.193,320.494,349.014
cpu8,groth16,15,stage_sum_ms,diagnostic,1-5,5,326.979,324.647,336.853,12.206,320.469,348.988
cpu8,groth16,5,input_ms,stage,1-10,10,0.7665,0.74325,0.8495,0.10625,0.537,6.552
cpu8,groth16,5,witness_ms,stage,1-10,10,13.2025,12.716,13.7833,1.06725,12.561,16.088
cpu8,groth16,5,prove_ms,stage,1-10,10,104.11,102.992,105.66,2.66725,101.698,110.457
cpu8,groth16,5,verify_first_ms,stage,1-10,10,6.3615,6.23175,6.46325,0.2315,5.802,8.756
cpu8,groth16,5,verify_steady_ms,stage,1-10,10,6.0315,5.84,6.26675,0.42675,5.76,7.174
cpu8,groth16,5,wall_ms,total,1-10,10,126.211,123.842,129.266,5.424,121.393,131.293
cpu8,groth16,5,stage_sum_ms,diagnostic,1-10,10,126.191,123.823,129.243,5.41975,121.374,131.273
cpu8,groth16,6,input_ms,stage,1-10,10,0.791,0.7495,0.834,0.0845,0.643,0.89
cpu8,groth16,6,witness_ms,stage,1-10,10,13.401,13.2215,13.756,0.5345,12.83,14.836
cpu8,groth16,6,prove_ms,stage,1-10,10,111.919,110.249,112.386,2.13675,109.354,114.761
cpu8,groth16,6,verify_first_ms,stage,1-10,10,6.3045,6.26975,6.56375,0.294,6.1,6.891
cpu8,groth16,6,verify_steady_ms,stage,1-10,10,5.9105,5.78425,6.09975,0.3155,5.709,6.213
cpu8,groth16,6,wall_ms,total,1-10,10,132.327,131.719,133.022,1.30275,129.785,135.118
cpu8,groth16,6,stage_sum_ms,diagnostic,1-10,10,132.312,131.705,133.008,1.3035,129.771,135.101
cpu8,groth16,7,input_ms,stage,1-10,10,0.9285,0.81725,1.34,0.52275,0.739,3.924
cpu8,groth16,7,witness_ms,stage,1-10,10,14.057,13.3078,14.4217,1.114,12.294,15.75
cpu8,groth16,7,prove_ms,stage,1-10,10,121.194,119.671,122.478,2.807,116.686,133.431
cpu8,groth16,7,verify_first_ms,stage,1-10,10,6.34,6.2275,6.635,0.4075,6.063,8.828
cpu8,groth16,7,verify_steady_ms,stage,1-10,10,6.024,5.873,6.03875,0.16575,5.697,7.737
cpu8,groth16,7,wall_ms,total,1-10,10,141.798,140.226,145.442,5.215,139.356,157.375
cpu8,groth16,7,stage_sum_ms,diagnostic,1-10,10,141.783,140.203,145.424,5.22125,139.343,157.358
cpu8,groth16,8,input_ms,stage,1-10,10,1.1945,1.12775,1.42575,0.298,1.015,5.291
cpu8,groth16,8,witness_ms,stage,1-10,10,13.752,13.4848,14.0047,0.52,12.65,14.423
cpu8,groth16,8,prove_ms,stage,1-10,10,142.151,141.424,144.215,2.79125,138.392,145.044
cpu8,groth16,8,verify_first_ms,stage,1-10,10,6.0925,6.04175,6.61525,0.5735,5.856,12.309
cpu8,groth16,8,verify_steady_ms,stage,1-10,10,6.1545,6.033,6.23675,0.20375,5.905,6.583
cpu8,groth16,8,wall_ms,total,1-10,10,165.788,161.77,166.371,4.6015,159.28,169.963
cpu8,groth16,8,stage_sum_ms,diagnostic,1-10,10,165.77,161.754,166.355,4.60075,159.264,169.946
cpu8,groth16,9,input_ms,stage,1-10,10,1.9705,1.87025,2.19425,0.324,1.685,2.459
cpu8,groth16,9,witness_ms,stage,1-10,10,14.056,13.971,14.2915,0.3205,12.476,14.678
cpu8,groth16,9,prove_ms,stage,1-10,10,148.508,147.074,151.397,4.3225,146.274,152.804
cpu8,groth16,9,verify_first_ms,stage,1-10,10,5.9715,5.859,6.0615,0.2025,5.827,6.36
cpu8,groth16,9,verify_steady_ms,stage,1-10,10,6.0235,5.8805,6.1565,0.276,5.687,6.53
cpu8,groth16,9,wall_ms,total,1-10,10,170.712,168.911,173.274,4.36325,167.83,174.919
cpu8,groth16,9,stage_sum_ms,diagnostic,1-10,10,170.695,168.892,173.257,4.365,167.815,174.894
cpu8,groth16,10,input_ms,stage,1-10,10,2.89,2.7215,3.0775,0.356,2.633,4.762
cpu8,groth16,10,witness_ms,stage,1-10,10,14.8055,13.8065,15.3887,1.58225,13.639,16.772
cpu8,groth16,10,prove_ms,stage,1-10,10,156.885,155.82,157.774,1.95375,154.238,160.616
cpu8,groth16,10,verify_first_ms,stage,1-10,10,5.9435,5.80125,6.06825,0.267,5.748,6.359
cpu8,groth16,10,verify_steady_ms,stage,1-10,10,5.9205,5.8175,6.00725,0.18975,5.726,6.562
cpu8,groth16,10,wall_ms,total,1-10,10,180.803,178.522,182.203,3.68175,177.228,186.145
cpu8,groth16,10,stage_sum_ms,diagnostic,1-10,10,180.786,178.504,182.182,3.67825,177.211,186.129
cpu8,groth16,11,input_ms,stage,1-10,10,6.809,5.90325,7.09325,1.19,5.627,7.457
cpu8,groth16,11,witness_ms,stage,1-10,10,14.09,13.9247,15.5587,1.634,13.416,17.321
cpu8,groth16,11,prove_ms,stage,1-10,10,164.539,162.76,166.468,3.70825,160.566,168.123
cpu8,groth16,11,verify_first_ms,stage,1-10,10,6.03,5.80675,6.111,0.30425,5.724,9.034
cpu8,groth16,11,verify_steady_ms,stage,1-10,10,6.043,5.994,6.165,0.171,5.851,7.635
cpu8,groth16,11,wall_ms,total,1-10,10,191.736,190.238,194.411,4.1735,186.414,198.363
cpu8,groth16,11,stage_sum_ms,diagnostic,1-10,10,191.714,190.218,194.389,4.17175,186.395,198.343
cpu8,groth16,12,input_ms,stage,1-10,10,15.0395,10.3885,15.862,5.4735,8.804,17.718
cpu8,groth16,12,witness_ms,stage,1-10,10,16.7885,14.8853,19.1055,4.22025,14.179,20.291
cpu8,groth16,12,prove_ms,stage,1-10,10,172.322,171.143,173.717,2.57325,170.462,178.151
cpu8,groth16,12,verify_first_ms,stage,1-10,10,5.984,5.91175,6.0705,0.15875,5.732,6.334
cpu8,groth16,12,verify_steady_ms,stage,1-10,10,6.04,5.8835,6.066,0.1825,5.828,6.174
cpu8,groth16,12,wall_ms,total,1-10,10,211.455,202.436,213.795,11.3588,199.859,220.767
cpu8,groth16,12,stage_sum_ms,diagnostic,1-10,10,211.431,202.41,213.767,11.3575,199.837,220.744
cpu8,groth16,13,input_ms,stage,1-10,10,30.864,26.6355,31.666,5.0305,22.255,32.273
cpu8,groth16,13,witness_ms,stage,1-10,10,18.988,18.2065,19.4975,1.291,16.365,20.062
cpu8,groth16,13,prove_ms,stage,1-10,10,179.058,178.476,180.969,2.49325,177.44,224.393
cpu8,groth16,13,verify_first_ms,stage,1-10,10,5.924,5.88225,6.1925,0.31025,5.783,7.854
cpu8,groth16,13,verify_steady_ms,stage,1-10,10,5.863,5.777,6.0055,0.2285,5.717,6.303
cpu8,groth16,13,wall_ms,total,1-10,10,234.23,230.072,237.667,7.59475,226.195,279.832
cpu8,groth16,13,stage_sum_ms,diagnostic,1-10,10,234.201,230.046,237.64,7.5935,226.171,279.804
cpu8,groth16,14,input_ms,stage,1-10,10,52.604,47.1608,53.419,6.25825,42.085,55.313
cpu8,groth16,14,witness_ms,stage,1-10,10,17.8935,17.1505,18.0597,0.90925,16.742,20.933
cpu8,groth16,14,prove_ms,stage,1-10,10,187.902,186.273,188.7,2.4265,184.804,189.366
cpu8,groth16,14,verify_first_ms,stage,1-10,10,5.955,5.8305,6.115,0.2845,5.762,7.071
cpu8,groth16,14,verify_steady_ms,stage,1-10,10,5.8945,5.85325,6.0355,0.18225,5.799,6.158
cpu8,groth16,14,wall_ms,total,1-10,10,264.868,258.43,265.968,7.538,249.579,268.781
cpu8,groth16,14,stage_sum_ms,diagnostic,1-10,10,264.842,258.403,265.943,7.5405,249.553,268.756
cpu8,groth16,15,input_ms,stage,1-10,10,117.317,105.589,119.015,13.4255,100.476,120.565
cpu8,groth16,15,witness_ms,stage,1-10,10,21.421,20.9902,23.6615,2.67125,19.76,26.923
cpu8,groth16,15,prove_ms,stage,1-10,10,195.332,192.989,197.479,4.4895,188.058,200.492
cpu8,groth16,15,verify_first_ms,stage,1-10,10,6.131,5.964,6.899,0.935,5.791,9.92
cpu8,groth16,15,verify_steady_ms,stage,1-10,10,5.995,5.80575,6.156,0.35025,5.717,6.463
cpu8,groth16,15,wall_ms,total,1-10,10,341.394,329.474,343.894,14.42,320.494,349.014
cpu8,groth16,15,stage_sum_ms,diagnostic,1-10,10,341.364,329.447,343.866,14.4187,320.469,348.988
cpu8,groth16,5,input_ms,stage,6-10,5,0.753,0.685,0.76,0.075,0.537,2.714
cpu8,groth16,5,witness_ms,stage,6-10,5,13.021,12.836,13.791,0.955,12.561,15.539
cpu8,groth16,5,prove_ms,stage,6-10,5,104.318,103.806,104.539,0.733,102.721,108.398
cpu8,groth16,5,verify_first_ms,stage,6-10,5,6.222,6.065,6.481,0.416,5.802,8.756
cpu8,groth16,5,verify_steady_ms,stage,6-10,5,6.007,5.948,6.421,0.473,5.76,7.174
cpu8,groth16,5,wall_ms,total,6-10,5,125.726,124.139,126.696,2.557,123.564,130.268
cpu8,groth16,5,stage_sum_ms,diagnostic,6-10,5,125.706,124.122,126.675,2.553,123.549,130.252
cpu8,groth16,6,input_ms,stage,6-10,5,0.757,0.747,0.775,0.028,0.658,0.807
cpu8,groth16,6,witness_ms,stage,6-10,5,13.493,13.067,13.741,0.674,12.83,14.167
cpu8,groth16,6,prove_ms,stage,6-10,5,112.4,112.342,112.423,0.081,112.179,114.761
cpu8,groth16,6,verify_first_ms,stage,6-10,5,6.292,6.268,6.395,0.127,6.1,6.62
cpu8,groth16,6,verify_steady_ms,stage,6-10,5,5.946,5.916,6.168,0.252,5.709,6.213
cpu8,groth16,6,wall_ms,total,6-10,5,133.15,132.639,133.462,0.823,132.531,135.118
cpu8,groth16,6,stage_sum_ms,diagnostic,6-10,5,133.136,132.626,133.446,0.82,132.514,135.101
cpu8,groth16,7,input_ms,stage,6-10,5,0.872,0.799,1.157,0.358,0.739,3.924
cpu8,groth16,7,witness_ms,stage,6-10,5,14.361,13.514,14.442,0.928,13.239,15.75
cpu8,groth16,7,prove_ms,stage,6-10,5,122.086,121.415,122.609,1.194,120.973,133.431
cpu8,groth16,7,verify_first_ms,stage,6-10,5,6.25,6.22,6.677,0.457,6.219,8.828
cpu8,groth16,7,verify_steady_ms,stage,6-10,5,6.026,6.022,6.032,0.01,5.832,6.041
cpu8,groth16,7,wall_ms,total,6-10,5,143.634,142.351,148.98,6.629,141.246,157.375
cpu8,groth16,7,stage_sum_ms,diagnostic,6-10,5,143.619,142.336,148.959,6.623,141.229,157.358
cpu8,groth16,8,input_ms,stage,6-10,5,1.17,1.16,1.433,0.273,1.015,1.788
cpu8,groth16,8,witness_ms,stage,6-10,5,14.016,13.805,14.025,0.22,13.442,14.423
cpu8,groth16,8,prove_ms,stage,6-10,5,144.33,142.641,144.474,1.833,141.662,145.044
cpu8,groth16,8,verify_first_ms,stage,6-10,5,6.087,6.068,6.774,0.706,6.033,7.262
cpu8,groth16,8,verify_steady_ms,stage,6-10,5,6.224,6.115,6.241,0.126,5.905,6.481
cpu8,groth16,8,wall_ms,total,6-10,5,165.984,165.591,166.132,0.541,162.222,166.81
cpu8,groth16,8,stage_sum_ms,diagnostic,6-10,5,165.965,165.575,166.113,0.538,162.206,166.794
cpu8,groth16,9,input_ms,stage,6-10,5,1.889,1.697,1.95,0.253,1.685,2.429
cpu8,groth16,9,witness_ms,stage,6-10,5,14.321,14.203,14.353,0.15,14.066,14.678
cpu8,groth16,9,prove_ms,stage,6-10,5,151.815,148.934,152.491,3.557,147.902,152.804
cpu8,groth16,9,verify_first_ms,stage,6-10,5,6.036,6.027,6.07,0.043,5.858,6.36
cpu8,groth16,9,verify_steady_ms,stage,6-10,5,6.158,5.9,6.297,0.397,5.687,6.53
cpu8,groth16,9,wall_ms,total,6-10,5,174.011,171.062,174.824,3.762,170.847,174.919
cpu8,groth16,9,stage_sum_ms,diagnostic,6-10,5,173.995,171.045,174.806,3.761,170.829,174.894
cpu8,groth16,10,input_ms,stage,6-10,5,3.11,2.75,3.402,0.652,2.633,4.762
cpu8,groth16,10,witness_ms,stage,6-10,5,15.455,15.025,15.633,0.608,14.072,16.772
cpu8,groth16,10,prove_ms,stage,6-10,5,157.373,156.815,158.025,1.21,156.749,160.616
cpu8,groth16,10,verify_first_ms,stage,6-10,5,5.991,5.896,6.027,0.131,5.771,6.137
cpu8,groth16,10,verify_steady_ms,stage,6-10,5,5.993,5.91,6.012,0.102,5.879,6.562
cpu8,groth16,10,wall_ms,total,6-10,5,182.586,181.055,182.974,1.919,180.344,186.145
cpu8,groth16,10,stage_sum_ms,diagnostic,6-10,5,182.563,181.039,182.957,1.918,180.327,186.129
cpu8,groth16,11,input_ms,stage,6-10,5,5.83,5.69,6.929,1.239,5.627,7.312
cpu8,groth16,11,witness_ms,stage,6-10,5,14.409,14.123,15.942,1.819,14.057,17.321
cpu8,groth16,11,prove_ms,stage,6-10,5,166.619,166.016,166.636,0.62,165.203,168.123
cpu8,groth16,11,verify_first_ms,stage,6-10,5,6.093,6.089,7.396,1.307,5.971,9.034
cpu8,groth16,11,verify_steady_ms,stage,6-10,5,6.063,6.026,6.199,0.173,6.024,7.635
cpu8,groth16,11,wall_ms,total,6-10,5,194.885,192.99,195.604,2.614,192.685,198.363
cpu8,groth16,11,stage_sum_ms,diagnostic,6-10,5,194.863,192.968,195.584,2.616,192.662,198.343
cpu8,groth16,12,input_ms,stage,6-10,5,15.673,14.873,16.931,2.058,14.71,17.718
cpu8,groth16,12,witness_ms,stage,6-10,5,19.234,18.72,19.711,0.991,16.949,20.291
cpu8,groth16,12,prove_ms,stage,6-10,5,173.918,173.113,173.987,0.874,172.574,178.151
cpu8,groth16,12,verify_first_ms,stage,6-10,5,6.057,5.951,6.075,0.124,5.941,6.334
cpu8,groth16,12,verify_steady_ms,stage,6-10,5,6.06,5.903,6.147,0.244,5.86,6.174
cpu8,groth16,12,wall_ms,total,6-10,5,214.18,212.641,217.095,4.454,212.361,220.767
cpu8,groth16,12,stage_sum_ms,diagnostic,6-10,5,214.151,212.615,217.063,4.448,212.338,220.744
cpu8,groth16,13,input_ms,stage,6-10,5,30.87,29.904,31.306,1.402,25.546,31.786
cpu8,groth16,13,witness_ms,stage,6-10,5,19.156,18.82,19.271,0.451,18.805,19.573
cpu8,groth16,13,prove_ms,stage,6-10,5,180.949,178.488,183.706,5.218,178.241,224.393
cpu8,groth16,13,verify_first_ms,stage,6-10,5,6.125,5.934,6.302,0.368,5.886,7.854
cpu8,groth16,13,verify_steady_ms,stage,6-10,5,5.986,5.915,6.086,0.171,5.811,6.303
cpu8,groth16,13,wall_ms,total,6-10,5,237.919,235.035,241.279,6.244,228.99,279.832
cpu8,groth16,13,stage_sum_ms,diagnostic,6-10,5,237.892,235.006,241.249,6.243,228.964,279.804
cpu8,groth16,14,input_ms,stage,6-10,5,52.628,52.58,53.521,0.941,48.486,55.313
cpu8,groth16,14,witness_ms,stage,6-10,5,17.99,17.953,18.083,0.13,17.834,19.185
cpu8,groth16,14,prove_ms,stage,6-10,5,188.339,187.261,188.82,1.559,185.147,189.366
cpu8,groth16,14,verify_first_ms,stage,6-10,5,5.893,5.853,6.076,0.223,5.823,6.145
cpu8,groth16,14,verify_steady_ms,stage,6-10,5,5.895,5.849,5.992,0.143,5.804,6.119
cpu8,groth16,14,wall_ms,total,6-10,5,265.734,265.407,266.046,0.639,258.739,266.516
cpu8,groth16,14,stage_sum_ms,diagnostic,6-10,5,265.704,265.38,266.023,0.643,258.711,266.48
cpu8,groth16,15,input_ms,stage,6-10,5,117.717,116.917,119.255,2.338,114.228,119.992
cpu8,groth16,15,witness_ms,stage,6-10,5,21.406,20.986,21.436,0.45,20.745,21.644
cpu8,groth16,15,prove_ms,stage,6-10,5,197.416,196.521,198.768,2.247,194.035,200.492
cpu8,groth16,15,verify_first_ms,stage,6-10,5,5.982,5.958,6.584,0.626,5.867,9.77
cpu8,groth16,15,verify_steady_ms,stage,6-10,5,6.135,6.004,6.163,0.159,5.781,6.167
cpu8,groth16,15,wall_ms,total,6-10,5,342.437,341.962,344.379,2.417,340.827,346.252
cpu8,groth16,15,stage_sum_ms,diagnostic,6-10,5,342.412,341.926,344.351,2.425,340.802,346.228
cpu8,plonk,5,input_ms,stage,1-5,5,0.772,0.663,0.78,0.117,0.639,0.908
cpu8,plonk,5,witness_ms,stage,1-5,5,12.352,11.752,12.432,0.68,11.72,13.154
cpu8,plonk,5,prove_ms,stage,1-5,5,9537.43,9473.73,9593.86,120.131,9455.59,9776.07
cpu8,plonk,5,verify_first_ms,stage,1-5,5,7.823,7.804,7.947,0.143,7.787,10.471
cpu8,plonk,5,verify_steady_ms,stage,1-5,5,7.297,7.283,7.316,0.033,7.176,7.322
cpu8,plonk,5,wall_ms,total,1-5,5,9560.45,9495.63,9614.89,119.254,9475.75,9797.05
cpu8,plonk,5,stage_sum_ms,diagnostic,1-5,5,9560.43,9495.61,9614.86,119.255,9475.73,9797.03
cpu8,plonk,6,input_ms,stage,1-5,5,0.837,0.821,0.883,0.062,0.819,0.927
cpu8,plonk,6,witness_ms,stage,1-5,5,12.952,12.906,13.232,0.326,12.65,13.641
cpu8,plonk,6,prove_ms,stage,1-5,5,9602.15,9510.25,9741.26,231.016,9437.93,9749.31
cpu8,plonk,6,verify_first_ms,stage,1-5,5,7.67,7.668,7.711,0.043,7.609,7.882
cpu8,plonk,6,verify_steady_ms,stage,1-5,5,7.317,7.261,7.432,0.171,7.238,7.459
cpu8,plonk,6,wall_ms,total,1-5,5,9623.56,9532.26,9762.76,230.501,9459.13,9771.47
cpu8,plonk,6,stage_sum_ms,diagnostic,1-5,5,9623.54,9532.24,9762.75,230.502,9459.11,9771.45
cpu8,plonk,7,input_ms,stage,1-5,5,0.928,0.857,0.933,0.076,0.842,0.991
cpu8,plonk,7,witness_ms,stage,1-5,5,13.085,12.927,13.239,0.312,12.912,13.893
cpu8,plonk,7,prove_ms,stage,1-5,5,9621.12,9519.28,9650.94,131.654,9460,9748.6
cpu8,plonk,7,verify_first_ms,stage,1-5,5,7.684,7.651,7.707,0.056,7.596,7.863
cpu8,plonk,7,verify_steady_ms,stage,1-5,5,7.256,7.219,7.278,0.059,7.187,7.329
cpu8,plonk,7,wall_ms,total,1-5,5,9642.59,9541.68,9672.74,131.056,9481.72,9770.39
cpu8,plonk,7,stage_sum_ms,diagnostic,1-5,5,9642.58,9541.67,9672.72,131.051,9481.7,9770.38
cpu8,plonk,8,input_ms,stage,1-5,5,1.17,1.15,1.242,0.092,0.94,2.701
cpu8,plonk,8,witness_ms,stage,1-5,5,13.571,13.011,13.861,0.85,12.509,14.061
cpu8,plonk,8,prove_ms,stage,1-5,5,9569.4,9470.95,9624.81,153.853,9453.36,9702.81
cpu8,plonk,8,verify_first_ms,stage,1-5,5,7.713,7.671,7.727,0.056,7.611,8.005
cpu8,plonk,8,verify_steady_ms,stage,1-5,5,7.287,7.224,7.312,0.088,7.201,7.324
cpu8,plonk,8,wall_ms,total,1-5,5,9590.54,9493.8,9649.59,155.79,9475.73,9724.7
cpu8,plonk,8,stage_sum_ms,diagnostic,1-5,5,9590.52,9493.78,9649.57,155.79,9475.71,9724.68
cpu8,plonk,9,input_ms,stage,1-5,5,1.755,1.711,1.889,0.178,1.603,2.062
cpu8,plonk,9,witness_ms,stage,1-5,5,13.852,13.718,14.299,0.581,13.543,15.031
cpu8,plonk,9,prove_ms,stage,1-5,5,9618.07,9590.38,9686.9,96.522,9532.95,9790.25
cpu8,plonk,9,verify_first_ms,stage,1-5,5,7.752,7.608,7.866,0.258,7.581,7.899
cpu8,plonk,9,verify_steady_ms,stage,1-5,5,7.287,7.175,7.385,0.21,7.13,7.605
cpu8,plonk,9,wall_ms,total,1-5,5,9641.27,9613.92,9709.8,95.877,9557.61,9814.21
cpu8,plonk,9,stage_sum_ms,diagnostic,1-5,5,9641.25,9613.9,9709.78,95.878,9557.59,9814.19
cpu8,plonk,10,input_ms,stage,1-5,5,2.935,2.718,3.376,0.658,2.619,3.428
cpu8,plonk,10,witness_ms,stage,1-5,5,13.725,13.711,14.453,0.742,13.099,15.371
cpu8,plonk,10,prove_ms,stage,1-5,5,9668.27,9482.46,9748.81,266.352,9471.37,9768.02
cpu8,plonk,10,verify_first_ms,stage,1-5,5,7.665,7.644,7.666,0.022,7.59,7.919
cpu8,plonk,10,verify_steady_ms,stage,1-5,5,7.243,7.19,7.25,0.06,7.155,7.283
cpu8,plonk,10,wall_ms,total,1-5,5,9693.09,9507.51,9772.21,264.703,9496.08,9794.04
cpu8,plonk,10,stage_sum_ms,diagnostic,1-5,5,9693.08,9507.49,9772.2,264.705,9496.06,9794.03
cpu8,plonk,11,input_ms,stage,1-5,5,5.75,5.645,6.649,1.004,5.639,6.977
cpu8,plonk,11,witness_ms,stage,1-5,5,14.217,14.16,14.792,0.632,13.852,15.235
cpu8,plonk,11,prove_ms,stage,1-5,5,19021.4,18815.9,19027.2,211.318,18540.4,19145.9
cpu8,plonk,11,verify_first_ms,stage,1-5,5,7.84,7.743,7.884,0.141,7.706,9.673
cpu8,plonk,11,verify_steady_ms,stage,1-5,5,7.396,7.346,7.413,0.067,7.29,7.467
cpu8,plonk,11,wall_ms,total,1-5,5,19050.7,18844.2,19054.9,210.722,18570,19174.9
cpu8,plonk,11,stage_sum_ms,diagnostic,1-5,5,19050.7,18844.2,19054.9,210.725,18570,19174.9
cpu8,plonk,12,input_ms,stage,1-5,5,15.067,10.923,17.186,6.263,8.832,17.189
cpu8,plonk,12,witness_ms,stage,1-5,5,14.687,14.502,16.509,2.007,14.359,31.875
cpu8,plonk,12,prove_ms,stage,1-5,5,18787.8,18606.3,18924.9,318.587,18584,19061.9
cpu8,plonk,12,verify_first_ms,stage,1-5,5,7.692,7.655,7.849,0.194,7.601,7.878
cpu8,plonk,12,verify_steady_ms,stage,1-5,5,7.235,7.195,7.329,0.134,7.19,7.342
cpu8,plonk,12,wall_ms,total,1-5,5,18827.3,18663.1,18956,292.892,18617.2,19101.4
cpu8,plonk,12,stage_sum_ms,diagnostic,1-5,5,18827.3,18663,18955.9,292.895,18617.2,19101.3
cpu8,plonk,13,input_ms,stage,1-5,5,23.167,22.268,23.297,1.029,21.94,23.978
cpu8,plonk,13,witness_ms,stage,1-5,5,17.911,17.3,18.31,1.01,17.037,20.78
cpu8,plonk,13,prove_ms,stage,1-5,5,18692.2,18599.3,18795.6,196.322,18508.5,18796.1
cpu8,plonk,13,verify_first_ms,stage,1-5,5,7.694,7.621,7.759,0.138,7.59,7.98
cpu8,plonk,13,verify_steady_ms,stage,1-5,5,7.278,7.242,7.367,0.125,7.233,7.547
cpu8,plonk,13,wall_ms,total,1-5,5,18739.4,18645.9,18845.5,199.563,18558.4,18847.3
cpu8,plonk,13,stage_sum_ms,diagnostic,1-5,5,18739.4,18645.9,18845.4,199.565,18558.4,18847.3
cpu8,plonk,14,input_ms,stage,1-5,5,45.013,44.191,47.441,3.25,41.967,55.709
cpu8,plonk,14,witness_ms,stage,1-5,5,17.096,16.908,17.489,0.581,16.621,18.277
cpu8,plonk,14,prove_ms,stage,1-5,5,18736.5,18591.2,19247.9,656.662,18570.9,19306.2
cpu8,plonk,14,verify_first_ms,stage,1-5,5,7.628,7.616,7.631,0.015,7.61,8.234
cpu8,plonk,14,verify_steady_ms,stage,1-5,5,7.383,7.377,7.384,0.007,7.233,7.482
cpu8,plonk,14,wall_ms,total,1-5,5,18808.7,18660.6,19314.7,654.189,18640.4,19387.9
cpu8,plonk,14,stage_sum_ms,diagnostic,1-5,5,18808.7,18660.5,19314.7,654.187,18640.4,19387.9
cpu8,plonk,15,input_ms,stage,1-5,5,116.38,100.993,116.768,15.775,98.982,117.865
cpu8,plonk,15,witness_ms,stage,1-5,5,20.152,19.623,24.945,5.322,18.827,24.971
cpu8,plonk,15,prove_ms,stage,1-5,5,18924.5,18488.7,18990.5,501.782,18463.1,19218.3
cpu8,plonk,15,verify_first_ms,stage,1-5,5,7.633,7.565,7.737,0.172,7.553,7.769
cpu8,plonk,15,verify_steady_ms,stage,1-5,5,7.336,7.257,7.36,0.103,7.23,7.373
cpu8,plonk,15,wall_ms,total,1-5,5,19068.9,18620.4,19135.6,515.135,18596.7,19361.6
cpu8,plonk,15,stage_sum_ms,diagnostic,1-5,5,19068.8,18620.4,19135.5,515.134,18596.6,19361.5
