cell_id,profile,backend,depth,op_seq,op,kind,proof_id,proof_j,leaf_index,from_account,contract_name,gas_limit,expected_status,status,expected_revert,revert_reason,expected_return,return_value,check_pass,gas_used,calldata_bytes,calldata_zero_bytes,calldata_tokens,calldata_gas_standard,floor_gas_7623,create_gas,intrinsic_gas,exec_gas_derived,floor_binding,code_deposit_gas,initcode_bytes,runtime_bytes,runtime_keccak,runtime_matches_artifact,calldata_sha256
primary-groth16-d5,primary,groth16,5,1,deploy_verifier,tx,,,,A0,Groth16LegacyVerifierDepth5,6000000,1,1,,,,,1,350084,1406,51,5471,21884,75710,32088,74972,275112,0,274800,1406,1374,0xd2265cf2fd416385d635f7e4516dc0426e34ab18c61d5bbfdd683902ab2760f7,1,5331d44244ef7c248c6fc11ad547f11a24bf93877a601995cfc1f6562e8998fd
primary-groth16-d5,primary,groth16,5,2,deploy_manager,tx,,,,A0,CredentialManagerGroth16,6000000,1,1,,,,,1,565248,2410,84,9388,37552,114880,32152,90704,474544,0,428000,2410,2140,0x3fa88dab92b4daae5449537045ac5d6e143ea11f41fcdff2d37adb5523454ace,1,19ee042dbe867a3c02cb22e3913366b1c44d39bcad3099526989912ebfacd00a
primary-groth16-d5,primary,groth16,5,3,set_issuer,tx,,,,A0,CredentialManagerGroth16,300000,1,1,,,,,1,47900,68,43,143,572,22430,0,21572,26328,0,,,,,,727fd06686258f939093f54b4f3c375b0f3052da4ba7867e73d6f93a90702a06
primary-groth16-d5,primary,groth16,5,4,add_root,tx,,,,A0,CredentialManagerGroth16,300000,1,1,,,,,1,47334,36,1,141,564,22410,0,21564,25770,0,,,,,,b91c4cff980f8874fb8d0fca3dd2b3046defc125bb26b20f9f41f40dec3d44ad
primary-groth16-d5,primary,groth16,5,5,precheck_call,call,G16-d5-p0,0,2,A0,CredentialManagerGroth16,,call,call,,,true,true,1,,292,1,1165,,,,,,,,,,,,5837cb8f85853d1b4c5630e24fd145aeeb696d2dcc92dcf8c0220201ca5ef8a8
primary-groth16-d5,primary,groth16,5,6,verify_credential,tx,G16-d5-p0,0,2,A0,CredentialManagerGroth16,1000000,1,1,,,,,1,223958,292,1,1165,4660,32650,0,25660,198298,0,,,,,,5837cb8f85853d1b4c5630e24fd145aeeb696d2dcc92dcf8c0220201ca5ef8a8
primary-groth16-d5,primary,groth16,5,7,verify_credential,tx,G16-d5-p1,1,6,A0,CredentialManagerGroth16,1000000,1,1,,,,,1,223946,292,2,1162,4648,32620,0,25648,198298,0,,,,,,77081f141b0a9545515f5634b68ce1c62baf696b804c1dca43a47a4c1315c347
primary-groth16-d5,primary,groth16,5,8,verify_credential,tx,G16-d5-p2,2,10,A0,CredentialManagerGroth16,1000000,1,1,,,,,1,223958,292,1,1165,4660,32650,0,25660,198298,0,,,,,,0eb8507a498849ef0b107b12dc37664043f43ccb264665284d857cbd6e9a9447
primary-groth16-d5,primary,groth16,5,9,verify_credential,tx,G16-d5-p3,3,14,A0,CredentialManagerGroth16,1000000,1,1,,,,,1,223958,292,1,1165,4660,32650,0,25660,198298,0,,,,,,9989e21fd9b136f60c79b292cec0791d6024260adc3bfd6e58f367783c9579d6
primary-groth16-d5,primary,groth16,5,10,verify_credential,tx,G16-d5-p4,4,18,A0,CredentialManagerGroth16,1000000,1,1,,,,,1,223946,292,2,1162,4648,32620,0,25648,198298,0,,,,,,126cc5e35860522ddfe1ae9d3b0c5e9255612d37d259f6403d9aa1179529885e
primary-groth16-d5,primary,groth16,5,11,verify_credential,tx,G16-d5-p5,5,22,A0,CredentialManagerGroth16,1000000,1,1,,,,,1,223958,292,1,1165,4660,32650,0,25660,198298,0,,,,,,ee37913f96e71bf93249ef1fa07b7424ce69eb921427126963d720ec2bff5e42
primary-groth16-d5,primary,groth16,5,12,verify_credential,tx,G16-d5-p6,6,26,A0,CredentialManagerGroth16,1000000,1,1,,,,,1,223946,292,2,1162,4648,32620,0,25648,198298,0,,,,,,043f856bdbe25ea270d02aa67d222e3005979fc789670f602334c12da69262c0
primary-groth16-d5,primary,groth16,5,13,verify_credential,tx,G16-d5-p7,7,30,A0,CredentialManagerGroth16,1000000,1,1,,,,,1,223934,292,3,1159,4636,32590,0,25636,198298,0,,,,,,72a370fd6c6e8ea0a64309d7537b70ba5dc4f3d3948713988b7c144211a78be9
primary-groth16-d5,primary,groth16,5,14,verify_proof_call,call,G16-d5-p0,0,2,A0,Groth16LegacyVerifierDepth5,,call,call,,,true,true,1,,292,1,1165,,,,,,,,,,,,38f356f938ae3972d0d16abf8b3d053f411f73f5e13f61d42c5093a3e09bf3e3
primary-groth16-d5,primary,groth16,5,15,verify_proof_call,call,G16-d5-p1,1,6,A0,Groth16LegacyVerifierDepth5,,call,call,,,true,true,1,,292,2,1162,,,,,,,,,,,,a370a18d9c39377115545ba9af7615da222dc733a39c1b2c32fb2b9c4b33086f
primary-groth16-d5,primary,groth16,5,16,verify_proof_call,call,G16-d5-p2,2,10,A0,Groth16LegacyVerifierDepth5,,call,call,,,true,true,1,,292,1,1165,,,,,,,,,,,,0d2d7d3aa3af7b66c607f41e3d721b8b42df5a3c86cee0d579ed2b26d5fed439
primary-groth16-d5,primary,groth16,5,17,verify_proof_call,call,G16-d5-p3,3,14,A0,Groth16LegacyVerifierDepth5,,call,call,,,true,true,1,,292,1,1165,,,,,,,,,,,,0d788cabedc8faadf7f6192d7b7e3442591799b8d0f61f669d8e7044ff55b0d9
primary-groth16-d5,primary,groth16,5,18,verify_proof_call,call,G16-d5-p4,4,18,A0,Groth16LegacyVerifierDepth5,,call,call,,,true,true,1,,292,2,1162,,,,,,,,,,,,8591dd32989bc600ebb0687f8686fdfb4796e90641751cf75de255ad63d285cb
primary-groth16-d5,primary,groth16,5,19,verify_proof_call,call,G16-d5-p5,5,22,A0,Groth16LegacyVerifierDepth5,,call,call,,,true,true,1,,292,1,1165,,,,,,,,,,,,dde6e93a83ef8d8c28aaca9695ecffbc6f440d9d59cb4af669fcab2919339b70
primary-groth16-d5,primary,groth16,5,20,verify_proof_call,call,G16-d5-p6,6,26,A0,Groth16LegacyVerifierDepth5,,call,call,,,true,true,1,,292,2,1162,,,,,,,,,,,,134926e4c635b7604bf798d424277df349d6073939e82a9a7aef5eb94f449937
primary-groth16-d5,primary,groth16,5,21,verify_proof_call,call,G16-d5-p7,7,30,A0,Groth16LegacyVerifierDepth5,,call,call,,,true,true,1,,292,3,1159,,,,,,,,,,,,024d66f792d9241cd6ae6f266bc9afd2d46efc8121690d56662f47852300733d
primary-groth16-d5,primary,groth16,5,22,verify_proof_direct,tx,G16-d5-p0,0,2,A0,Groth16LegacyVerifierDepth5,1000000,1,1,,,,,1,214597,292,1,1165,4660,32650,0,25660,188937,0,,,,,,38f356f938ae3972d0d16abf8b3d053f411f73f5e13f61d42c5093a3e09bf3e3
primary-groth16-d5,primary,groth16,5,23,verify_proof_direct,tx,G16-d5-p1,1,6,A0,Groth16LegacyVerifierDepth5,1000000,1,1,,,,,1,214585,292,2,1162,4648,32620,0,25648,188937,0,,,,,,a370a18d9c39377115545ba9af7615da222dc733a39c1b2c32fb2b9c4b33086f
primary-groth16-d5,primary,groth16,5,24,verify_proof_direct,tx,G16-d5-p2,2,10,A0,Groth16LegacyVerifierDepth5,1000000,1,1,,,,,1,214597,292,1,1165,4660,32650,0,25660,188937,0,,,,,,0d2d7d3aa3af7b66c607f41e3d721b8b42df5a3c86cee0d579ed2b26d5fed439
primary-groth16-d5,primary,groth16,5,25,verify_proof_direct,tx,G16-d5-p3,3,14,A0,Groth16LegacyVerifierDepth5,1000000,1,1,,,,,1,214597,292,1,1165,4660,32650,0,25660,188937,0,,,,,,0d788cabedc8faadf7f6192d7b7e3442591799b8d0f61f669d8e7044ff55b0d9
primary-groth16-d5,primary,groth16,5,26,verify_proof_direct,tx,G16-d5-p4,4,18,A0,Groth16LegacyVerifierDepth5,1000000,1,1,,,,,1,214585,292,2,1162,4648,32620,0,25648,188937,0,,,,,,8591dd32989bc600ebb0687f8686fdfb4796e90641751cf75de255ad63d285cb
primary-groth16-d5,primary,groth16,5,27,verify_proof_direct,tx,G16-d5-p5,5,22,A0,Groth16LegacyVerifierDepth5,1000000,1,1,,,,,1,214597,292,1,1165,4660,32650,0,25660,188937,0,,,,,,dde6e93a83ef8d8c28aaca9695ecffbc6f440d9d59cb4af669fcab2919339b70
primary-groth16-d5,primary,groth16,5,28,verify_proof_direct,tx,G16-d5-p6,6,26,A0,Groth16LegacyVerifierDepth5,1000000,1,1,,,,,1,214585,292,2,1162,4648,32620,0,25648,188937,0,,,,,,134926e4c635b7604bf798d424277df349d6073939e82a9a7aef5eb94f449937
primary-groth16-d5,primary,groth16,5,29,verify_proof_direct,tx,G16-d5-p7,7,30,A0,Groth16LegacyVerifierDepth5,1000000,1,1,,,,,1,214573,292,3,1159,4636,32590,0,25636,188937,0,,,,,,024d66f792d9241cd6ae6f266bc9afd2d46efc8121690d56662f47852300733d
primary-groth16-d5,primary,groth16,5,30,neg_unknown_root,tx,G16-d10-p0,0,64,A0,CredentialManagerGroth16,3000000,0,0,Invalid root,Invalid root,,,1,32590,292,3,1159,4636,32590,0,25636,6954,1,,,,,,9730c9450f195fc730e64f4d7205cbf45b26ff9f17580d9d401e13400ba0e3aa
primary-groth16-d5,primary,groth16,5,31,neg_tampered_call,call,G16-d5-p0,0,2,A0,Groth16LegacyVerifierDepth5,,call,call,,,false,false,1,,292,1,1165,,,,,,,,,,,,5169eaca91f388b9c453d6920bfc9ce86df4f28ac6f0c930b136dab1d05064cc
primary-groth16-d5,primary,groth16,5,32,neg_tampered,tx,G16-d5-p0,0,2,A0,CredentialManagerGroth16,3000000,0,0,Invalid proof,Invalid proof,,,1,2908558,292,1,1165,4660,32650,0,25660,2882898,0,,,,,,3706b086d0a5ec6b62119ecca236a168e121207ecd0d35c0be12cc6ee34c92c1
primary-groth16-d5,primary,groth16,5,33,neg_cross_depth_setup,tx,G16-d10-p0,0,64,A0,CredentialManagerGroth16,300000,1,1,,,,,1,47346,36,0,144,576,22440,0,21576,25770,0,,,,,,c70e0fc0dcce1b144b1b3352307a21f93a93f2fce4e70bc9dec9627a6e721205
primary-groth16-d5,primary,groth16,5,34,neg_cross_depth_call,call,G16-d10-p0,0,64,A0,Groth16LegacyVerifierDepth5,,call,call,,,false,false,1,,292,3,1159,,,,,,,,,,,,00d891db3117c020bf1d8ac8aacda4825f46fbd4c9b717316cfac8afe0a258f1
primary-groth16-d5,primary,groth16,5,35,neg_cross_depth,tx,G16-d10-p0,0,64,A0,CredentialManagerGroth16,3000000,0,0,Invalid proof,Invalid proof,,,1,222900,292,3,1159,4636,32590,0,25636,197264,0,,,,,,9730c9450f195fc730e64f4d7205cbf45b26ff9f17580d9d401e13400ba0e3aa
primary-groth16-d5,primary,groth16,5,36,neg_non_issuer,tx,G16-d5-p0,0,2,A1,CredentialManagerGroth16,300000,0,0,CredentialManager: not issuer,CredentialManager: not issuer,,,1,24171,36,1,141,564,22410,0,21564,2607,0,,,,,,b91c4cff980f8874fb8d0fca3dd2b3046defc125bb26b20f9f41f40dec3d44ad
primary-groth16-d10,primary,groth16,10,1,deploy_verifier,tx,,,,A0,Groth16LegacyVerifierDepth10,6000000,1,1,,,,,1,350072,1406,52,5468,21872,75680,32088,74960,275112,0,274800,1406,1374,0x0700d7a7bc18908790c68cd6f9a3800495db5899f2f6e28b8caf619f0315cd86,1,8b17fa53e7aaf7039bb4ad08aac38d5091723a2cd070bbc2c8cdad7c088fadf8
primary-groth16-d10,primary,groth16,10,2,deploy_manager,tx,,,,A0,CredentialManagerGroth16,6000000,1,1,,,,,1,565248,2410,84,9388,37552,114880,32152,90704,474544,0,428000,2410,2140,0x3fa88dab92b4daae5449537045ac5d6e143ea11f41fcdff2d37adb5523454ace,1,19ee042dbe867a3c02cb22e3913366b1c44d39bcad3099526989912ebfacd00a
primary-groth16-d10,primary,groth16,10,3,set_issuer,tx,,,,A0,CredentialManagerGroth16,300000,1,1,,,,,1,47900,68,43,143,572,22430,0,21572,26328,0,,,,,,727fd06686258f939093f54b4f3c375b0f3052da4ba7867e73d6f93a90702a06
primary-groth16-d10,primary,groth16,10,4,add_root,tx,,,,A0,CredentialManagerGroth16,300000,1,1,,,,,1,47346,36,0,144,576,22440,0,21576,25770,0,,,,,,c70e0fc0dcce1b144b1b3352307a21f93a93f2fce4e70bc9dec9627a6e721205
primary-groth16-d10,primary,groth16,10,5,precheck_call,call,G16-d10-p0,0,64,A0,CredentialManagerGroth16,,call,call,,,true,true,1,,292,3,1159,,,,,,,,,,,,9730c9450f195fc730e64f4d7205cbf45b26ff9f17580d9d401e13400ba0e3aa
primary-groth16-d10,primary,groth16,10,6,verify_credential,tx,G16-d10-p0,0,64,A0,CredentialManagerGroth16,1000000,1,1,,,,,1,223934,292,3,1159,4636,32590,0,25636,198298,0,,,,,,9730c9450f195fc730e64f4d7205cbf45b26ff9f17580d9d401e13400ba0e3aa
primary-groth16-d10,primary,groth16,10,7,verify_credential,tx,G16-d10-p1,1,192,A0,CredentialManagerGroth16,1000000,1,1,,,,,1,223958,292,1,1165,4660,32650,0,25660,198298,0,,,,,,ce971fb7c04ab6242abe8dc45051c213fc5eb3f431718bc559102945e2f5ac7f
primary-groth16-d10,primary,groth16,10,8,verify_credential,tx,G16-d10-p2,2,320,A0,CredentialManagerGroth16,1000000,1,1,,,,,1,223958,292,1,1165,4660,32650,0,25660,198298,0,,,,,,05488c1efe57727918a2f30464f34ab7190a523470bb1e28b2cbf273b7bc9ff0
primary-groth16-d10,primary,groth16,10,9,verify_credential,tx,G16-d10-p3,3,448,A0,CredentialManagerGroth16,1000000,1,1,,,,,1,223958,292,1,1165,4660,32650,0,25660,198298,0,,,,,,00e8073ce3e12ba5e382dcec248de28e00464a544418fc70d94f21d469d9db71
primary-groth16-d10,primary,groth16,10,10,verify_credential,tx,G16-d10-p4,4,576,A0,CredentialManagerGroth16,1000000,1,1,,,,,1,223970,292,0,1168,4672,32680,0,25672,198298,0,,,,,,59543a919d53a5ad666c27785dd7c3076027cf96c68a969a47deb6c7f925dcd0
primary-groth16-d10,primary,groth16,10,11,verify_credential,tx,G16-d10-p5,5,704,A0,CredentialManagerGroth16,1000000,1,1,,,,,1,223946,292,2,1162,4648,32620,0,25648,198298,0,,,,,,b6543fce59c9a7c85ee23e7af8353b303b0e0abdce519dbbcab282ac17abc282
primary-groth16-d10,primary,groth16,10,12,verify_credential,tx,G16-d10-p6,6,832,A0,CredentialManagerGroth16,1000000,1,1,,,,,1,223958,292,1,1165,4660,32650,0,25660,198298,0,,,,,,2dc740127d37e159c41eafc740c0789c3d3d9be27792a70e1c60d87ed0068c67
primary-groth16-d10,primary,groth16,10,13,verify_credential,tx,G16-d10-p7,7,960,A0,CredentialManagerGroth16,1000000,1,1,,,,,1,223970,292,0,1168,4672,32680,0,25672,198298,0,,,,,,4f9484fa4a26cde8d96adb5abaa73df628e6e1daf4e6a0483f68c5bd0fb236ac
primary-groth16-d10,primary,groth16,10,14,verify_proof_call,call,G16-d10-p0,0,64,A0,Groth16LegacyVerifierDepth10,,call,call,,,true,true,1,,292,3,1159,,,,,,,,,,,,00d891db3117c020bf1d8ac8aacda4825f46fbd4c9b717316cfac8afe0a258f1
primary-groth16-d10,primary,groth16,10,15,verify_proof_call,call,G16-d10-p1,1,192,A0,Groth16LegacyVerifierDepth10,,call,call,,,true,true,1,,292,1,1165,,,,,,,,,,,,1645716acb461e34dc46552d7fcf1ce299195a2fb7a62c0f326075b320757911
primary-groth16-d10,primary,groth16,10,16,verify_proof_call,call,G16-d10-p2,2,320,A0,Groth16LegacyVerifierDepth10,,call,call,,,true,true,1,,292,1,1165,,,,,,,,,,,,e00ac1cfc3d9e1435a403ff835d63c223b00433689af0910e239c682d3a7c8f8
primary-groth16-d10,primary,groth16,10,17,verify_proof_call,call,G16-d10-p3,3,448,A0,Groth16LegacyVerifierDepth10,,call,call,,,true,true,1,,292,1,1165,,,,,,,,,,,,e7a5fd90f11e6ab2780a4dabf33001319f7a90c8d20183a4917b7eefcdbb1748
primary-groth16-d10,primary,groth16,10,18,verify_proof_call,call,G16-d10-p4,4,576,A0,Groth16LegacyVerifierDepth10,,call,call,,,true,true,1,,292,0,1168,,,,,,,,,,,,ace199a0b5c2c1cefa420c81e73edf52324e609d35cd66d6a65d4f9f79ba1fad
primary-groth16-d10,primary,groth16,10,19,verify_proof_call,call,G16-d10-p5,5,704,A0,Groth16LegacyVerifierDepth10,,call,call,,,true,true,1,,292,2,1162,,,,,,,,,,,,4a4794dfc8fef58b0fa2776498d96153debbfcd07a1dceed3096b1534282d86c
primary-groth16-d10,primary,groth16,10,20,verify_proof_call,call,G16-d10-p6,6,832,A0,Groth16LegacyVerifierDepth10,,call,call,,,true,true,1,,292,1,1165,,,,,,,,,,,,f677a7107864d1b718341fa515ba5b5003e4860493038c0b7134ba336df114c8
primary-groth16-d10,primary,groth16,10,21,verify_proof_call,call,G16-d10-p7,7,960,A0,Groth16LegacyVerifierDepth10,,call,call,,,true,true,1,,292,0,1168,,,,,,,,,,,,82da605af1171262045712508f8f854cbccb163c2f904ab03c660d7bb743329e
primary-groth16-d10,primary,groth16,10,22,verify_proof_direct,tx,G16-d10-p0,0,64,A0,Groth16LegacyVerifierDepth10,1000000,1,1,,,,,1,214573,292,3,1159,4636,32590,0,25636,188937,0,,,,,,00d891db3117c020bf1d8ac8aacda4825f46fbd4c9b717316cfac8afe0a258f1
primary-groth16-d10,primary,groth16,10,23,verify_proof_direct,tx,G16-d10-p1,1,192,A0,Groth16LegacyVerifierDepth10,1000000,1,1,,,,,1,214597,292,1,1165,4660,32650,0,25660,188937,0,,,,,,1645716acb461e34dc46552d7fcf1ce299195a2fb7a62c0f326075b320757911
primary-groth16-d10,primary,groth16,10,24,verify_proof_direct,tx,G16-d10-p2,2,320,A0,Groth16LegacyVerifierDepth10,1000000,1,1,,,,,1,214597,292,1,1165,4660,32650,0,25660,188937,0,,,,,,e00ac1cfc3d9e1435a403ff835d63c223b00433689af0910e239c682d3a7c8f8
primary-groth16-d10,primary,groth16,10,25,verify_proof_direct,tx,G16-d10-p3,3,448,A0,Groth16LegacyVerifierDepth10,1000000,1,1,,,,,1,214597,292,1,1165,4660,32650,0,25660,188937,0,,,,,,e7a5fd90f11e6ab2780a4dabf33001319f7a90c8d20183a4917b7eefcdbb1748
primary-groth16-d10,primary,groth16,10,26,verify_proof_direct,tx,G16-d10-p4,4,576,A0,Groth16LegacyVerifierDepth10,1000000,1,1,,,,,1,214609,292,0,1168,4672,32680,0,25672,188937,0,,,,,,ace199a0b5c2c1cefa420c81e73edf52324e609d35cd66d6a65d4f9f79ba1fad
primary-groth16-d10,primary,groth16,10,27,verify_proof_direct,tx,G16-d10-p5,5,704,A0,Groth16LegacyVerifierDepth10,1000000,1,1,,,,,1,214585,292,2,1162,4648,32620,0,25648,188937,0,,,,,,4a4794dfc8fef58b0fa2776498d96153debbfcd07a1dceed3096b1534282d86c
primary-groth16-d10,primary,groth16,10,28,verify_proof_direct,tx,G16-d10-p6,6,832,A0,Groth16LegacyVerifierDepth10,1000000,1,1,,,,,1,214597,292,1,1165,4660,32650,0,25660,188937,0,,,,,,f677a7107864d1b718341fa515ba5b5003e4860493038c0b7134ba336df114c8
primary-groth16-d10,primary,groth16,10,29,verify_proof_direct,tx,G16-d10-p7,7,960,A0,Groth16LegacyVerifierDepth10,1000000,1,1,,,,,1,214609,292,0,1168,4672,32680,0,25672,188937,0,,,,,,82da605af1171262045712508f8f854cbccb163c2f904ab03c660d7bb743329e
primary-groth16-d10,primary,groth16,10,30,neg_unknown_root,tx,G16-d11-p0,0,128,A0,CredentialManagerGroth16,3000000,0,0,Invalid root,Invalid root,,,1,32620,292,2,1162,4648,32620,0,25648,6972,1,,,,,,ca9621b912a5f11cbb8dd875c48c9971287be9dbbe4454fcd36230ca7d465efc
primary-groth16-d10,primary,groth16,10,31,neg_tampered_call,call,G16-d10-p0,0,64,A0,Groth16LegacyVerifierDepth10,,call,call,,,false,false,1,,292,3,1159,,,,,,,,,,,,e94c445b8904355f9a108a30593cd3990c855d14f3613162e80cb327e2be1c56
primary-groth16-d10,primary,groth16,10,32,neg_tampered,tx,G16-d10-p0,0,64,A0,CredentialManagerGroth16,3000000,0,0,Invalid proof,Invalid proof,,,1,2908558,292,3,1159,4636,32590,0,25636,2882922,0,,,,,,0359f7f970a67b3f2d4109b3cbc4922d22b87ea1de3a05061910dd18526af2b3
primary-groth16-d10,primary,groth16,10,33,neg_cross_depth_setup,tx,G16-d11-p0,0,128,A0,CredentialManagerGroth16,300000,1,1,,,,,1,47334,36,1,141,564,22410,0,21564,25770,0,,,,,,d02fee54c295d1b5cc2948d9c79837ece40c0013835e3b9bb349e94ae744e758
primary-groth16-d10,primary,groth16,10,34,neg_cross_depth_call,call,G16-d11-p0,0,128,A0,Groth16LegacyVerifierDepth10,,call,call,,,false,false,1,,292,2,1162,,,,,,,,,,,,5bc6f0de4752c6450808a69e77e384f62a63422d6390520d86938db713353393
primary-groth16-d10,primary,groth16,10,35,neg_cross_depth,tx,G16-d11-p0,0,128,A0,CredentialManagerGroth16,3000000,0,0,Invalid proof,Invalid proof,,,1,222912,292,2,1162,4648,32620,0,25648,197264,0,,,,,,ca9621b912a5f11cbb8dd875c48c9971287be9dbbe4454fcd36230ca7d465efc
primary-groth16-d10,primary,groth16,10,36,neg_non_issuer,tx,G16-d10-p0,0,64,A1,CredentialManagerGroth16,300000,0,0,CredentialManager: not issuer,CredentialManager: not issuer,,,1,24183,36,0,144,576,22440,0,21576,2607,0,,,,,,c70e0fc0dcce1b144b1b3352307a21f93a93f2fce4e70bc9dec9627a6e721205
primary-groth16-d11,primary,groth16,11,1,deploy_verifier,tx,,,,A0,Groth16LegacyVerifierDepth11,6000000,1,1,,,,,1,349628,1404,53,5457,21828,75570,32088,74916,274712,0,274400,1404,1372,0x1660e5c0187e477090c96776978c5c58afcac37df9cc19705e8395f2a690cefa,1,3adaef3e110854ca0e56ddb1e23c340fceb960f9010c03b78741b3911d43effd
primary-groth16-d11,primary,groth16,11,2,deploy_manager,tx,,,,A0,CredentialManagerGroth16,6000000,1,1,,,,,1,565248,2410,84,9388,37552,114880,32152,90704,474544,0,428000,2410,2140,0x3fa88dab92b4daae5449537045ac5d6e143ea11f41fcdff2d37adb5523454ace,1,19ee042dbe867a3c02cb22e3913366b1c44d39bcad3099526989912ebfacd00a
primary-groth16-d11,primary,groth16,11,3,set_issuer,tx,,,,A0,CredentialManagerGroth16,300000,1,1,,,,,1,47900,68,43,143,572,22430,0,21572,26328,0,,,,,,727fd06686258f939093f54b4f3c375b0f3052da4ba7867e73d6f93a90702a06
primary-groth16-d11,primary,groth16,11,4,add_root,tx,,,,A0,CredentialManagerGroth16,300000,1,1,,,,,1,47334,36,1,141,564,22410,0,21564,25770,0,,,,,,d02fee54c295d1b5cc2948d9c79837ece40c0013835e3b9bb349e94ae744e758
primary-groth16-d11,primary,groth16,11,5,precheck_call,call,G16-d11-p0,0,128,A0,CredentialManagerGroth16,,call,call,,,true,true,1,,292,2,1162,,,,,,,,,,,,ca9621b912a5f11cbb8dd875c48c9971287be9dbbe4454fcd36230ca7d465efc
primary-groth16-d11,primary,groth16,11,6,verify_credential,tx,G16-d11-p0,0,128,A0,CredentialManagerGroth16,1000000,1,1,,,,,1,223946,292,2,1162,4648,32620,0,25648,198298,0,,,,,,ca9621b912a5f11cbb8dd875c48c9971287be9dbbe4454fcd36230ca7d465efc
primary-groth16-d11,primary,groth16,11,7,verify_credential,tx,G16-d11-p1,1,384,A0,CredentialManagerGroth16,1000000,1,1,,,,,1,223958,292,1,1165,4660,32650,0,25660,198298,0,,,,,,639c80471b559309e712f4c4ac80bdbc80d6df2460bd4c3bf55546677a3942c6
primary-groth16-d11,primary,groth16,11,8,verify_credential,tx,G16-d11-p2,2,640,A0,CredentialManagerGroth16,1000000,1,1,,,,,1,223958,292,1,1165,4660,32650,0,25660,198298,0,,,,,,a0d019788870875208b17503c52382242ecc7ef389c425030689cc5878f2facd
primary-groth16-d11,primary,groth16,11,9,verify_credential,tx,G16-d11-p3,3,896,A0,CredentialManagerGroth16,1000000,1,1,,,,,1,223946,292,2,1162,4648,32620,0,25648,198298,0,,,,,,44d222ad348d08cbb4c15c476f3f9e766c7b457489111eea40cf8035a9d57bfc
primary-groth16-d11,primary,groth16,11,10,verify_credential,tx,G16-d11-p4,4,1152,A0,CredentialManagerGroth16,1000000,1,1,,,,,1,223934,292,3,1159,4636,32590,0,25636,198298,0,,,,,,64ac10112def869faad27edcff3a1f184b4d69c408dd4ef9ba2791e00fbf2f70
primary-groth16-d11,primary,groth16,11,11,verify_credential,tx,G16-d11-p5,5,1408,A0,CredentialManagerGroth16,1000000,1,1,,,,,1,223934,292,3,1159,4636,32590,0,25636,198298,0,,,,,,0848907a05b5de2619814ca98c726689da9e07fb5de876c5f73602f5aecac8d5
primary-groth16-d11,primary,groth16,11,12,verify_credential,tx,G16-d11-p6,6,1664,A0,CredentialManagerGroth16,1000000,1,1,,,,,1,223934,292,3,1159,4636,32590,0,25636,198298,0,,,,,,0b038845691778d5ecf554fbad7edc36d34019f4458610826c0f782c2979d705
primary-groth16-d11,primary,groth16,11,13,verify_credential,tx,G16-d11-p7,7,1920,A0,CredentialManagerGroth16,1000000,1,1,,,,,1,223958,292,1,1165,4660,32650,0,25660,198298,0,,,,,,d12dd5a363059bb0a0018565ad35b45baaed224644c5e64c88f49a6eccf031c3
primary-groth16-d11,primary,groth16,11,14,verify_proof_call,call,G16-d11-p0,0,128,A0,Groth16LegacyVerifierDepth11,,call,call,,,true,true,1,,292,2,1162,,,,,,,,,,,,5bc6f0de4752c6450808a69e77e384f62a63422d6390520d86938db713353393
primary-groth16-d11,primary,groth16,11,15,verify_proof_call,call,G16-d11-p1,1,384,A0,Groth16LegacyVerifierDepth11,,call,call,,,true,true,1,,292,1,1165,,,,,,,,,,,,efa885aac2e9479c43fe12f6847995b17d8af96513378cc2c1d26e9d055da7b6
primary-groth16-d11,primary,groth16,11,16,verify_proof_call,call,G16-d11-p2,2,640,A0,Groth16LegacyVerifierDepth11,,call,call,,,true,true,1,,292,1,1165,,,,,,,,,,,,1c147d59cc572d343a1e8e2aa749baf09252f70a647b83a025998f089baf4314
primary-groth16-d11,primary,groth16,11,17,verify_proof_call,call,G16-d11-p3,3,896,A0,Groth16LegacyVerifierDepth11,,call,call,,,true,true,1,,292,2,1162,,,,,,,,,,,,2fbdfdd45ebdc64fe7acb287054cddc5aaf6fe7ea8c957460799f49e7a023e66
primary-groth16-d11,primary,groth16,11,18,verify_proof_call,call,G16-d11-p4,4,1152,A0,Groth16LegacyVerifierDepth11,,call,call,,,true,true,1,,292,3,1159,,,,,,,,,,,,8ee79a385961861f0584a8cc07e1ac2143ddddfb5aff9524d32bd25fa77eee7e
primary-groth16-d11,primary,groth16,11,19,verify_proof_call,call,G16-d11-p5,5,1408,A0,Groth16LegacyVerifierDepth11,,call,call,,,true,true,1,,292,3,1159,,,,,,,,,,,,13313b6af35602ffa5ef1ea582e8157c92d0fa235c2451b2d167238a0d99b0db
primary-groth16-d11,primary,groth16,11,20,verify_proof_call,call,G16-d11-p6,6,1664,A0,Groth16LegacyVerifierDepth11,,call,call,,,true,true,1,,292,3,1159,,,,,,,,,,,,97dcf0752aff5768c43511010524f8845e4a9b3d98d7209cb75d830bb8e5a8ec
primary-groth16-d11,primary,groth16,11,21,verify_proof_call,call,G16-d11-p7,7,1920,A0,Groth16LegacyVerifierDepth11,,call,call,,,true,true,1,,292,1,1165,,,,,,,,,,,,72eebe6c87a27b1c9fd074143c7d39950e530a76e30b35c9a17507790d335537
primary-groth16-d11,primary,groth16,11,22,verify_proof_direct,tx,G16-d11-p0,0,128,A0,Groth16LegacyVerifierDepth11,1000000,1,1,,,,,1,214585,292,2,1162,4648,32620,0,25648,188937,0,,,,,,5bc6f0de4752c6450808a69e77e384f62a63422d6390520d86938db713353393
primary-groth16-d11,primary,groth16,11,23,verify_proof_direct,tx,G16-d11-p1,1,384,A0,Groth16LegacyVerifierDepth11,1000000,1,1,,,,,1,214597,292,1,1165,4660,32650,0,25660,188937,0,,,,,,efa885aac2e9479c43fe12f6847995b17d8af96513378cc2c1d26e9d055da7b6
primary-groth16-d11,primary,groth16,11,24,verify_proof_direct,tx,G16-d11-p2,2,640,A0,Groth16LegacyVerifierDepth11,1000000,1,1,,,,,1,214597,292,1,1165,4660,32650,0,25660,188937,0,,,,,,1c147d59cc572d343a1e8e2aa749baf09252f70a647b83a025998f089baf4314
primary-groth16-d11,primary,groth16,11,25,verify_proof_direct,tx,G16-d11-p3,3,896,A0,Groth16LegacyVerifierDepth11,1000000,1,1,,,,,1,214585,292,2,1162,4648,32620,0,25648,188937,0,,,,,,2fbdfdd45ebdc64fe7acb287054cddc5aaf6fe7ea8c957460799f49e7a023e66
primary-groth16-d11,primary,groth16,11,26,verify_proof_direct,tx,G16-d11-p4,4,1152,A0,Groth16LegacyVerifierDepth11,1000000,1,1,,,,,1,214573,292,3,1159,4636,32590,0,25636,188937,0,,,,,,8ee79a385961861f0584a8cc07e1ac2143ddddfb5aff9524d32bd25fa77eee7e
primary-groth16-d11,primary,groth16,11,27,verify_proof_direct,tx,G16-d11-p5,5,1408,A0,Groth16LegacyVerifierDepth11,1000000,1,1,,,,,1,214573,292,3,1159,4636,32590,0,25636,188937,0,,,,,,13313b6af35602ffa5ef1ea582e8157c92d0fa235c2451b2d167238a0d99b0db
primary-groth16-d11,primary,groth16,11,28,verify_proof_direct,tx,G16-d11-p6,6,1664,A0,Groth16LegacyVerifierDepth11,1000000,1,1,,,,,1,214573,292,3,1159,4636,32590,0,25636,188937,0,,,,,,97dcf0752aff5768c43511010524f8845e4a9b3d98d7209cb75d830bb8e5a8ec
primary-groth16-d11,primary,groth16,11,29,verify_proof_direct,tx,G16-d11-p7,7,1920,A0,Groth16LegacyVerifierDepth11,1000000,1,1,,,,,1,214597,292,1,1165,4660,32650,0,25660,188937,0,,,,,,72eebe6c87a27b1c9fd074143c7d39950e530a76e30b35c9a17507790d335537
primary-groth16-d11,primary,groth16,11,30,neg_unknown_root,tx,G16-d15-p0,0,2048,A0,CredentialManagerGroth16,3000000,0,0,Invalid root,Invalid root,,,1,32680,292,0,1168,4672,32680,0,25672,7008,1,,,,,,1ce3baf053b44ac9c96d03a3ffb948677aa627e3073963fb9a5209d034620599
primary-groth16-d11,primary,groth16,11,31,neg_tampered_call,call,G16-d11-p0,0,128,A0,Groth16LegacyVerifierDepth11,,call,call,,,false,false,1,,292,2,1162,,,,,,,,,,,,978167ce868bdde21a4e446ff192d661cfbe5e9a94cf2ab3bb651c1803218a1e
primary-groth16-d11,primary,groth16,11,32,neg_tampered,tx,G16-d11-p0,0,128,A0,CredentialManagerGroth16,3000000,0,0,Invalid proof,Invalid proof,,,1,2908558,292,2,1162,4648,32620,0,25648,2882910,0,,,,,,4600ea442b9dade6481bb2b6be2cf2ffc3335fa332050a02a4626b27822cfb63
primary-groth16-d11,primary,groth16,11,33,neg_cross_depth_setup,tx,G16-d15-p0,0,2048,A0,CredentialManagerGroth16,300000,1,1,,,,,1,47346,36,0,144,576,22440,0,21576,25770,0,,,,,,f2931f0aaf26f5d51c33dadce13833370940a08948160921859c7fe776ca5aa8
primary-groth16-d11,primary,groth16,11,34,neg_cross_depth_call,call,G16-d15-p0,0,2048,A0,Groth16LegacyVerifierDepth11,,call,call,,,false,false,1,,292,0,1168,,,,,,,,,,,,c1fa14b5797405497200d6957b5158faa30002873d39b43b4fd1ea982ca39ae2
primary-groth16-d11,primary,groth16,11,35,neg_cross_depth,tx,G16-d15-p0,0,2048,A0,CredentialManagerGroth16,3000000,0,0,Invalid proof,Invalid proof,,,1,222936,292,0,1168,4672,32680,0,25672,197264,0,,,,,,1ce3baf053b44ac9c96d03a3ffb948677aa627e3073963fb9a5209d034620599
primary-groth16-d11,primary,groth16,11,36,neg_non_issuer,tx,G16-d11-p0,0,128,A1,CredentialManagerGroth16,300000,0,0,CredentialManager: not issuer,CredentialManager: not issuer,,,1,24171,36,1,141,564,22410,0,21564,2607,0,,,,,,d02fee54c295d1b5cc2948d9c79837ece40c0013835e3b9bb349e94ae744e758
primary-groth16-d15,primary,groth16,15,1,deploy_verifier,tx,,,,A0,Groth16LegacyVerifierDepth15,6000000,1,1,,,,,1,350060,1406,53,5465,21860,75650,32088,74948,275112,0,274800,1406,1374,0x085bab7f625aa60f1081b7b3292531997c4733a612dafcfdf8375abde640ef74,1,3f30bce356e4b31c965f1dd559f21665a3ccac9072a6d3c5b285eeb2498ef24c
primary-groth16-d15,primary,groth16,15,2,deploy_manager,tx,,,,A0,CredentialManagerGroth16,6000000,1,1,,,,,1,565248,2410,84,9388,37552,114880,32152,90704,474544,0,428000,2410,2140,0x3fa88dab92b4daae5449537045ac5d6e143ea11f41fcdff2d37adb5523454ace,1,19ee042dbe867a3c02cb22e3913366b1c44d39bcad3099526989912ebfacd00a
primary-groth16-d15,primary,groth16,15,3,set_issuer,tx,,,,A0,CredentialManagerGroth16,300000,1,1,,,,,1,47900,68,43,143,572,22430,0,21572,26328,0,,,,,,727fd06686258f939093f54b4f3c375b0f3052da4ba7867e73d6f93a90702a06
primary-groth16-d15,primary,groth16,15,4,add_root,tx,,,,A0,CredentialManagerGroth16,300000,1,1,,,,,1,47346,36,0,144,576,22440,0,21576,25770,0,,,,,,f2931f0aaf26f5d51c33dadce13833370940a08948160921859c7fe776ca5aa8
primary-groth16-d15,primary,groth16,15,5,precheck_call,call,G16-d15-p0,0,2048,A0,CredentialManagerGroth16,,call,call,,,true,true,1,,292,0,1168,,,,,,,,,,,,1ce3baf053b44ac9c96d03a3ffb948677aa627e3073963fb9a5209d034620599
primary-groth16-d15,primary,groth16,15,6,verify_credential,tx,G16-d15-p0,0,2048,A0,CredentialManagerGroth16,1000000,1,1,,,,,1,223970,292,0,1168,4672,32680,0,25672,198298,0,,,,,,1ce3baf053b44ac9c96d03a3ffb948677aa627e3073963fb9a5209d034620599
primary-groth16-d15,primary,groth16,15,7,verify_credential,tx,G16-d15-p1,1,6144,A0,CredentialManagerGroth16,1000000,1,1,,,,,1,223958,292,1,1165,4660,32650,0,25660,198298,0,,,,,,913be1bdecd87ce3996ebc8d1ff465d022fd88203fda1136b6e51a4daa850cb7
primary-groth16-d15,primary,groth16,15,8,verify_credential,tx,G16-d15-p2,2,10240,A0,CredentialManagerGroth16,1000000,1,1,,,,,1,223946,292,2,1162,4648,32620,0,25648,198298,0,,,,,,dd83f315fa1aade3a4be6c26fb8582bd4edfac15a5c523ec8af8adb9811c98d2
primary-groth16-d15,primary,groth16,15,9,verify_credential,tx,G16-d15-p3,3,14336,A0,CredentialManagerGroth16,1000000,1,1,,,,,1,223958,292,1,1165,4660,32650,0,25660,198298,0,,,,,,749f32790365347d532b39ccf08ab073437daf09b7ac9d073142ce6773ca9104
primary-groth16-d15,primary,groth16,15,10,verify_credential,tx,G16-d15-p4,4,18432,A0,CredentialManagerGroth16,1000000,1,1,,,,,1,223970,292,0,1168,4672,32680,0,25672,198298,0,,,,,,bb58032357ff31a89916564de19e9f3c131369a58d13300b9c9f9886cf3f7ed6
primary-groth16-d15,primary,groth16,15,11,verify_credential,tx,G16-d15-p5,5,22528,A0,CredentialManagerGroth16,1000000,1,1,,,,,1,223946,292,2,1162,4648,32620,0,25648,198298,0,,,,,,4b8d4700d0bb0121d4e896a6797320d9ad6e3f3abc9743f61dc4c52d0daa34e4
primary-groth16-d15,primary,groth16,15,12,verify_credential,tx,G16-d15-p6,6,26624,A0,CredentialManagerGroth16,1000000,1,1,,,,,1,223958,292,1,1165,4660,32650,0,25660,198298,0,,,,,,c78222b8f86cc480198574e141459b4aecf74592b5a1c8df77ac6d5cfaa50c4a
primary-groth16-d15,primary,groth16,15,13,verify_credential,tx,G16-d15-p7,7,30720,A0,CredentialManagerGroth16,1000000,1,1,,,,,1,223958,292,1,1165,4660,32650,0,25660,198298,0,,,,,,0939ed3af2b91f3f33792cb3e6506f1e25c8e4c8e96276543fb527ab44c08632
primary-groth16-d15,primary,groth16,15,14,verify_proof_call,call,G16-d15-p0,0,2048,A0,Groth16LegacyVerifierDepth15,,call,call,,,true,true,1,,292,0,1168,,,,,,,,,,,,c1fa14b5797405497200d6957b5158faa30002873d39b43b4fd1ea982ca39ae2
primary-groth16-d15,primary,groth16,15,15,verify_proof_call,call,G16-d15-p1,1,6144,A0,Groth16LegacyVerifierDepth15,,call,call,,,true,true,1,,292,1,1165,,,,,,,,,,,,9a69908c11b9d604d07eeeb7aa75afd25faa2970a09fad8fe1226b6108a691f7
primary-groth16-d15,primary,groth16,15,16,verify_proof_call,call,G16-d15-p2,2,10240,A0,Groth16LegacyVerifierDepth15,,call,call,,,true,true,1,,292,2,1162,,,,,,,,,,,,ffa426a227502e520b215cbad8054ba8c89f180fc933010c3d58b8205d5eaa0e
primary-groth16-d15,primary,groth16,15,17,verify_proof_call,call,G16-d15-p3,3,14336,A0,Groth16LegacyVerifierDepth15,,call,call,,,true,true,1,,292,1,1165,,,,,,,,,,,,353c4bf788dd3eea11cad07d0eee3159b83e1600578b4dbefa6fe480a037a61b
primary-groth16-d15,primary,groth16,15,18,verify_proof_call,call,G16-d15-p4,4,18432,A0,Groth16LegacyVerifierDepth15,,call,call,,,true,true,1,,292,0,1168,,,,,,,,,,,,0275540c48b6aadc24187f726a135babd7acf2161a082d7eb14a4c20bdacc4c5
primary-groth16-d15,primary,groth16,15,19,verify_proof_call,call,G16-d15-p5,5,22528,A0,Groth16LegacyVerifierDepth15,,call,call,,,true,true,1,,292,2,1162,,,,,,,,,,,,0e3a31470df088a45ddf346b4ebae6ef688c42c6473017d52829f93f2e126363
primary-groth16-d15,primary,groth16,15,20,verify_proof_call,call,G16-d15-p6,6,26624,A0,Groth16LegacyVerifierDepth15,,call,call,,,true,true,1,,292,1,1165,,,,,,,,,,,,068b52d1b0b961e5b1d34659e007396c3564365df391b9c79a52500e2d10202b
primary-groth16-d15,primary,groth16,15,21,verify_proof_call,call,G16-d15-p7,7,30720,A0,Groth16LegacyVerifierDepth15,,call,call,,,true,true,1,,292,1,1165,,,,,,,,,,,,613402477dba87fc3cf8902e3beabb20992e3af063701ebc06397c5554ef618f
primary-groth16-d15,primary,groth16,15,22,verify_proof_direct,tx,G16-d15-p0,0,2048,A0,Groth16LegacyVerifierDepth15,1000000,1,1,,,,,1,214609,292,0,1168,4672,32680,0,25672,188937,0,,,,,,c1fa14b5797405497200d6957b5158faa30002873d39b43b4fd1ea982ca39ae2
primary-groth16-d15,primary,groth16,15,23,verify_proof_direct,tx,G16-d15-p1,1,6144,A0,Groth16LegacyVerifierDepth15,1000000,1,1,,,,,1,214597,292,1,1165,4660,32650,0,25660,188937,0,,,,,,9a69908c11b9d604d07eeeb7aa75afd25faa2970a09fad8fe1226b6108a691f7
primary-groth16-d15,primary,groth16,15,24,verify_proof_direct,tx,G16-d15-p2,2,10240,A0,Groth16LegacyVerifierDepth15,1000000,1,1,,,,,1,214585,292,2,1162,4648,32620,0,25648,188937,0,,,,,,ffa426a227502e520b215cbad8054ba8c89f180fc933010c3d58b8205d5eaa0e
primary-groth16-d15,primary,groth16,15,25,verify_proof_direct,tx,G16-d15-p3,3,14336,A0,Groth16LegacyVerifierDepth15,1000000,1,1,,,,,1,214597,292,1,1165,4660,32650,0,25660,188937,0,,,,,,353c4bf788dd3eea11cad07d0eee3159b83e1600578b4dbefa6fe480a037a61b
primary-groth16-d15,primary,groth16,15,26,verify_proof_direct,tx,G16-d15-p4,4,18432,A0,Groth16LegacyVerifierDepth15,1000000,1,1,,,,,1,214609,292,0,1168,4672,32680,0,25672,188937,0,,,,,,0275540c48b6aadc24187f726a135babd7acf2161a082d7eb14a4c20bdacc4c5
primary-groth16-d15,primary,groth16,15,27,verify_proof_direct,tx,G16-d15-p5,5,22528,A0,Groth16LegacyVerifierDepth15,1000000,1,1,,,,,1,214585,292,2,1162,4648,32620,0,25648,188937,0,,,,,,0e3a31470df088a45ddf346b4ebae6ef688c42c6473017d52829f93f2e126363
primary-groth16-d15,primary,groth16,15,28,verify_proof_direct,tx,G16-d15-p6,6,26624,A0,Groth16LegacyVerifierDepth15,1000000,1,1,,,,,1,214597,292,1,1165,4660,32650,0,25660,188937,0,,,,,,068b52d1b0b961e5b1d34659e007396c3564365df391b9c79a52500e2d10202b
primary-groth16-d15,primary,groth16,15,29,verify_proof_direct,tx,G16-d15-p7,7,30720,A0,Groth16LegacyVerifierDepth15,1000000,1,1,,,,,1,214597,292,1,1165,4660,32650,0,25660,188937,0,,,,,,613402477dba87fc3cf8902e3beabb20992e3af063701ebc06397c5554ef618f
primary-groth16-d15,primary,groth16,15,30,neg_unknown_root,tx,G16-d5-p0,0,2,A0,CredentialManagerGroth16,3000000,0,0,Invalid root,Invalid root,,,1,32650,292,1,1165,4660,32650,0,25660,6990,1,,,,,,5837cb8f85853d1b4c5630e24fd145aeeb696d2dcc92dcf8c0220201ca5ef8a8
primary-groth16-d15,primary,groth16,15,31,neg_tampered_call,call,G16-d15-p0,0,2048,A0,Groth16LegacyVerifierDepth15,,call,call,,,false,false,1,,292,0,1168,,,,,,,,,,,,bf67d87904261a032b70ac066fdaff8562305fb0f29df05a09c45733af71f86a
primary-groth16-d15,primary,groth16,15,32,neg_tampered,tx,G16-d15-p0,0,2048,A0,CredentialManagerGroth16,3000000,0,0,Invalid proof,Invalid proof,,,1,2908559,292,0,1168,4672,32680,0,25672,2882887,0,,,,,,efe670202ea345c867563e45ee90e49bf8d879ab5cda61a381456e8ab2616e6c
primary-groth16-d15,primary,groth16,15,33,neg_cross_depth_setup,tx,G16-d5-p0,0,2,A0,CredentialManagerGroth16,300000,1,1,,,,,1,47334,36,1,141,564,22410,0,21564,25770,0,,,,,,b91c4cff980f8874fb8d0fca3dd2b3046defc125bb26b20f9f41f40dec3d44ad
primary-groth16-d15,primary,groth16,15,34,neg_cross_depth_call,call,G16-d5-p0,0,2,A0,Groth16LegacyVerifierDepth15,,call,call,,,false,false,1,,292,1,1165,,,,,,,,,,,,38f356f938ae3972d0d16abf8b3d053f411f73f5e13f61d42c5093a3e09bf3e3
primary-groth16-d15,primary,groth16,15,35,neg_cross_depth,tx,G16-d5-p0,0,2,A0,CredentialManagerGroth16,3000000,0,0,Invalid proof,Invalid proof,,,1,222924,292,1,1165,4660,32650,0,25660,197264,0,,,,,,5837cb8f85853d1b4c5630e24fd145aeeb696d2dcc92dcf8c0220201ca5ef8a8
primary-groth16-d15,primary,groth16,15,36,neg_non_issuer,tx,G16-d15-p0,0,2048,A1,CredentialManagerGroth16,300000,0,0,CredentialManager: not issuer,CredentialManager: not issuer,,,1,24183,36,0,144,576,22440,0,21576,2607,0,,,,,,f2931f0aaf26f5d51c33dadce13833370940a08948160921859c7fe776ca5aa8
primary-plonk-d5,primary,plonk,5,1,deploy_verifier,tx,,,,A0,PlonkVerifierDepth5,6000000,1,1,,,,,1,1222665,5447,163,21299,85196,233990,32342,138538,1084127,0,1083000,5447,5415,0x81bd2193cc19102868c8c8e61cf5999441a2925fabdaac763111cf7322ed082d,1,72a8ad6d40abccfee2f54b05c75339a73db6a005629eba516deb0f1baa4777f3
primary-plonk-d5,primary,plonk,5,2,deploy_manager,tx,,,,A0,CredentialManagerPlonk,6000000,1,1,,,,,1,541930,2302,81,8965,35860,110650,32144,89004,452926,0,406400,2302,2032,0x81cfa580fc010d5bf437f4e25120ed772a570f64d5503726e6beb874892ec653,1,bd7d37aac5445da7be132e8d32c481e19c8340c0c76eebdf81a7dbf12c9c4d18
primary-plonk-d5,primary,plonk,5,3,set_issuer,tx,,,,A0,CredentialManagerPlonk,300000,1,1,,,,,1,47900,68,43,143,572,22430,0,21572,26328,0,,,,,,727fd06686258f939093f54b4f3c375b0f3052da4ba7867e73d6f93a90702a06
primary-plonk-d5,primary,plonk,5,4,add_root,tx,,,,A0,CredentialManagerPlonk,300000,1,1,,,,,1,47334,36,1,141,564,22410,0,21564,25770,0,,,,,,b91c4cff980f8874fb8d0fca3dd2b3046defc125bb26b20f9f41f40dec3d44ad
primary-plonk-d5,primary,plonk,5,5,precheck_call,call,PLK-d5-p0,0,2,A0,CredentialManagerPlonk,,call,call,,,true,true,1,,804,4,3204,,,,,,,,,,,,43edca5dc105fc7a2008617ce100ed5d4b4dfcfbb283d718f619c9c958c213d5
primary-plonk-d5,primary,plonk,5,6,verify_credential,tx,PLK-d5-p0,0,2,A0,CredentialManagerPlonk,1000000,1,1,,,,,1,300167,804,4,3204,12816,53040,0,33816,266351,0,,,,,,43edca5dc105fc7a2008617ce100ed5d4b4dfcfbb283d718f619c9c958c213d5
primary-plonk-d5,primary,plonk,5,7,verify_credential,tx,PLK-d5-p1,1,6,A0,CredentialManagerPlonk,1000000,1,1,,,,,1,300779,804,5,3201,12804,53010,0,33804,266975,0,,,,,,86f8b64f77f59cee77380b829d5b3fb4afa133bac3c198b78e66853bf8c4b119
primary-plonk-d5,primary,plonk,5,8,verify_credential,tx,PLK-d5-p2,2,10,A0,CredentialManagerPlonk,1000000,1,1,,,,,1,300583,804,4,3204,12816,53040,0,33816,266767,0,,,,,,ffdd5ae292f5b9ded76d21e7c3fda21840aa05bd2c0e8db005e0d95e4bb96f46
primary-plonk-d5,primary,plonk,5,9,verify_credential,tx,PLK-d5-p3,3,14,A0,CredentialManagerPlonk,1000000,1,1,,,,,1,299641,804,4,3204,12816,53040,0,33816,265825,0,,,,,,7100c4ceb7d3eac1a386d382445e8c82573a93504ce95775938d7ee860489fb1
primary-plonk-d5,primary,plonk,5,10,verify_credential,tx,PLK-d5-p4,4,18,A0,CredentialManagerPlonk,1000000,1,1,,,,,1,299397,804,7,3195,12780,52950,0,33780,265617,0,,,,,,b3d581ac9073e9ecef7aa2b165d9ab56e3e007d1e27a6b30ea0d0c7fe7507ef8
primary-plonk-d5,primary,plonk,5,11,verify_credential,tx,PLK-d5-p5,5,22,A0,CredentialManagerPlonk,1000000,1,1,,,,,1,301023,804,2,3210,12840,53100,0,33840,267183,0,,,,,,b8ab9406f5505391e667b4eb1f090783eafb3ba6083f0902b73cbc9eb4771fc5
primary-plonk-d5,primary,plonk,5,12,verify_credential,tx,PLK-d5-p6,6,26,A0,CredentialManagerPlonk,1000000,1,1,,,,,1,299971,804,3,3207,12828,53070,0,33828,266143,0,,,,,,9bbdcf2a8a9d4ac362cef928b0566c8810bbac0ba270528d8e44ca15c64c34f6
primary-plonk-d5,primary,plonk,5,13,verify_credential,tx,PLK-d5-p7,7,30,A0,CredentialManagerPlonk,1000000,1,1,,,,,1,300057,804,4,3204,12816,53040,0,33816,266241,0,,,,,,a7ba63f536e220919d55362f6d0cbb38e3fd3ecc97e630595bcf4e3cee5c1613
primary-plonk-d5,primary,plonk,5,14,verify_proof_call,call,PLK-d5-p0,0,2,A0,PlonkVerifierDepth5,,call,call,,,true,true,1,,804,4,3204,,,,,,,,,,,,315d3ac17962361c7786a0a69b96507826e7200eb0f41d726d0c5b3e60c1664f
primary-plonk-d5,primary,plonk,5,15,verify_proof_call,call,PLK-d5-p1,1,6,A0,PlonkVerifierDepth5,,call,call,,,true,true,1,,804,5,3201,,,,,,,,,,,,adf8fc4951542c7e77aee9b94bfd4decbe39c77e994f1fc8643af1de194144c4
primary-plonk-d5,primary,plonk,5,16,verify_proof_call,call,PLK-d5-p2,2,10,A0,PlonkVerifierDepth5,,call,call,,,true,true,1,,804,4,3204,,,,,,,,,,,,75791ed8effde38cdc62ae3343c5d8a5c8abdb768baebba56b256a481395f051
primary-plonk-d5,primary,plonk,5,17,verify_proof_call,call,PLK-d5-p3,3,14,A0,PlonkVerifierDepth5,,call,call,,,true,true,1,,804,4,3204,,,,,,,,,,,,d89fad3824540a62becd6c05314a55640a623d891fc0dd345737c5a96088ae96
primary-plonk-d5,primary,plonk,5,18,verify_proof_call,call,PLK-d5-p4,4,18,A0,PlonkVerifierDepth5,,call,call,,,true,true,1,,804,7,3195,,,,,,,,,,,,00a412fdd50ed0579794986f6fec492b9d8a73fa4fbff3de4ad2ff142c573714
primary-plonk-d5,primary,plonk,5,19,verify_proof_call,call,PLK-d5-p5,5,22,A0,PlonkVerifierDepth5,,call,call,,,true,true,1,,804,2,3210,,,,,,,,,,,,da686518d90d12cea4470c4496b189453d759e65073074844727bed97b936bf1
primary-plonk-d5,primary,plonk,5,20,verify_proof_call,call,PLK-d5-p6,6,26,A0,PlonkVerifierDepth5,,call,call,,,true,true,1,,804,3,3207,,,,,,,,,,,,6f8665c0eafdc54e9771572f703364897b0e02f2638c398a460ba104e5e07367
primary-plonk-d5,primary,plonk,5,21,verify_proof_call,call,PLK-d5-p7,7,30,A0,PlonkVerifierDepth5,,call,call,,,true,true,1,,804,4,3204,,,,,,,,,,,,18bce2fab0677dfe4ebf0987795ba0ab36e3e0baa7c4d9252de01d38cbcfb14d
primary-plonk-d5,primary,plonk,5,22,verify_proof_direct,tx,PLK-d5-p0,0,2,A0,PlonkVerifierDepth5,1000000,1,1,,,,,1,291168,804,4,3204,12816,53040,0,33816,257352,0,,,,,,315d3ac17962361c7786a0a69b96507826e7200eb0f41d726d0c5b3e60c1664f
primary-plonk-d5,primary,plonk,5,23,verify_proof_direct,tx,PLK-d5-p1,1,6,A0,PlonkVerifierDepth5,1000000,1,1,,,,,1,291780,804,5,3201,12804,53010,0,33804,257976,0,,,,,,adf8fc4951542c7e77aee9b94bfd4decbe39c77e994f1fc8643af1de194144c4
primary-plonk-d5,primary,plonk,5,24,verify_proof_direct,tx,PLK-d5-p2,2,10,A0,PlonkVerifierDepth5,1000000,1,1,,,,,1,291584,804,4,3204,12816,53040,0,33816,257768,0,,,,,,75791ed8effde38cdc62ae3343c5d8a5c8abdb768baebba56b256a481395f051
primary-plonk-d5,primary,plonk,5,25,verify_proof_direct,tx,PLK-d5-p3,3,14,A0,PlonkVerifierDepth5,1000000,1,1,,,,,1,290642,804,4,3204,12816,53040,0,33816,256826,0,,,,,,d89fad3824540a62becd6c05314a55640a623d891fc0dd345737c5a96088ae96
primary-plonk-d5,primary,plonk,5,26,verify_proof_direct,tx,PLK-d5-p4,4,18,A0,PlonkVerifierDepth5,1000000,1,1,,,,,1,290398,804,7,3195,12780,52950,0,33780,256618,0,,,,,,00a412fdd50ed0579794986f6fec492b9d8a73fa4fbff3de4ad2ff142c573714
primary-plonk-d5,primary,plonk,5,27,verify_proof_direct,tx,PLK-d5-p5,5,22,A0,PlonkVerifierDepth5,1000000,1,1,,,,,1,292024,804,2,3210,12840,53100,0,33840,258184,0,,,,,,da686518d90d12cea4470c4496b189453d759e65073074844727bed97b936bf1
primary-plonk-d5,primary,plonk,5,28,verify_proof_direct,tx,PLK-d5-p6,6,26,A0,PlonkVerifierDepth5,1000000,1,1,,,,,1,290972,804,3,3207,12828,53070,0,33828,257144,0,,,,,,6f8665c0eafdc54e9771572f703364897b0e02f2638c398a460ba104e5e07367
primary-plonk-d5,primary,plonk,5,29,verify_proof_direct,tx,PLK-d5-p7,7,30,A0,PlonkVerifierDepth5,1000000,1,1,,,,,1,291058,804,4,3204,12816,53040,0,33816,257242,0,,,,,,18bce2fab0677dfe4ebf0987795ba0ab36e3e0baa7c4d9252de01d38cbcfb14d
primary-plonk-d5,primary,plonk,5,30,neg_unknown_root,tx,PLK-d10-p0,0,64,A0,CredentialManagerPlonk,3000000,0,0,Invalid root,Invalid root,,,1,53040,804,4,3204,12816,53040,0,33816,19224,1,,,,,,6bf3a0d41decfc4fef1c2d1b8f63a8e574b03afc39ee5228c6ae46acbaf08690
primary-plonk-d5,primary,plonk,5,31,neg_tampered_call,call,PLK-d5-p0,0,2,A0,PlonkVerifierDepth5,,call,call,,,false,false,1,,804,4,3204,,,,,,,,,,,,b11e07f711e5e9da2fb7a45bd7af0acbaff903d0af96396c62397206cbfa61f7
primary-plonk-d5,primary,plonk,5,32,neg_tampered,tx,PLK-d5-p0,0,2,A0,CredentialManagerPlonk,3000000,0,0,Invalid proof,Invalid proof,,,1,299137,804,4,3204,12816,53040,0,33816,265321,0,,,,,,ed2b76749cae6ee859546569ede982b69378a052327e7f57caed0f7975f32c0b
primary-plonk-d5,primary,plonk,5,33,neg_cross_depth_setup,tx,PLK-d10-p0,0,64,A0,CredentialManagerPlonk,300000,1,1,,,,,1,47346,36,0,144,576,22440,0,21576,25770,0,,,,,,c70e0fc0dcce1b144b1b3352307a21f93a93f2fce4e70bc9dec9627a6e721205
primary-plonk-d5,primary,plonk,5,34,neg_cross_depth_call,call,PLK-d10-p0,0,64,A0,PlonkVerifierDepth5,,call,call,,,false,false,1,,804,4,3204,,,,,,,,,,,,90dd66bcd72c6143529772c40d979cb44dfc9cc4e0b417de520a01bb3ca89f57
primary-plonk-d5,primary,plonk,5,35,neg_cross_depth,tx,PLK-d10-p0,0,64,A0,CredentialManagerPlonk,3000000,0,0,Invalid proof,Invalid proof,,,1,299235,804,4,3204,12816,53040,0,33816,265419,0,,,,,,6bf3a0d41decfc4fef1c2d1b8f63a8e574b03afc39ee5228c6ae46acbaf08690
primary-plonk-d5,primary,plonk,5,36,neg_non_issuer,tx,PLK-d5-p0,0,2,A1,CredentialManagerPlonk,300000,0,0,CredentialManager: not issuer,CredentialManager: not issuer,,,1,24171,36,1,141,564,22410,0,21564,2607,0,,,,,,b91c4cff980f8874fb8d0fca3dd2b3046defc125bb26b20f9f41f40dec3d44ad
primary-plonk-d10,primary,plonk,10,1,deploy_verifier,tx,,,,A0,PlonkVerifierDepth10,6000000,1,1,,,,,1,1222173,5445,168,21276,85104,233760,32342,138446,1083727,0,1082600,5445,5413,0x0f9e4e6a75f74410329f14fbc186bf6a563c32c6ade9bb87c537b598001df46a,1,f5cab2d9465094fdad6b7a9d25f16fb8568bc3dadeffeae49ee20605d3da96d4
primary-plonk-d10,primary,plonk,10,2,deploy_manager,tx,,,,A0,CredentialManagerPlonk,6000000,1,1,,,,,1,541930,2302,81,8965,35860,110650,32144,89004,452926,0,406400,2302,2032,0x81cfa580fc010d5bf437f4e25120ed772a570f64d5503726e6beb874892ec653,1,bd7d37aac5445da7be132e8d32c481e19c8340c0c76eebdf81a7dbf12c9c4d18
primary-plonk-d10,primary,plonk,10,3,set_issuer,tx,,,,A0,CredentialManagerPlonk,300000,1,1,,,,,1,47900,68,43,143,572,22430,0,21572,26328,0,,,,,,727fd06686258f939093f54b4f3c375b0f3052da4ba7867e73d6f93a90702a06
primary-plonk-d10,primary,plonk,10,4,add_root,tx,,,,A0,CredentialManagerPlonk,300000,1,1,,,,,1,47346,36,0,144,576,22440,0,21576,25770,0,,,,,,c70e0fc0dcce1b144b1b3352307a21f93a93f2fce4e70bc9dec9627a6e721205
primary-plonk-d10,primary,plonk,10,5,precheck_call,call,PLK-d10-p0,0,64,A0,CredentialManagerPlonk,,call,call,,,true,true,1,,804,4,3204,,,,,,,,,,,,6bf3a0d41decfc4fef1c2d1b8f63a8e574b03afc39ee5228c6ae46acbaf08690
primary-plonk-d10,primary,plonk,10,6,verify_credential,tx,PLK-d10-p0,0,64,A0,CredentialManagerPlonk,1000000,1,1,,,,,1,300791,804,4,3204,12816,53040,0,33816,266975,0,,,,,,6bf3a0d41decfc4fef1c2d1b8f63a8e574b03afc39ee5228c6ae46acbaf08690
primary-plonk-d10,primary,plonk,10,7,verify_credential,tx,PLK-d10-p1,1,192,A0,CredentialManagerPlonk,1000000,1,1,,,,,1,298613,804,3,3207,12828,53070,0,33828,264785,0,,,,,,48d3ccc9c82c2a89033ba5d1bc6d1775a061f3dc42c1d3f3f49d5cbe4c5c6a7d
primary-plonk-d10,primary,plonk,10,8,verify_credential,tx,PLK-d10-p2,2,320,A0,CredentialManagerPlonk,1000000,1,1,,,,,1,299359,804,2,3210,12840,53100,0,33840,265519,0,,,,,,3a8cc9ccc552302b184ba711e587cf078ca48402ea4e2c2cd1011c069967dbff
primary-plonk-d10,primary,plonk,10,9,verify_credential,tx,PLK-d10-p3,3,448,A0,CredentialManagerPlonk,1000000,1,1,,,,,1,299763,804,3,3207,12828,53070,0,33828,265935,0,,,,,,6faeb34a87b2eee3cbbb926b1f20fa123551a531e211b025e5ef185fdaa63d88
primary-plonk-d10,primary,plonk,10,10,verify_credential,tx,PLK-d10-p4,4,576,A0,CredentialManagerPlonk,1000000,1,1,,,,,1,300901,804,3,3207,12828,53070,0,33828,267073,0,,,,,,889ad5536b6db7e8df862fb041bdc5035d9ac81e1e99e82fe695630642ec0377
primary-plonk-d10,primary,plonk,10,11,verify_credential,tx,PLK-d10-p5,5,704,A0,CredentialManagerPlonk,1000000,1,1,,,,,1,299885,804,1,3213,12852,53130,0,33852,266033,0,,,,,,7571976dd0ba2db2c85c6ca056ba8f0645133d72e9a6073fb97c5ceabf6baad4
primary-plonk-d10,primary,plonk,10,12,verify_credential,tx,PLK-d10-p6,6,832,A0,CredentialManagerPlonk,1000000,1,1,,,,,1,302063,804,2,3210,12840,53100,0,33840,268223,0,,,,,,448a66178c8e0f4abe44e1af57943a95f564075d60cd1f94e9ea6cedd278440f
primary-plonk-d10,primary,plonk,10,13,verify_credential,tx,PLK-d10-p7,7,960,A0,CredentialManagerPlonk,1000000,1,1,,,,,1,300387,804,3,3207,12828,53070,0,33828,266559,0,,,,,,3462c47b8d50baac32f85d0648dfcbb6fb3289d0caeab7d76dd92fc72acd00f8
primary-plonk-d10,primary,plonk,10,14,verify_proof_call,call,PLK-d10-p0,0,64,A0,PlonkVerifierDepth10,,call,call,,,true,true,1,,804,4,3204,,,,,,,,,,,,90dd66bcd72c6143529772c40d979cb44dfc9cc4e0b417de520a01bb3ca89f57
primary-plonk-d10,primary,plonk,10,15,verify_proof_call,call,PLK-d10-p1,1,192,A0,PlonkVerifierDepth10,,call,call,,,true,true,1,,804,3,3207,,,,,,,,,,,,be29702cb43a234f6f6cafe96c5672fa43157bade51186b68b7af165a00e33f0
primary-plonk-d10,primary,plonk,10,16,verify_proof_call,call,PLK-d10-p2,2,320,A0,PlonkVerifierDepth10,,call,call,,,true,true,1,,804,2,3210,,,,,,,,,,,,d5fb1114574b096ff2131276de98b05d57ecf3a97845bee91a42ea623fe8bfad
primary-plonk-d10,primary,plonk,10,17,verify_proof_call,call,PLK-d10-p3,3,448,A0,PlonkVerifierDepth10,,call,call,,,true,true,1,,804,3,3207,,,,,,,,,,,,078a513e4ae3f61c071d9ae80416e979e4e62f03ee180acff9deb51e295f21b8
primary-plonk-d10,primary,plonk,10,18,verify_proof_call,call,PLK-d10-p4,4,576,A0,PlonkVerifierDepth10,,call,call,,,true,true,1,,804,3,3207,,,,,,,,,,,,76d65539e61c545609ba5af72922b30ade666eeae682dc30975aa5247920c81d
primary-plonk-d10,primary,plonk,10,19,verify_proof_call,call,PLK-d10-p5,5,704,A0,PlonkVerifierDepth10,,call,call,,,true,true,1,,804,1,3213,,,,,,,,,,,,0088ccc137dfb53be3591ae61947f08006230750ae4609f9e6d319ff72cf6360
primary-plonk-d10,primary,plonk,10,20,verify_proof_call,call,PLK-d10-p6,6,832,A0,PlonkVerifierDepth10,,call,call,,,true,true,1,,804,2,3210,,,,,,,,,,,,8090b93942453a0f926ec8f8383270939c8234a595f27d3cf0c1a631fe4a0b80
primary-plonk-d10,primary,plonk,10,21,verify_proof_call,call,PLK-d10-p7,7,960,A0,PlonkVerifierDepth10,,call,call,,,true,true,1,,804,3,3207,,,,,,,,,,,,702de57ff9ff14ff9e0f404d47d32ca925c2a6614557a7236149f723214dc909
primary-plonk-d10,primary,plonk,10,22,verify_proof_direct,tx,PLK-d10-p0,0,64,A0,PlonkVerifierDepth10,1000000,1,1,,,,,1,291792,804,4,3204,12816,53040,0,33816,257976,0,,,,,,90dd66bcd72c6143529772c40d979cb44dfc9cc4e0b417de520a01bb3ca89f57
primary-plonk-d10,primary,plonk,10,23,verify_proof_direct,tx,PLK-d10-p1,1,192,A0,PlonkVerifierDepth10,1000000,1,1,,,,,1,289614,804,3,3207,12828,53070,0,33828,255786,0,,,,,,be29702cb43a234f6f6cafe96c5672fa43157bade51186b68b7af165a00e33f0
primary-plonk-d10,primary,plonk,10,24,verify_proof_direct,tx,PLK-d10-p2,2,320,A0,PlonkVerifierDepth10,1000000,1,1,,,,,1,290360,804,2,3210,12840,53100,0,33840,256520,0,,,,,,d5fb1114574b096ff2131276de98b05d57ecf3a97845bee91a42ea623fe8bfad
primary-plonk-d10,primary,plonk,10,25,verify_proof_direct,tx,PLK-d10-p3,3,448,A0,PlonkVerifierDepth10,1000000,1,1,,,,,1,290764,804,3,3207,12828,53070,0,33828,256936,0,,,,,,078a513e4ae3f61c071d9ae80416e979e4e62f03ee180acff9deb51e295f21b8
primary-plonk-d10,primary,plonk,10,26,verify_proof_direct,tx,PLK-d10-p4,4,576,A0,PlonkVerifierDepth10,1000000,1,1,,,,,1,291902,804,3,3207,12828,53070,0,33828,258074,0,,,,,,76d65539e61c545609ba5af72922b30ade666eeae682dc30975aa5247920c81d
primary-plonk-d10,primary,plonk,10,27,verify_proof_direct,tx,PLK-d10-p5,5,704,A0,PlonkVerifierDepth10,1000000,1,1,,,,,1,290886,804,1,3213,12852,53130,0,33852,257034,0,,,,,,0088ccc137dfb53be3591ae61947f08006230750ae4609f9e6d319ff72cf6360
primary-plonk-d10,primary,plonk,10,28,verify_proof_direct,tx,PLK-d10-p6,6,832,A0,PlonkVerifierDepth10,1000000,1,1,,,,,1,293064,804,2,3210,12840,53100,0,33840,259224,0,,,,,,8090b93942453a0f926ec8f8383270939c8234a595f27d3cf0c1a631fe4a0b80
primary-plonk-d10,primary,plonk,10,29,verify_proof_direct,tx,PLK-d10-p7,7,960,A0,PlonkVerifierDepth10,1000000,1,1,,,,,1,291388,804,3,3207,12828,53070,0,33828,257560,0,,,,,,702de57ff9ff14ff9e0f404d47d32ca925c2a6614557a7236149f723214dc909
primary-plonk-d10,primary,plonk,10,30,neg_unknown_root,tx,PLK-d11-p0,0,128,A0,CredentialManagerPlonk,3000000,0,0,Invalid root,Invalid root,,,1,53070,804,3,3207,12828,53070,0,33828,19242,1,,,,,,2b47235792217a37372089e141f1674bb5844d874e984fef7f6c13e2fa66e3e7
primary-plonk-d10,primary,plonk,10,31,neg_tampered_call,call,PLK-d10-p0,0,64,A0,PlonkVerifierDepth10,,call,call,,,false,false,1,,804,4,3204,,,,,,,,,,,,7298d00100b91f13f56ed67d511c63cab017f9347f6ea0983816ceee97736554
primary-plonk-d10,primary,plonk,10,32,neg_tampered,tx,PLK-d10-p0,0,64,A0,CredentialManagerPlonk,3000000,0,0,Invalid proof,Invalid proof,,,1,299761,804,4,3204,12816,53040,0,33816,265945,0,,,,,,6c6dee1d12c1395c4899f84403f155966011720bfc990c6f2dd8bd041da1cf33
primary-plonk-d10,primary,plonk,10,33,neg_cross_depth_setup,tx,PLK-d11-p0,0,128,A0,CredentialManagerPlonk,300000,1,1,,,,,1,47334,36,1,141,564,22410,0,21564,25770,0,,,,,,d02fee54c295d1b5cc2948d9c79837ece40c0013835e3b9bb349e94ae744e758
primary-plonk-d10,primary,plonk,10,34,neg_cross_depth_call,call,PLK-d11-p0,0,128,A0,PlonkVerifierDepth10,,call,call,,,false,false,1,,804,3,3207,,,,,,,,,,,,42d9b2d20d72d206abba5097ac76532b8062090f8cea9f4e0c2a8d9b6861d838
primary-plonk-d10,primary,plonk,10,35,neg_cross_depth,tx,PLK-d11-p0,0,128,A0,CredentialManagerPlonk,3000000,0,0,Invalid proof,Invalid proof,,,1,299149,804,3,3207,12828,53070,0,33828,265321,0,,,,,,2b47235792217a37372089e141f1674bb5844d874e984fef7f6c13e2fa66e3e7
primary-plonk-d10,primary,plonk,10,36,neg_non_issuer,tx,PLK-d10-p0,0,64,A1,CredentialManagerPlonk,300000,0,0,CredentialManager: not issuer,CredentialManager: not issuer,,,1,24183,36,0,144,576,22440,0,21576,2607,0,,,,,,c70e0fc0dcce1b144b1b3352307a21f93a93f2fce4e70bc9dec9627a6e721205
primary-plonk-d11,primary,plonk,11,1,deploy_verifier,tx,,,,A0,PlonkVerifierDepth11,6000000,1,1,,,,,1,1226937,5467,167,21367,85468,234670,32342,138810,1088127,0,1087000,5467,5435,0xb1839425094b9d5cc3e24cf8a9c779b46cb934c81145bd3eb8bace410ac95e03,1,3875ab1e234901f2c1af2262f5650c30ffcf0567175947e5562ac229cd2d5f88
primary-plonk-d11,primary,plonk,11,2,deploy_manager,tx,,,,A0,CredentialManagerPlonk,6000000,1,1,,,,,1,541930,2302,81,8965,35860,110650,32144,89004,452926,0,406400,2302,2032,0x81cfa580fc010d5bf437f4e25120ed772a570f64d5503726e6beb874892ec653,1,bd7d37aac5445da7be132e8d32c481e19c8340c0c76eebdf81a7dbf12c9c4d18
primary-plonk-d11,primary,plonk,11,3,set_issuer,tx,,,,A0,CredentialManagerPlonk,300000,1,1,,,,,1,47900,68,43,143,572,22430,0,21572,26328,0,,,,,,727fd06686258f939093f54b4f3c375b0f3052da4ba7867e73d6f93a90702a06
primary-plonk-d11,primary,plonk,11,4,add_root,tx,,,,A0,CredentialManagerPlonk,300000,1,1,,,,,1,47334,36,1,141,564,22410,0,21564,25770,0,,,,,,d02fee54c295d1b5cc2948d9c79837ece40c0013835e3b9bb349e94ae744e758
primary-plonk-d11,primary,plonk,11,5,precheck_call,call,PLK-d11-p0,0,128,A0,CredentialManagerPlonk,,call,call,,,true,true,1,,804,3,3207,,,,,,,,,,,,2b47235792217a37372089e141f1674bb5844d874e984fef7f6c13e2fa66e3e7
primary-plonk-d11,primary,plonk,11,6,verify_credential,tx,PLK-d11-p0,0,128,A0,CredentialManagerPlonk,1000000,1,1,,,,,1,300026,804,3,3207,12828,53070,0,33828,266198,0,,,,,,2b47235792217a37372089e141f1674bb5844d874e984fef7f6c13e2fa66e3e7
primary-plonk-d11,primary,plonk,11,7,verify_credential,tx,PLK-d11-p1,1,384,A0,CredentialManagerPlonk,1000000,1,1,,,,,1,299880,804,6,3198,12792,52980,0,33792,266088,0,,,,,,a298ee5b1ea8679aadf74fcb657d46d87472c6f0fdc20c3fb76317acbb8dc10b
primary-plonk-d11,primary,plonk,11,8,verify_credential,tx,PLK-d11-p2,2,640,A0,CredentialManagerPlonk,1000000,1,1,,,,,1,300650,804,3,3207,12828,53070,0,33828,266822,0,,,,,,2ee29d5501094520458c929b644ce4a0a0f45ca0b480b92576af41b30be4edda
primary-plonk-d11,primary,plonk,11,9,verify_credential,tx,PLK-d11-p3,3,896,A0,CredentialManagerPlonk,1000000,1,1,,,,,1,298644,804,5,3201,12804,53010,0,33804,264840,0,,,,,,c25bc9bbede2b2df8aea1cdfd23e995df398f72a494a1e2f6469052cbb90f86d
primary-plonk-d11,primary,plonk,11,10,verify_credential,tx,PLK-d11-p4,4,1152,A0,CredentialManagerPlonk,1000000,1,1,,,,,1,299476,804,5,3201,12804,53010,0,33804,265672,0,,,,,,f4253711bd5cdd10940a540f32b8326b2eb5055392e87f0978383a126dc354c0
primary-plonk-d11,primary,plonk,11,11,verify_credential,tx,PLK-d11-p5,5,1408,A0,CredentialManagerPlonk,1000000,1,1,,,,,1,300516,804,5,3201,12804,53010,0,33804,266712,0,,,,,,38d75d228bf268c3365f0b76b425971c57ff8bc0a8673ec4afc7f992b9ef7588
primary-plonk-d11,primary,plonk,11,12,verify_credential,tx,PLK-d11-p6,6,1664,A0,CredentialManagerPlonk,1000000,1,1,,,,,1,298766,804,4,3204,12816,53040,0,33816,264950,0,,,,,,8013e7d0f3f9b048b05f0cfc703586560dbdd141d56197f16c77583f3887a360
primary-plonk-d11,primary,plonk,11,13,verify_credential,tx,PLK-d11-p7,7,1920,A0,CredentialManagerPlonk,1000000,1,1,,,,,1,299598,804,4,3204,12816,53040,0,33816,265782,0,,,,,,8d42c7c17e96fffb22e1b6031c6c3b715f19ec05a67f995ee09e430a9c4fe047
primary-plonk-d11,primary,plonk,11,14,verify_proof_call,call,PLK-d11-p0,0,128,A0,PlonkVerifierDepth11,,call,call,,,true,true,1,,804,3,3207,,,,,,,,,,,,42d9b2d20d72d206abba5097ac76532b8062090f8cea9f4e0c2a8d9b6861d838
primary-plonk-d11,primary,plonk,11,15,verify_proof_call,call,PLK-d11-p1,1,384,A0,PlonkVerifierDepth11,,call,call,,,true,true,1,,804,6,3198,,,,,,,,,,,,9ccd9e77846daea08f1035a0ef08df84286cb7e5d8daa28d5197c5f4a5ce9668
primary-plonk-d11,primary,plonk,11,16,verify_proof_call,call,PLK-d11-p2,2,640,A0,PlonkVerifierDepth11,,call,call,,,true,true,1,,804,3,3207,,,,,,,,,,,,30ad1663cc0bd8295fc1ed381ea363968872a5f6431e9acc48eabd56b343bc1a
primary-plonk-d11,primary,plonk,11,17,verify_proof_call,call,PLK-d11-p3,3,896,A0,PlonkVerifierDepth11,,call,call,,,true,true,1,,804,5,3201,,,,,,,,,,,,c8ba1266c4dbceb5dcfd7be60c3b1f0cea3873f4a4c56e8fda87a23eff5ebff1
primary-plonk-d11,primary,plonk,11,18,verify_proof_call,call,PLK-d11-p4,4,1152,A0,PlonkVerifierDepth11,,call,call,,,true,true,1,,804,5,3201,,,,,,,,,,,,a76915548dcf5d23d868669660ef71e3877221f3d7e55c8c3ccbfbb662416929
primary-plonk-d11,primary,plonk,11,19,verify_proof_call,call,PLK-d11-p5,5,1408,A0,PlonkVerifierDepth11,,call,call,,,true,true,1,,804,5,3201,,,,,,,,,,,,ec5335a123dd6d326a8722727ea79ede70e0f6757e964ccb6a941cf4bb4d0311
primary-plonk-d11,primary,plonk,11,20,verify_proof_call,call,PLK-d11-p6,6,1664,A0,PlonkVerifierDepth11,,call,call,,,true,true,1,,804,4,3204,,,,,,,,,,,,ffa02f5588c6d722592d3723231e4f2a6a7e9122492e90ba0493b935fb7be2ae
primary-plonk-d11,primary,plonk,11,21,verify_proof_call,call,PLK-d11-p7,7,1920,A0,PlonkVerifierDepth11,,call,call,,,true,true,1,,804,4,3204,,,,,,,,,,,,01c3d0e0a3b82f2e099442cb58044628b271cf30c0789dcd58194a08aa1fd0fd
primary-plonk-d11,primary,plonk,11,22,verify_proof_direct,tx,PLK-d11-p0,0,128,A0,PlonkVerifierDepth11,1000000,1,1,,,,,1,291027,804,3,3207,12828,53070,0,33828,257199,0,,,,,,42d9b2d20d72d206abba5097ac76532b8062090f8cea9f4e0c2a8d9b6861d838
primary-plonk-d11,primary,plonk,11,23,verify_proof_direct,tx,PLK-d11-p1,1,384,A0,PlonkVerifierDepth11,1000000,1,1,,,,,1,290881,804,6,3198,12792,52980,0,33792,257089,0,,,,,,9ccd9e77846daea08f1035a0ef08df84286cb7e5d8daa28d5197c5f4a5ce9668
primary-plonk-d11,primary,plonk,11,24,verify_proof_direct,tx,PLK-d11-p2,2,640,A0,PlonkVerifierDepth11,1000000,1,1,,,,,1,291651,804,3,3207,12828,53070,0,33828,257823,0,,,,,,30ad1663cc0bd8295fc1ed381ea363968872a5f6431e9acc48eabd56b343bc1a
primary-plonk-d11,primary,plonk,11,25,verify_proof_direct,tx,PLK-d11-p3,3,896,A0,PlonkVerifierDepth11,1000000,1,1,,,,,1,289645,804,5,3201,12804,53010,0,33804,255841,0,,,,,,c8ba1266c4dbceb5dcfd7be60c3b1f0cea3873f4a4c56e8fda87a23eff5ebff1
primary-plonk-d11,primary,plonk,11,26,verify_proof_direct,tx,PLK-d11-p4,4,1152,A0,PlonkVerifierDepth11,1000000,1,1,,,,,1,290477,804,5,3201,12804,53010,0,33804,256673,0,,,,,,a76915548dcf5d23d868669660ef71e3877221f3d7e55c8c3ccbfbb662416929
primary-plonk-d11,primary,plonk,11,27,verify_proof_direct,tx,PLK-d11-p5,5,1408,A0,PlonkVerifierDepth11,1000000,1,1,,,,,1,291517,804,5,3201,12804,53010,0,33804,257713,0,,,,,,ec5335a123dd6d326a8722727ea79ede70e0f6757e964ccb6a941cf4bb4d0311
primary-plonk-d11,primary,plonk,11,28,verify_proof_direct,tx,PLK-d11-p6,6,1664,A0,PlonkVerifierDepth11,1000000,1,1,,,,,1,289767,804,4,3204,12816,53040,0,33816,255951,0,,,,,,ffa02f5588c6d722592d3723231e4f2a6a7e9122492e90ba0493b935fb7be2ae
primary-plonk-d11,primary,plonk,11,29,verify_proof_direct,tx,PLK-d11-p7,7,1920,A0,PlonkVerifierDepth11,1000000,1,1,,,,,1,290599,804,4,3204,12816,53040,0,33816,256783,0,,,,,,01c3d0e0a3b82f2e099442cb58044628b271cf30c0789dcd58194a08aa1fd0fd
primary-plonk-d11,primary,plonk,11,30,neg_unknown_root,tx,PLK-d15-p0,0,2048,A0,CredentialManagerPlonk,3000000,0,0,Invalid root,Invalid root,,,1,53010,804,5,3201,12804,53010,0,33804,19206,1,,,,,,731e2753d2394287d3395e9ffe5e9434a5740b4f1d8464c12866368e5854c36b
primary-plonk-d11,primary,plonk,11,31,neg_tampered_call,call,PLK-d11-p0,0,128,A0,PlonkVerifierDepth11,,call,call,,,false,false,1,,804,3,3207,,,,,,,,,,,,fbad9cd0928acf67791ce161cac8e570bd576dd5b3da1d9bbec54d592181121a
primary-plonk-d11,primary,plonk,11,32,neg_tampered,tx,PLK-d11-p0,0,128,A0,CredentialManagerPlonk,3000000,0,0,Invalid proof,Invalid proof,,,1,298996,804,3,3207,12828,53070,0,33828,265168,0,,,,,,79ce7d8b09af7b21b66c65c3893d8558bcbbbae70ae5191211102a595b145ab5
primary-plonk-d11,primary,plonk,11,33,neg_cross_depth_setup,tx,PLK-d15-p0,0,2048,A0,CredentialManagerPlonk,300000,1,1,,,,,1,47346,36,0,144,576,22440,0,21576,25770,0,,,,,,f2931f0aaf26f5d51c33dadce13833370940a08948160921859c7fe776ca5aa8
primary-plonk-d11,primary,plonk,11,34,neg_cross_depth_call,call,PLK-d15-p0,0,2048,A0,PlonkVerifierDepth11,,call,call,,,false,false,1,,804,5,3201,,,,,,,,,,,,c4b8e8f2a232c6173469d9623585996bc0fd8bd56327a2a75ac2c9f88179d5e5
primary-plonk-d11,primary,plonk,11,35,neg_cross_depth,tx,PLK-d15-p0,0,2048,A0,CredentialManagerPlonk,3000000,0,0,Invalid proof,Invalid proof,,,1,298140,804,5,3201,12804,53010,0,33804,264336,0,,,,,,731e2753d2394287d3395e9ffe5e9434a5740b4f1d8464c12866368e5854c36b
primary-plonk-d11,primary,plonk,11,36,neg_non_issuer,tx,PLK-d11-p0,0,128,A1,CredentialManagerPlonk,300000,0,0,CredentialManager: not issuer,CredentialManager: not issuer,,,1,24171,36,1,141,564,22410,0,21564,2607,0,,,,,,d02fee54c295d1b5cc2948d9c79837ece40c0013835e3b9bb349e94ae744e758
primary-plonk-d15,primary,plonk,15,1,deploy_verifier,tx,,,,A0,PlonkVerifierDepth15,6000000,1,1,,,,,1,1226937,5467,167,21367,85468,234670,32342,138810,1088127,0,1087000,5467,5435,0x9c067b2716d3bbe23dc32dc49ae4e785252bf62b7543147a64bbb2da0be8fec9,1,76bf43bcb55cb26f9487fd749e29b1f284385f0f2313df5303580ee4fae153d8
primary-plonk-d15,primary,plonk,15,2,deploy_manager,tx,,,,A0,CredentialManagerPlonk,6000000,1,1,,,,,1,541930,2302,81,8965,35860,110650,32144,89004,452926,0,406400,2302,2032,0x81cfa580fc010d5bf437f4e25120ed772a570f64d5503726e6beb874892ec653,1,bd7d37aac5445da7be132e8d32c481e19c8340c0c76eebdf81a7dbf12c9c4d18
primary-plonk-d15,primary,plonk,15,3,set_issuer,tx,,,,A0,CredentialManagerPlonk,300000,1,1,,,,,1,47900,68,43,143,572,22430,0,21572,26328,0,,,,,,727fd06686258f939093f54b4f3c375b0f3052da4ba7867e73d6f93a90702a06
primary-plonk-d15,primary,plonk,15,4,add_root,tx,,,,A0,CredentialManagerPlonk,300000,1,1,,,,,1,47346,36,0,144,576,22440,0,21576,25770,0,,,,,,f2931f0aaf26f5d51c33dadce13833370940a08948160921859c7fe776ca5aa8
primary-plonk-d15,primary,plonk,15,5,precheck_call,call,PLK-d15-p0,0,2048,A0,CredentialManagerPlonk,,call,call,,,true,true,1,,804,5,3201,,,,,,,,,,,,731e2753d2394287d3395e9ffe5e9434a5740b4f1d8464c12866368e5854c36b
primary-plonk-d15,primary,plonk,15,6,verify_credential,tx,PLK-d15-p0,0,2048,A0,CredentialManagerPlonk,1000000,1,1,,,,,1,299476,804,5,3201,12804,53010,0,33804,265672,0,,,,,,731e2753d2394287d3395e9ffe5e9434a5740b4f1d8464c12866368e5854c36b
primary-plonk-d15,primary,plonk,15,7,verify_credential,tx,PLK-d15-p1,1,6144,A0,CredentialManagerPlonk,1000000,1,1,,,,,1,299818,804,3,3207,12828,53070,0,33828,265990,0,,,,,,921eb65ed69700aeb78942204842c6c9d607a30bf58f9e599db65e2d6b40740c
primary-plonk-d15,primary,plonk,15,8,verify_credential,tx,PLK-d15-p2,2,10240,A0,CredentialManagerPlonk,1000000,1,1,,,,,1,299732,804,1,3213,12852,53130,0,33852,265880,0,,,,,,05e668185cd5c4df5f68a070936fe32cf9131f263fc331d9f80573261e6867f5
primary-plonk-d15,primary,plonk,15,9,verify_credential,tx,PLK-d15-p3,3,14336,A0,CredentialManagerPlonk,1000000,1,1,,,,,1,300870,804,2,3210,12840,53100,0,33840,267030,0,,,,,,85394d2b54416a9d59da90888e434547590fde57649806673207a3d6d24d9337
primary-plonk-d15,primary,plonk,15,10,verify_credential,tx,PLK-d15-p4,4,18432,A0,CredentialManagerPlonk,1000000,1,1,,,,,1,300234,804,3,3207,12828,53070,0,33828,266406,0,,,,,,dc32b9d7d9a6b3186d14da864d29e3eabc700cb38a2ac0d95947ebb028b22f04
primary-plonk-d15,primary,plonk,15,11,verify_credential,tx,PLK-d15-p5,5,22528,A0,CredentialManagerPlonk,1000000,1,1,,,,,1,299904,804,4,3204,12816,53040,0,33816,266088,0,,,,,,f8f7a457b648faf9c34bd923990e5c0d6b89b76971e41378f9982e3f4602ea67
primary-plonk-d15,primary,plonk,15,12,verify_credential,tx,PLK-d15-p6,6,26624,A0,CredentialManagerPlonk,1000000,1,1,,,,,1,300540,804,3,3207,12828,53070,0,33828,266712,0,,,,,,c0e5d3e573002d9966204049c494012b9918f5ae54734327f972fcb7745505ff
primary-plonk-d15,primary,plonk,15,13,verify_credential,tx,PLK-d15-p7,7,30720,A0,CredentialManagerPlonk,1000000,1,1,,,,,1,300650,804,3,3207,12828,53070,0,33828,266822,0,,,,,,e61e673219ade001c92a75c0e1507cc595c463087d9d292d1bbe88e55098f287
primary-plonk-d15,primary,plonk,15,14,verify_proof_call,call,PLK-d15-p0,0,2048,A0,PlonkVerifierDepth15,,call,call,,,true,true,1,,804,5,3201,,,,,,,,,,,,c4b8e8f2a232c6173469d9623585996bc0fd8bd56327a2a75ac2c9f88179d5e5
primary-plonk-d15,primary,plonk,15,15,verify_proof_call,call,PLK-d15-p1,1,6144,A0,PlonkVerifierDepth15,,call,call,,,true,true,1,,804,3,3207,,,,,,,,,,,,5bb724d46328e6d974a0fd22f3582fb611f88e5bfd7c201771bd6a8a231def5e
primary-plonk-d15,primary,plonk,15,16,verify_proof_call,call,PLK-d15-p2,2,10240,A0,PlonkVerifierDepth15,,call,call,,,true,true,1,,804,1,3213,,,,,,,,,,,,48081f6dde67f024bc5f447cc8e86d4ea1ca339ca6bff5c9212809db2e5934a0
primary-plonk-d15,primary,plonk,15,17,verify_proof_call,call,PLK-d15-p3,3,14336,A0,PlonkVerifierDepth15,,call,call,,,true,true,1,,804,2,3210,,,,,,,,,,,,81635e1c61e985a8dd2799a9ab6587d59d2148b3792298760b4429e5cbba272a
primary-plonk-d15,primary,plonk,15,18,verify_proof_call,call,PLK-d15-p4,4,18432,A0,PlonkVerifierDepth15,,call,call,,,true,true,1,,804,3,3207,,,,,,,,,,,,e3bea8912047f3b90f8ddc5735ebf4506a7ee99793194ca0ba004e5f9da453bd
primary-plonk-d15,primary,plonk,15,19,verify_proof_call,call,PLK-d15-p5,5,22528,A0,PlonkVerifierDepth15,,call,call,,,true,true,1,,804,4,3204,,,,,,,,,,,,56a87f3134bf974cea820e4d10b2a97d9525e2270aa448a31cd773befd847fc9
primary-plonk-d15,primary,plonk,15,20,verify_proof_call,call,PLK-d15-p6,6,26624,A0,PlonkVerifierDepth15,,call,call,,,true,true,1,,804,3,3207,,,,,,,,,,,,1ef3d5200151bed3af70aa8b056242abd5aea670466a0f7996c83b417a459079
primary-plonk-d15,primary,plonk,15,21,verify_proof_call,call,PLK-d15-p7,7,30720,A0,PlonkVerifierDepth15,,call,call,,,true,true,1,,804,3,3207,,,,,,,,,,,,7f3024b86b76d419a8050a8bef69f971f0faaea495f1d48b77f46bc9008e0ba3
primary-plonk-d15,primary,plonk,15,22,verify_proof_direct,tx,PLK-d15-p0,0,2048,A0,PlonkVerifierDepth15,1000000,1,1,,,,,1,290477,804,5,3201,12804,53010,0,33804,256673,0,,,,,,c4b8e8f2a232c6173469d9623585996bc0fd8bd56327a2a75ac2c9f88179d5e5
primary-plonk-d15,primary,plonk,15,23,verify_proof_direct,tx,PLK-d15-p1,1,6144,A0,PlonkVerifierDepth15,1000000,1,1,,,,,1,290819,804,3,3207,12828,53070,0,33828,256991,0,,,,,,5bb724d46328e6d974a0fd22f3582fb611f88e5bfd7c201771bd6a8a231def5e
primary-plonk-d15,primary,plonk,15,24,verify_proof_direct,tx,PLK-d15-p2,2,10240,A0,PlonkVerifierDepth15,1000000,1,1,,,,,1,290733,804,1,3213,12852,53130,0,33852,256881,0,,,,,,48081f6dde67f024bc5f447cc8e86d4ea1ca339ca6bff5c9212809db2e5934a0
primary-plonk-d15,primary,plonk,15,25,verify_proof_direct,tx,PLK-d15-p3,3,14336,A0,PlonkVerifierDepth15,1000000,1,1,,,,,1,291871,804,2,3210,12840,53100,0,33840,258031,0,,,,,,81635e1c61e985a8dd2799a9ab6587d59d2148b3792298760b4429e5cbba272a
primary-plonk-d15,primary,plonk,15,26,verify_proof_direct,tx,PLK-d15-p4,4,18432,A0,PlonkVerifierDepth15,1000000,1,1,,,,,1,291235,804,3,3207,12828,53070,0,33828,257407,0,,,,,,e3bea8912047f3b90f8ddc5735ebf4506a7ee99793194ca0ba004e5f9da453bd
primary-plonk-d15,primary,plonk,15,27,verify_proof_direct,tx,PLK-d15-p5,5,22528,A0,PlonkVerifierDepth15,1000000,1,1,,,,,1,290905,804,4,3204,12816,53040,0,33816,257089,0,,,,,,56a87f3134bf974cea820e4d10b2a97d9525e2270aa448a31cd773befd847fc9
primary-plonk-d15,primary,plonk,15,28,verify_proof_direct,tx,PLK-d15-p6,6,26624,A0,PlonkVerifierDepth15,1000000,1,1,,,,,1,291541,804,3,3207,12828,53070,0,33828,257713,0,,,,,,1ef3d5200151bed3af70aa8b056242abd5aea670466a0f7996c83b417a459079
primary-plonk-d15,primary,plonk,15,29,verify_proof_direct,tx,PLK-d15-p7,7,30720,A0,PlonkVerifierDepth15,1000000,1,1,,,,,1,291651,804,3,3207,12828,53070,0,33828,257823,0,,,,,,7f3024b86b76d419a8050a8bef69f971f0faaea495f1d48b77f46bc9008e0ba3
primary-plonk-d15,primary,plonk,15,30,neg_unknown_root,tx,PLK-d5-p0,0,2,A0,CredentialManagerPlonk,3000000,0,0,Invalid root,Invalid root,,,1,53040,804,4,3204,12816,53040,0,33816,19224,1,,,,,,43edca5dc105fc7a2008617ce100ed5d4b4dfcfbb283d718f619c9c958c213d5
primary-plonk-d15,primary,plonk,15,31,neg_tampered_call,call,PLK-d15-p0,0,2048,A0,PlonkVerifierDepth15,,call,call,,,false,false,1,,804,5,3201,,,,,,,,,,,,ffa4dedc4873eeb4451c105175a22d81f2f883276433c3774b768fd7a7fbe2cd
primary-plonk-d15,primary,plonk,15,32,neg_tampered,tx,PLK-d15-p0,0,2048,A0,CredentialManagerPlonk,3000000,0,0,Invalid proof,Invalid proof,,,1,298446,804,5,3201,12804,53010,0,33804,264642,0,,,,,,1cf0ac1fa5805d47a889d376d9574a13791ad20890e234265c09b7ec0b6f473e
primary-plonk-d15,primary,plonk,15,33,neg_cross_depth_setup,tx,PLK-d5-p0,0,2,A0,CredentialManagerPlonk,300000,1,1,,,,,1,47334,36,1,141,564,22410,0,21564,25770,0,,,,,,b91c4cff980f8874fb8d0fca3dd2b3046defc125bb26b20f9f41f40dec3d44ad
primary-plonk-d15,primary,plonk,15,34,neg_cross_depth_call,call,PLK-d5-p0,0,2,A0,PlonkVerifierDepth15,,call,call,,,false,false,1,,804,4,3204,,,,,,,,,,,,315d3ac17962361c7786a0a69b96507826e7200eb0f41d726d0c5b3e60c1664f
primary-plonk-d15,primary,plonk,15,35,neg_cross_depth,tx,PLK-d5-p0,0,2,A0,CredentialManagerPlonk,3000000,0,0,Invalid proof,Invalid proof,,,1,298776,804,4,3204,12816,53040,0,33816,264960,0,,,,,,43edca5dc105fc7a2008617ce100ed5d4b4dfcfbb283d718f619c9c958c213d5
primary-plonk-d15,primary,plonk,15,36,neg_non_issuer,tx,PLK-d15-p0,0,2048,A1,CredentialManagerPlonk,300000,0,0,CredentialManager: not issuer,CredentialManager: not issuer,,,1,24183,36,0,144,576,22440,0,21576,2607,0,,,,,,f2931f0aaf26f5d51c33dadce13833370940a08948160921859c7fe776ca5aa8
bridge-groth16-d11,bridge,groth16,11,1,deploy_verifier,tx,,,,A0,Groth16LegacyVerifierDepth11,6000000,1,1,,,,,1,384793,1567,60,6088,24352,81880,32098,77450,307343,0,307000,1567,1535,0x0e65d748105159ae8bfa14f6a206b40ce70b830c5d4a9980e07bb7b5bc43207c,1,0bb6c9cc23e5aeacef4be224d7c37d498cd56f6ea0522c1ae811147df65ab81b
bridge-groth16-d11,bridge,groth16,11,2,deploy_manager,tx,,,,A0,CredentialManager,6000000,1,1,,,,,1,1525514,7758,832,28536,114144,306360,32486,167630,1357884,0,1306200,7758,6531,0x7c4e7f1c7b93eeff11b761f6819809d75799cba4b166fcda2549a84730f211d6,1,a10bc866b0ef7a8b2e9b4d909860cbffe47932de06678a5783534e449226c942
bridge-groth16-d11,bridge,groth16,11,3,set_issuer,tx,,,,A0,CredentialManager,300000,1,1,,,,,1,48410,68,43,143,572,22430,0,21572,26838,0,,,,,,727fd06686258f939093f54b4f3c375b0f3052da4ba7867e73d6f93a90702a06
bridge-groth16-d11,bridge,groth16,11,4,add_root,tx,,,,A0,CredentialManager,300000,1,1,,,,,1,51326,36,1,141,564,22410,0,21564,29762,0,,,,,,d02fee54c295d1b5cc2948d9c79837ece40c0013835e3b9bb349e94ae744e758
bridge-groth16-d11,bridge,groth16,11,5,precheck_call,call,G16-d11-p0,0,128,A0,CredentialManager,,call,call,,,true,true,1,,292,2,1162,,,,,,,,,,,,ca9621b912a5f11cbb8dd875c48c9971287be9dbbe4454fcd36230ca7d465efc
bridge-groth16-d11,bridge,groth16,11,6,verify_credential,tx,G16-d11-p0,0,128,A0,CredentialManager,1000000,1,1,,,,,1,239229,292,2,1162,4648,32620,0,25648,213581,0,,,,,,ca9621b912a5f11cbb8dd875c48c9971287be9dbbe4454fcd36230ca7d465efc
bridge-groth16-d11,bridge,groth16,11,7,verify_credential,tx,G16-d11-p1,1,384,A0,CredentialManager,1000000,1,1,,,,,1,239241,292,1,1165,4660,32650,0,25660,213581,0,,,,,,639c80471b559309e712f4c4ac80bdbc80d6df2460bd4c3bf55546677a3942c6
bridge-groth16-d11,bridge,groth16,11,8,verify_credential,tx,G16-d11-p2,2,640,A0,CredentialManager,1000000,1,1,,,,,1,239241,292,1,1165,4660,32650,0,25660,213581,0,,,,,,a0d019788870875208b17503c52382242ecc7ef389c425030689cc5878f2facd
bridge-groth16-d11,bridge,groth16,11,9,verify_credential,tx,G16-d11-p3,3,896,A0,CredentialManager,1000000,1,1,,,,,1,239229,292,2,1162,4648,32620,0,25648,213581,0,,,,,,44d222ad348d08cbb4c15c476f3f9e766c7b457489111eea40cf8035a9d57bfc
bridge-groth16-d11,bridge,groth16,11,10,verify_credential,tx,G16-d11-p4,4,1152,A0,CredentialManager,1000000,1,1,,,,,1,239217,292,3,1159,4636,32590,0,25636,213581,0,,,,,,64ac10112def869faad27edcff3a1f184b4d69c408dd4ef9ba2791e00fbf2f70
bridge-groth16-d11,bridge,groth16,11,11,verify_credential,tx,G16-d11-p5,5,1408,A0,CredentialManager,1000000,1,1,,,,,1,239217,292,3,1159,4636,32590,0,25636,213581,0,,,,,,0848907a05b5de2619814ca98c726689da9e07fb5de876c5f73602f5aecac8d5
bridge-groth16-d11,bridge,groth16,11,12,verify_credential,tx,G16-d11-p6,6,1664,A0,CredentialManager,1000000,1,1,,,,,1,239217,292,3,1159,4636,32590,0,25636,213581,0,,,,,,0b038845691778d5ecf554fbad7edc36d34019f4458610826c0f782c2979d705
bridge-groth16-d11,bridge,groth16,11,13,verify_credential,tx,G16-d11-p7,7,1920,A0,CredentialManager,1000000,1,1,,,,,1,239241,292,1,1165,4660,32650,0,25660,213581,0,,,,,,d12dd5a363059bb0a0018565ad35b45baaed224644c5e64c88f49a6eccf031c3
bridge-groth16-d11,bridge,groth16,11,14,verify_proof_call,call,G16-d11-p0,0,128,A0,Groth16LegacyVerifierDepth11,,call,call,,,true,true,1,,292,2,1162,,,,,,,,,,,,5bc6f0de4752c6450808a69e77e384f62a63422d6390520d86938db713353393
bridge-groth16-d11,bridge,groth16,11,15,verify_proof_call,call,G16-d11-p1,1,384,A0,Groth16LegacyVerifierDepth11,,call,call,,,true,true,1,,292,1,1165,,,,,,,,,,,,efa885aac2e9479c43fe12f6847995b17d8af96513378cc2c1d26e9d055da7b6
bridge-groth16-d11,bridge,groth16,11,16,verify_proof_call,call,G16-d11-p2,2,640,A0,Groth16LegacyVerifierDepth11,,call,call,,,true,true,1,,292,1,1165,,,,,,,,,,,,1c147d59cc572d343a1e8e2aa749baf09252f70a647b83a025998f089baf4314
bridge-groth16-d11,bridge,groth16,11,17,verify_proof_call,call,G16-d11-p3,3,896,A0,Groth16LegacyVerifierDepth11,,call,call,,,true,true,1,,292,2,1162,,,,,,,,,,,,2fbdfdd45ebdc64fe7acb287054cddc5aaf6fe7ea8c957460799f49e7a023e66
bridge-groth16-d11,bridge,groth16,11,18,verify_proof_call,call,G16-d11-p4,4,1152,A0,Groth16LegacyVerifierDepth11,,call,call,,,true,true,1,,292,3,1159,,,,,,,,,,,,8ee79a385961861f0584a8cc07e1ac2143ddddfb5aff9524d32bd25fa77eee7e
bridge-groth16-d11,bridge,groth16,11,19,verify_proof_call,call,G16-d11-p5,5,1408,A0,Groth16LegacyVerifierDepth11,,call,call,,,true,true,1,,292,3,1159,,,,,,,,,,,,13313b6af35602ffa5ef1ea582e8157c92d0fa235c2451b2d167238a0d99b0db
bridge-groth16-d11,bridge,groth16,11,20,verify_proof_call,call,G16-d11-p6,6,1664,A0,Groth16LegacyVerifierDepth11,,call,call,,,true,true,1,,292,3,1159,,,,,,,,,,,,97dcf0752aff5768c43511010524f8845e4a9b3d98d7209cb75d830bb8e5a8ec
bridge-groth16-d11,bridge,groth16,11,21,verify_proof_call,call,G16-d11-p7,7,1920,A0,Groth16LegacyVerifierDepth11,,call,call,,,true,true,1,,292,1,1165,,,,,,,,,,,,72eebe6c87a27b1c9fd074143c7d39950e530a76e30b35c9a17507790d335537
bridge-groth16-d11,bridge,groth16,11,22,verify_proof_direct,tx,G16-d11-p0,0,128,A0,Groth16LegacyVerifierDepth11,1000000,1,1,,,,,1,214794,292,2,1162,4648,32620,0,25648,189146,0,,,,,,5bc6f0de4752c6450808a69e77e384f62a63422d6390520d86938db713353393
bridge-groth16-d11,bridge,groth16,11,23,verify_proof_direct,tx,G16-d11-p1,1,384,A0,Groth16LegacyVerifierDepth11,1000000,1,1,,,,,1,214806,292,1,1165,4660,32650,0,25660,189146,0,,,,,,efa885aac2e9479c43fe12f6847995b17d8af96513378cc2c1d26e9d055da7b6
bridge-groth16-d11,bridge,groth16,11,24,verify_proof_direct,tx,G16-d11-p2,2,640,A0,Groth16LegacyVerifierDepth11,1000000,1,1,,,,,1,214806,292,1,1165,4660,32650,0,25660,189146,0,,,,,,1c147d59cc572d343a1e8e2aa749baf09252f70a647b83a025998f089baf4314
bridge-groth16-d11,bridge,groth16,11,25,verify_proof_direct,tx,G16-d11-p3,3,896,A0,Groth16LegacyVerifierDepth11,1000000,1,1,,,,,1,214794,292,2,1162,4648,32620,0,25648,189146,0,,,,,,2fbdfdd45ebdc64fe7acb287054cddc5aaf6fe7ea8c957460799f49e7a023e66
bridge-groth16-d11,bridge,groth16,11,26,verify_proof_direct,tx,G16-d11-p4,4,1152,A0,Groth16LegacyVerifierDepth11,1000000,1,1,,,,,1,214782,292,3,1159,4636,32590,0,25636,189146,0,,,,,,8ee79a385961861f0584a8cc07e1ac2143ddddfb5aff9524d32bd25fa77eee7e
bridge-groth16-d11,bridge,groth16,11,27,verify_proof_direct,tx,G16-d11-p5,5,1408,A0,Groth16LegacyVerifierDepth11,1000000,1,1,,,,,1,214782,292,3,1159,4636,32590,0,25636,189146,0,,,,,,13313b6af35602ffa5ef1ea582e8157c92d0fa235c2451b2d167238a0d99b0db
bridge-groth16-d11,bridge,groth16,11,28,verify_proof_direct,tx,G16-d11-p6,6,1664,A0,Groth16LegacyVerifierDepth11,1000000,1,1,,,,,1,214782,292,3,1159,4636,32590,0,25636,189146,0,,,,,,97dcf0752aff5768c43511010524f8845e4a9b3d98d7209cb75d830bb8e5a8ec
bridge-groth16-d11,bridge,groth16,11,29,verify_proof_direct,tx,G16-d11-p7,7,1920,A0,Groth16LegacyVerifierDepth11,1000000,1,1,,,,,1,214806,292,1,1165,4660,32650,0,25660,189146,0,,,,,,72eebe6c87a27b1c9fd074143c7d39950e530a76e30b35c9a17507790d335537
bridge-groth16-d11,bridge,groth16,11,30,neg_unknown_root,tx,G16-d15-p0,0,2048,A0,CredentialManager,3000000,0,0,Invalid root,Invalid root,,,1,37630,292,0,1168,4672,32680,0,25672,11958,0,,,,,,1ce3baf053b44ac9c96d03a3ffb948677aa627e3073963fb9a5209d034620599
bridge-groth16-d11,bridge,groth16,11,31,neg_tampered_call,call,G16-d11-p0,0,128,A0,Groth16LegacyVerifierDepth11,,call,call,,,false,false,1,,292,2,1162,,,,,,,,,,,,978167ce868bdde21a4e446ff192d661cfbe5e9a94cf2ab3bb651c1803218a1e
bridge-groth16-d11,bridge,groth16,11,32,neg_tampered,tx,G16-d11-p0,0,128,A0,CredentialManager,3000000,0,0,Invalid proof,Invalid proof,,,1,2910308,292,2,1162,4648,32620,0,25648,2884660,0,,,,,,4600ea442b9dade6481bb2b6be2cf2ffc3335fa332050a02a4626b27822cfb63
bridge-groth16-d11,bridge,groth16,11,33,neg_cross_depth_setup,tx,G16-d15-p0,0,2048,A0,CredentialManager,300000,1,1,,,,,1,51338,36,0,144,576,22440,0,21576,29762,0,,,,,,f2931f0aaf26f5d51c33dadce13833370940a08948160921859c7fe776ca5aa8
bridge-groth16-d11,bridge,groth16,11,34,neg_cross_depth_call,call,G16-d15-p0,0,2048,A0,Groth16LegacyVerifierDepth11,,call,call,,,false,false,1,,292,0,1168,,,,,,,,,,,,c1fa14b5797405497200d6957b5158faa30002873d39b43b4fd1ea982ca39ae2
bridge-groth16-d11,bridge,groth16,11,35,neg_cross_depth,tx,G16-d15-p0,0,2048,A0,CredentialManager,3000000,0,0,Invalid proof,Invalid proof,,,1,238106,292,0,1168,4672,32680,0,25672,212434,0,,,,,,1ce3baf053b44ac9c96d03a3ffb948677aa627e3073963fb9a5209d034620599
bridge-groth16-d11,bridge,groth16,11,36,neg_non_issuer,tx,G16-d11-p0,0,128,A1,CredentialManager,300000,0,0,CredentialManager: not issuer,CredentialManager: not issuer,,,1,24630,36,1,141,564,22410,0,21564,3066,0,,,,,,d02fee54c295d1b5cc2948d9c79837ece40c0013835e3b9bb349e94ae744e758
